Game;SceneID;FromEntranceID;From;ToEntranceID;To;ElapsedSec
1;0x12;0x0;Mayor's Office - East Clock Town;0xd270;Mayor's Office -> East Clock Town;2.86258
1;0xd;0x0e20;Curiosity Shop - Telescope;0x0e20;Telescope -> Curiosity Shop;-1
1;0xd;0x0e20;Curiosity Shop - Telescope;0x0e30;Telescope -> Curiosity Shop;3.87
1;0xd;0x0e20;Curiosity Shop - Telescope;0xd440;Curiosity Shop -> West Clock Town;-1
1;0xd;0x0e20;Curiosity Shop - Telescope;0xda10;Kafei Hideout -> Laundry Pool;-1
1;0xd;0x0e30;Kafei Hideout - Telescope;0x0e20;Telescope -> Curiosity Shop;2.99
1;0xd;0x0e30;Kafei Hideout - Telescope;0xd440;Curiosity Shop -> West Clock Town;-1
1;0xd;0x0e30;Kafei Hideout - Telescope;0xda10;Kafei Hideout -> Laundry Pool;6.53
1;0x85;0x10000;Pillar Grotto - Termina Field;0x10100;Pillar Grotto -> Termina Field;2.60097
1;0x83;0x10001;Tall Grass Grotto - Termina Field;0x10101;Tall Grass Grotto -> Termina Field;2.61364
1;0x90;0x10002;Open Grotto - Road to Southern Swamp;0x10102;Open Grotto -> Road to Southern Swamp;2.55319
1;0x92;0x10003;Open Grotto - Woods of Mystery;0x10103;Open Grotto -> Woods of Mystery;2.60436
1;0x91;0x10004;Open Grotto - Southern Swamp;0x10104;Open Grotto -> Southern Swamp;2.60185
1;0x8f;0x10005;Tunnel Open Grotto - Mountain Village Spring;0x10105;Tunnel Open Grotto -> Mountain Village Spring;2.44727
1;0x8d;0x10006;Ramp Grotto - Twin Islands;0x10106;Ramp Grotto -> Twin Islands;2.60269
1;0x8e;0x10007;Tree Grotto - Path To Snowhead;0x10107;Tree Grotto -> Path To Snowhead;4.08177
1;0x86;0x10008;Open Grotto - Great Bay Coast;0x10108;Open Grotto -> Great Bay Coast;2.57573
1;0x88;0x10009;Boulder Grotto - Zora Cape;0x10109;Boulder Grotto -> Zora Cape;2.61616
1;0x8b;0x1000a;Red Boulder Grotto - Road to Ikana;0x1010a;Red Boulder Grotto -> Road to Ikana;2.65237
1;0x89;0x1000b;Bomb Grotto - Ikana Graveyard;0x1010b;Bomb Grotto -> Ikana Graveyard;2.6014
1;0x8a;0x1000c;Open Grotto - Ikana Canyon;0x1010c;Open Grotto -> Ikana Canyon;2.60239
1;0x84;0x1000d;Cow Grotto - Termina Field;0x1010d;Cow Grotto -> Termina Field;6.76108
1;0x87;0x1000e;Cow Grotto - Great Bay Coast;0x1010e;Cow Grotto -> Great Bay Coast;3.13105
1;0x2d;0x10100;Termina Field - Pillar Grotto;0x10000;Termina Field -> Pillar Grotto;3.61126
1;0x2d;0x10100;Termina Field - Pillar Grotto;0x10001;Termina Field -> Tall Grass Grotto;19.5923
1;0x2d;0x10100;Termina Field - Pillar Grotto;0x1000d;Termina Field -> Cow Grotto;27.8173
1;0x2d;0x10100;Termina Field - Pillar Grotto;0x1400;Termina Field -> Ocean Gossip Grotto;44.0778
1;0x2d;0x10100;Termina Field - Pillar Grotto;0x1410;Termina Field -> Swamp Gossip Grotto;29.8868
1;0x2d;0x10100;Termina Field - Pillar Grotto;0x1420;Termina Field -> Canyon Gossip Grotto;14.3191
1;0x2d;0x10100;Termina Field - Pillar Grotto;0x1430;Termina Field -> Mountain Gossip Grotto;21.2395
1;0x2d;0x10100;Termina Field - Pillar Grotto;0x1470;Termina Field -> Dodongo Grotto;33.6268
1;0x2d;0x10100;Termina Field - Pillar Grotto;0x1490;Termina Field -> Scrub Grotto;15.4759
1;0x2d;0x10100;Termina Field - Pillar Grotto;0x14b0;Termina Field -> Bio Baba Grotto;46.0488
1;0x2d;0x10100;Termina Field - Pillar Grotto;0x14d0;Termina Field -> Peahat Grotto;28.9769
1;0x2d;0x10100;Termina Field - Pillar Grotto;0x3200;Termina Field -> Path to Mountain Village;41.7024
1;0x2d;0x10100;Termina Field - Pillar Grotto;0x3e00;Termina Field -> Milk Road;36.8422
1;0x2d;0x10100;Termina Field - Pillar Grotto;0x4c10;Termina Field -> Astral Observatory;30.2518
1;0x2d;0x10100;Termina Field - Pillar Grotto;0x4c20;Telescope -> Astral Observatory;-1
1;0x2d;0x10100;Termina Field - Pillar Grotto;0x6800;Termina Field -> Great Bay Coast;50.7879
1;0x2d;0x10100;Termina Field - Pillar Grotto;0x7a00;Termina Field -> Road to Southern Swamp;30.9846
1;0x2d;0x10100;Termina Field - Pillar Grotto;0xa000;Termina Field -> Road to Ikana;13.3866
1;0x2d;0x10100;Termina Field - Pillar Grotto;0xd200;Termina Field -> East Clock Town;7.79704
1;0x2d;0x10100;Termina Field - Pillar Grotto;0xd400;Termina Field -> West Clock Town;35.0775
1;0x2d;0x10100;Termina Field - Pillar Grotto;0xd600;Termina Field -> North Clock Town;21.8259
1;0x2d;0x10100;Termina Field - Pillar Grotto;0xd810;Termina Field -> South Clock Town;18.9326
1;0x2d;0x10101;Termina Field - Tall Grass Grotto;0x10000;Termina Field -> Pillar Grotto;18.5795
1;0x2d;0x10101;Termina Field - Tall Grass Grotto;0x10001;Termina Field -> Tall Grass Grotto;5.3694
1;0x2d;0x10101;Termina Field - Tall Grass Grotto;0x1000d;Termina Field -> Cow Grotto;11.7421
1;0x2d;0x10101;Termina Field - Tall Grass Grotto;0x1400;Termina Field -> Ocean Gossip Grotto;37.474
1;0x2d;0x10101;Termina Field - Tall Grass Grotto;0x1410;Termina Field -> Swamp Gossip Grotto;21.4077
1;0x2d;0x10101;Termina Field - Tall Grass Grotto;0x1420;Termina Field -> Canyon Gossip Grotto;17.6276
1;0x2d;0x10101;Termina Field - Tall Grass Grotto;0x1430;Termina Field -> Mountain Gossip Grotto;37.3421
1;0x2d;0x10101;Termina Field - Tall Grass Grotto;0x1470;Termina Field -> Dodongo Grotto;47.9764
1;0x2d;0x10101;Termina Field - Tall Grass Grotto;0x1490;Termina Field -> Scrub Grotto;12.3396
1;0x2d;0x10101;Termina Field - Tall Grass Grotto;0x14b0;Termina Field -> Bio Baba Grotto;39.8489
1;0x2d;0x10101;Termina Field - Tall Grass Grotto;0x14d0;Termina Field -> Peahat Grotto;18.8481
1;0x2d;0x10101;Termina Field - Tall Grass Grotto;0x3200;Termina Field -> Path to Mountain Village;45.3791
1;0x2d;0x10101;Termina Field - Tall Grass Grotto;0x3e00;Termina Field -> Milk Road;28.942
1;0x2d;0x10101;Termina Field - Tall Grass Grotto;0x4c10;Termina Field -> Astral Observatory;27.0241
1;0x2d;0x10101;Termina Field - Tall Grass Grotto;0x4c20;Telescope -> Astral Observatory;-1
1;0x2d;0x10101;Termina Field - Tall Grass Grotto;0x6800;Termina Field -> Great Bay Coast;48.0301
1;0x2d;0x10101;Termina Field - Tall Grass Grotto;0x7a00;Termina Field -> Road to Southern Swamp;18.5674
1;0x2d;0x10101;Termina Field - Tall Grass Grotto;0x7a00;Termina Field -> Road to Southern Swamp;13.2053
1;0x2d;0x10101;Termina Field - Tall Grass Grotto;0xa000;Termina Field -> Road to Ikana;20.1558
1;0x2d;0x10101;Termina Field - Tall Grass Grotto;0xd200;Termina Field -> East Clock Town;13.758
1;0x2d;0x10101;Termina Field - Tall Grass Grotto;0xd400;Termina Field -> West Clock Town;30.305
1;0x2d;0x10101;Termina Field - Tall Grass Grotto;0xd600;Termina Field -> North Clock Town;40.334
1;0x2d;0x10101;Termina Field - Tall Grass Grotto;0xd810;Termina Field -> South Clock Town;13.1403
1;0x40;0x10102;Road to Southern Swamp - Open Grotto;0x10002;Road to Southern Swamp -> Open Grotto;3.2811
1;0x40;0x10102;Road to Southern Swamp - Open Grotto;0x4200;Road to Southern Swamp -> Swamp Archery;16.1754
1;0x40;0x10102;Road to Southern Swamp - Open Grotto;0x5410;Road to Southern Swamp -> Termina Field;12.1441
1;0x40;0x10102;Road to Southern Swamp - Open Grotto;0x8400;Road to Southern Swamp -> Southern Swamp;9.90702
1;0x64;0x10103;Woods of Mystery - Open Grotto;0x10003;Woods of Mystery -> Open Grotto;3.24633
1;0x64;0x10103;Woods of Mystery - Open Grotto;0x8470;Mystery Woods -> Southern Swamp;6.61322
1;0x45;0x10104;Southern Swamp - Open Grotto;0x10004;Southern Swamp -> Open Grotto;3.45193
1;0x45;0x10104;Southern Swamp - Open Grotto;0x400;Southern Swamp -> Potion Shop;47.3728
1;0x45;0x10104;Southern Swamp - Open Grotto;0x4800;Southern Swamp -> Swamp Spider House;9.97575
1;0x45;0x10104;Southern Swamp - Open Grotto;0x5000;Southern Swamp -> Deku Palace;19.415
1;0x45;0x10104;Southern Swamp - Open Grotto;0x5050;Ledge -> Deku Palace;-1
1;0x45;0x10104;Southern Swamp - Open Grotto;0x7a10;Southern Swamp -> Road to Southern Swamp;24.5086
1;0x45;0x10104;Southern Swamp - Open Grotto;0x8600;Southern Swamp -> Woodfall;33.104
1;0x45;0x10104;Southern Swamp - Open Grotto;0xa800;Southern Swamp -> Tourist Information;24.5115
1;0x45;0x10104;Southern Swamp - Open Grotto;0xa810;Koume's Ride -> Tourist Information;-1
1;0x45;0x10104;Southern Swamp - Open Grotto;0xc200;Southern Swamp -> Woods of Mystery;46.5467
1;0x96;0x10105;Mountain Village Spring - Tunnel Open Grotto;0x10005;Mountain Village Spring -> Tunnel Open Grotto;3.29751
1;0x96;0x10105;Mountain Village Spring - Tunnel Open Grotto;0x3210;Mountain Village -> Path to Mountain Village;15.2624
1;0x96;0x10105;Mountain Village Spring - Tunnel Open Grotto;0x5200;Mountain Village -> Blacksmith;17.8672
1;0x96;0x10105;Mountain Village Spring - Tunnel Open Grotto;0x9600;Mountain Village -> Goron Graveyard;9.77878
1;0x96;0x10105;Mountain Village Spring - Tunnel Open Grotto;0x9a80;Warp Owl -> Mountain Village - Owl Statue;37.4513
1;0x96;0x10105;Mountain Village Spring - Tunnel Open Grotto;0xb000;Mountain Village -> Path to Snowhead;16.8979
1;0x96;0x10105;Mountain Village Spring - Tunnel Open Grotto;0xb400;Mountain Village -> Twin Islands;15.3888
1;0x97;0x10106;Twin Islands - Ramp Grotto;0x10006;Twin Islands -> Ramp Grotto;4.8763
1;0x97;0x10106;Twin Islands - Ramp Grotto;0x1450;Twin Islands -> Hot Water Grotto;15.729
1;0x97;0x10106;Twin Islands - Ramp Grotto;0x9400;Twin Islands -> Goron Village;19.0927
1;0x97;0x10106;Twin Islands - Ramp Grotto;0x9a20;Twin Islands -> Mountain Village;9.22938
1;0x97;0x10106;Twin Islands - Ramp Grotto;0xd000;Twin Islands -> Goron Racetrack;9.75411
1;0x5b;0x10107;Path To Snowhead - Tree Grotto;0x10007;Path To Snowhead -> Tree Grotto;4.81392
1;0x5b;0x10107;Path To Snowhead - Tree Grotto;0x9a40;Path to Snowhead -> Mountain Village;16.8127
1;0x5b;0x10107;Path To Snowhead - Tree Grotto;0xb200;Path to Snowhead -> Snowhead;8.06861
1;0x37;0x10108;Great Bay Coast - Open Grotto;0x10008;Great Bay Coast -> Open Grotto;3.48274
1;0x37;0x10108;Great Bay Coast - Open Grotto;0x1000e;Great Bay Coast -> Cow Grotto;52.4483
1;0x37;0x10108;Great Bay Coast - Open Grotto;0x4400;Great Bay Coast -> Pinnacle Rock;37.9227
1;0x37;0x10108;Great Bay Coast - Open Grotto;0x4a00;Great Bay Coast -> Ocean Spider House;6.99165
1;0x37;0x10108;Great Bay Coast - Open Grotto;0x5420;Great Bay Coast -> Termina Field;25.8536
1;0x37;0x10108;Great Bay Coast - Open Grotto;0x5800;Great Bay Coast -> Laboratory;32.1041
1;0x37;0x10108;Great Bay Coast - Open Grotto;0x6820;Beach -> Great Bay Coast - Beach;30.4546
1;0x37;0x10108;Great Bay Coast - Open Grotto;0x6860;Ledge -> Great Bay Coast - Ledge;40.2034
1;0x37;0x10108;Great Bay Coast - Open Grotto;0x68a00;Great Bay Coast -> Mikau's Cutscene;11.794
1;0x37;0x10108;Great Bay Coast - Open Grotto;0x6a00;Great Bay Coast -> Zora Cape;15.794
1;0x37;0x10108;Great Bay Coast - Open Grotto;0x6a00;Great Bay Coast -> Zora Cape;20.2619
1;0x37;0x10108;Great Bay Coast - Open Grotto;0x7000;Great Bay Coast -> Pirate Fortress Entrance;46.4794
1;0x37;0x10108;Great Bay Coast - Open Grotto;0x7200;Great Bay Coast -> Fisher Hut;5.88809
1;0x38;0x10109;Zora Cape - Boulder Grotto;0x10009;Zora Cape -> Boulder Grotto;3.37231
1;0x38;0x10109;Zora Cape - Boulder Grotto;0x4630;Zora Cape -> Ocean Fairy Fountain;33.8542
1;0x38;0x10109;Zora Cape - Boulder Grotto;0x6000;Zora Cape Front -> Zora's Theater Front;18.798
1;0x38;0x10109;Zora Cape - Boulder Grotto;0x6010;Zora Cape Peninsula -> Zora's Theater Back;34.285
1;0x38;0x10109;Zora Cape - Boulder Grotto;0x6810;Zora Cape -> Great Bay Coast;16.0086
1;0x38;0x10109;Zora Cape - Boulder Grotto;0x6a30;Beach -> Zora Cape - Beach;15.6086
1;0x38;0x10109;Zora Cape - Boulder Grotto;0x8c00;Zora Cape -> Great Bay Temple;40.8351
1;0x38;0x10109;Zora Cape - Boulder Grotto;0x8e00;Zora Cape -> Waterfall Rapids;61.8781
1;0x53;0x1010a;Road to Ikana - Red Boulder Grotto;0x1000a;Road to Ikana -> Red Boulder Grotto;6.63451
1;0x53;0x1010a;Road to Ikana - Red Boulder Grotto;0x2000;Road to Ikana -> Ikana Canyon;32.3413
1;0x53;0x1010a;Road to Ikana - Red Boulder Grotto;0x5440;Road to Ikana -> Termina Field;16.1686
1;0x53;0x1010a;Road to Ikana - Red Boulder Grotto;0x8000;Road to Ikana -> Ikana Graveyard;22.2429
1;0x43;0x1010b;Ikana Graveyard - Bomb Grotto;0x1000b;Ikana Graveyard -> Bomb Grotto;7.08279
1;0x43;0x1010b;Ikana Graveyard - Bomb Grotto;0x8010;Ikana Grave 3 -> Ikana Graveyard -> Ikana Grave 3;11.0555
1;0x43;0x1010b;Ikana Graveyard - Bomb Grotto;0xa00;Ikana Graveyard -> Ikana Grave 2;12.0619
1;0x43;0x1010b;Ikana Graveyard - Bomb Grotto;0xa020;Ikana Graveyard -> Road to Ikana;15.1181
1;0x43;0x1010b;Ikana Graveyard - Bomb Grotto;0xa10;Ikana Graveyard -> Ikana Grave 1;12.8195
1;0x13;0x1010c;Ikana Canyon - Open Grotto;0x1000c;Ikana Canyon -> Open Grotto;3.94145
1;0x13;0x1010c;Ikana Canyon - Open Grotto;0x20e0;Ikana Canyon -> Spring Water Cave;61.6011
1;0x13;0x1010c;Ikana Canyon - Open Grotto;0x3410;Ikana Canyon -> Ikana Castle Exterior;55.0609
1;0x13;0x1010c;Ikana Canyon - Open Grotto;0x4640;Ikana Canyon -> Ikana Fairy Fountain;58.0789
1;0x13;0x1010c;Ikana Canyon - Open Grotto;0x8490;Waterfalls -> Southern Swamp - Waterfalls;25.4828
1;0x13;0x1010c;Ikana Canyon - Open Grotto;0x9000;Ikana Canyon -> Beneath the Well;59.8005
1;0x13;0x1010c;Ikana Canyon - Open Grotto;0x9800;Ikana Canyon -> Sakon Hideout;36.0567
1;0x13;0x1010c;Ikana Canyon - Open Grotto;0x9c00;Ikana Canyon -> Ghost Hut;60.5785
1;0x13;0x1010c;Ikana Canyon - Open Grotto;0xa010;Ikana Canyon -> Road to Ikana;22.3788
1;0x13;0x1010c;Ikana Canyon - Open Grotto;0xa400;Ikana Canyon -> Music Box House;47.1242
1;0x13;0x1010c;Ikana Canyon - Open Grotto;0xaa00;Ikana Canyon -> Stone Tower;64.4739
1;0x13;0x1010c;Ikana Canyon - Open Grotto;0xba00;Ikana Canyon -> Shrine;6.75345
1;0x2d;0x1010d;Termina Field - Cow Grotto;0x10000;Termina Field -> Pillar Grotto;29.5795
1;0x2d;0x1010d;Termina Field - Cow Grotto;0x10001;Termina Field -> Tall Grass Grotto;11.3427
1;0x2d;0x1010d;Termina Field - Cow Grotto;0x1000d;Termina Field -> Cow Grotto;7.74781
1;0x2d;0x1010d;Termina Field - Cow Grotto;0x1400;Termina Field -> Ocean Gossip Grotto;27.474
1;0x2d;0x1010d;Termina Field - Cow Grotto;0x1410;Termina Field -> Swamp Gossip Grotto;10.0959
1;0x2d;0x1010d;Termina Field - Cow Grotto;0x1420;Termina Field -> Canyon Gossip Grotto;28.6276
1;0x2d;0x1010d;Termina Field - Cow Grotto;0x1430;Termina Field -> Mountain Gossip Grotto;39.3421
1;0x2d;0x1010d;Termina Field - Cow Grotto;0x1470;Termina Field -> Dodongo Grotto;36.9764
1;0x2d;0x1010d;Termina Field - Cow Grotto;0x1490;Termina Field -> Scrub Grotto;23.3396
1;0x2d;0x1010d;Termina Field - Cow Grotto;0x14b0;Termina Field -> Bio Baba Grotto;28.8489
1;0x2d;0x1010d;Termina Field - Cow Grotto;0x14d0;Termina Field -> Peahat Grotto;12.4796
1;0x2d;0x1010d;Termina Field - Cow Grotto;0x3200;Termina Field -> Path to Mountain Village;52.3791
1;0x2d;0x1010d;Termina Field - Cow Grotto;0x3e00;Termina Field -> Milk Road;17.942
1;0x2d;0x1010d;Termina Field - Cow Grotto;0x3e40;Warp Owl -> Milk Road - Owl Statue;22.2581
1;0x2d;0x1010d;Termina Field - Cow Grotto;0x4c10;Termina Field -> Astral Observatory;38.0241
1;0x2d;0x1010d;Termina Field - Cow Grotto;0x4c20;Telescope -> Astral Observatory;-1
1;0x2d;0x1010d;Termina Field - Cow Grotto;0x6800;Termina Field -> Great Bay Coast;37.0301
1;0x2d;0x1010d;Termina Field - Cow Grotto;0x7a00;Termina Field -> Road to Southern Swamp;10.5674
1;0x2d;0x1010d;Termina Field - Cow Grotto;0xa000;Termina Field -> Road to Ikana;31.1558
1;0x2d;0x1010d;Termina Field - Cow Grotto;0xd200;Termina Field -> East Clock Town;24.758
1;0x2d;0x1010d;Termina Field - Cow Grotto;0xd400;Termina Field -> West Clock Town;23.305
1;0x2d;0x1010d;Termina Field - Cow Grotto;0xd600;Termina Field -> North Clock Town;37.334
1;0x2d;0x1010d;Termina Field - Cow Grotto;0xd810;Termina Field -> South Clock Town;14.1403
1;0x37;0x1010e;Great Bay Coast - Cow Grotto;0x10008;Great Bay Coast -> Open Grotto;48.3323
1;0x37;0x1010e;Great Bay Coast - Cow Grotto;0x1000e;Great Bay Coast -> Cow Grotto;3.53136
1;0x37;0x1010e;Great Bay Coast - Cow Grotto;0x4400;Great Bay Coast -> Pinnacle Rock;33.1481
1;0x37;0x1010e;Great Bay Coast - Cow Grotto;0x4a00;Great Bay Coast -> Ocean Spider House;46.6254
1;0x37;0x1010e;Great Bay Coast - Cow Grotto;0x5420;Great Bay Coast -> Termina Field;59.1607
1;0x37;0x1010e;Great Bay Coast - Cow Grotto;0x5800;Great Bay Coast -> Laboratory;40.27
1;0x37;0x1010e;Great Bay Coast - Cow Grotto;0x6820;Beach -> Great Bay Coast - Beach;31.4421
1;0x37;0x1010e;Great Bay Coast - Cow Grotto;0x6860;Ledge -> Great Bay Coast - Ledge;32.417
1;0x37;0x1010e;Great Bay Coast - Cow Grotto;0x68a00;Great Bay Coast -> Mikau's Cutscene;41.5347
1;0x37;0x1010e;Great Bay Coast - Cow Grotto;0x6a00;Great Bay Coast -> Zora Cape;46.5347
1;0x37;0x1010e;Great Bay Coast - Cow Grotto;0x7000;Great Bay Coast -> Pirate Fortress Entrance;18.6623
1;0x37;0x1010e;Great Bay Coast - Cow Grotto;0x7200;Great Bay Coast -> Fisher Hut;47.5426
1;0x2d;0x1010f;Termina Field - Mountain Gossip Grotto;0x10000;Termina Field -> Pillar Grotto;25.0996
1;0x2d;0x1010f;Termina Field - Mountain Gossip Grotto;0x10001;Termina Field -> Tall Grass Grotto;38.6202
1;0x2d;0x1010f;Termina Field - Mountain Gossip Grotto;0x1000d;Termina Field -> Cow Grotto;40.9138
1;0x2d;0x1010f;Termina Field - Mountain Gossip Grotto;0x1400;Termina Field -> Ocean Gossip Grotto;17.1066
1;0x2d;0x1010f;Termina Field - Mountain Gossip Grotto;0x1410;Termina Field -> Swamp Gossip Grotto;30.046
1;0x2d;0x1010f;Termina Field - Mountain Gossip Grotto;0x1420;Termina Field -> Canyon Gossip Grotto;28.0063
1;0x2d;0x1010f;Termina Field - Mountain Gossip Grotto;0x1430;Termina Field -> Mountain Gossip Grotto;3.64638
1;0x2d;0x1010f;Termina Field - Mountain Gossip Grotto;0x1470;Termina Field -> Dodongo Grotto;15.0049
1;0x2d;0x1010f;Termina Field - Mountain Gossip Grotto;0x1490;Termina Field -> Scrub Grotto;28.5645
1;0x2d;0x1010f;Termina Field - Mountain Gossip Grotto;0x14b0;Termina Field -> Bio Baba Grotto;30.8551
1;0x2d;0x1010f;Termina Field - Mountain Gossip Grotto;0x14d0;Termina Field -> Peahat Grotto;34.8493
1;0x2d;0x1010f;Termina Field - Mountain Gossip Grotto;0x3200;Termina Field -> Path to Mountain Village;23.3796
1;0x2d;0x1010f;Termina Field - Mountain Gossip Grotto;0x3e00;Termina Field -> Milk Road;41.0055
1;0x2d;0x1010f;Termina Field - Mountain Gossip Grotto;0x4c10;Termina Field -> Astral Observatory;43.3756
1;0x2d;0x1010f;Termina Field - Mountain Gossip Grotto;0x4c20;Telescope -> Astral Observatory;-1
1;0x2d;0x1010f;Termina Field - Mountain Gossip Grotto;0x6800;Termina Field -> Great Bay Coast;34.089
1;0x2d;0x1010f;Termina Field - Mountain Gossip Grotto;0x7a00;Termina Field -> Road to Southern Swamp;45.3689
1;0x2d;0x1010f;Termina Field - Mountain Gossip Grotto;0xa000;Termina Field -> Road to Ikana;24.2226
1;0x2d;0x1010f;Termina Field - Mountain Gossip Grotto;0xd200;Termina Field -> East Clock Town;18.1201
1;0x2d;0x1010f;Termina Field - Mountain Gossip Grotto;0xd400;Termina Field -> West Clock Town;18.4758
1;0x2d;0x1010f;Termina Field - Mountain Gossip Grotto;0xd600;Termina Field -> North Clock Town;7.36969
1;0x2d;0x1010f;Termina Field - Mountain Gossip Grotto;0xd810;Termina Field -> South Clock Town;32.8268
1;0x2d;0x10110;Termina Field - Canyon Gossip Grotto;0x10000;Termina Field -> Pillar Grotto;19.8872
1;0x2d;0x10110;Termina Field - Canyon Gossip Grotto;0x10001;Termina Field -> Tall Grass Grotto;21.091
1;0x2d;0x10110;Termina Field - Canyon Gossip Grotto;0x1000d;Termina Field -> Cow Grotto;29.5861
1;0x2d;0x10110;Termina Field - Canyon Gossip Grotto;0x1400;Termina Field -> Ocean Gossip Grotto;39.715
1;0x2d;0x10110;Termina Field - Canyon Gossip Grotto;0x1410;Termina Field -> Swamp Gossip Grotto;32.1207
1;0x2d;0x10110;Termina Field - Canyon Gossip Grotto;0x1420;Termina Field -> Canyon Gossip Grotto;3.72805
1;0x2d;0x10110;Termina Field - Canyon Gossip Grotto;0x1430;Termina Field -> Mountain Gossip Grotto;27.6871
1;0x2d;0x10110;Termina Field - Canyon Gossip Grotto;0x1470;Termina Field -> Dodongo Grotto;38.6977
1;0x2d;0x10110;Termina Field - Canyon Gossip Grotto;0x1490;Termina Field -> Scrub Grotto;9.17809
1;0x2d;0x10110;Termina Field - Canyon Gossip Grotto;0x14b0;Termina Field -> Bio Baba Grotto;49.1195
1;0x2d;0x10110;Termina Field - Canyon Gossip Grotto;0x14d0;Termina Field -> Peahat Grotto;32.6999
1;0x2d;0x10110;Termina Field - Canyon Gossip Grotto;0x3200;Termina Field -> Path to Mountain Village;48.2177
1;0x2d;0x10110;Termina Field - Canyon Gossip Grotto;0x3e00;Termina Field -> Milk Road;40.0755
1;0x2d;0x10110;Termina Field - Canyon Gossip Grotto;0x4c10;Termina Field -> Astral Observatory;23.2475
1;0x2d;0x10110;Termina Field - Canyon Gossip Grotto;0x4c20;Telescope -> Astral Observatory;-1
1;0x2d;0x10110;Termina Field - Canyon Gossip Grotto;0x6800;Termina Field -> Great Bay Coast;55.3669
1;0x2d;0x10110;Termina Field - Canyon Gossip Grotto;0x7a00;Termina Field -> Road to Southern Swamp;30.4947
1;0x2d;0x10110;Termina Field - Canyon Gossip Grotto;0xa000;Termina Field -> Road to Ikana;10.1482
1;0x2d;0x10110;Termina Field - Canyon Gossip Grotto;0xd200;Termina Field -> East Clock Town;16.9156
1;0x2d;0x10110;Termina Field - Canyon Gossip Grotto;0xd400;Termina Field -> West Clock Town;42.0411
1;0x2d;0x10110;Termina Field - Canyon Gossip Grotto;0xd600;Termina Field -> North Clock Town;28.6547
1;0x2d;0x10110;Termina Field - Canyon Gossip Grotto;0xd810;Termina Field -> South Clock Town;37.5091
1;0x2d;0x10111;Termina Field - Ocean Gossip Grotto;0x10000;Termina Field -> Pillar Grotto;30.6357
1;0x2d;0x10111;Termina Field - Ocean Gossip Grotto;0x10001;Termina Field -> Tall Grass Grotto;34.9299
1;0x2d;0x10111;Termina Field - Ocean Gossip Grotto;0x1000d;Termina Field -> Cow Grotto;38.9231
1;0x2d;0x10111;Termina Field - Ocean Gossip Grotto;0x1400;Termina Field -> Ocean Gossip Grotto;3.68064
1;0x2d;0x10111;Termina Field - Ocean Gossip Grotto;0x1410;Termina Field -> Swamp Gossip Grotto;33.5247
1;0x2d;0x10111;Termina Field - Ocean Gossip Grotto;0x1420;Termina Field -> Canyon Gossip Grotto;33.4452
1;0x2d;0x10111;Termina Field - Ocean Gossip Grotto;0x1430;Termina Field -> Mountain Gossip Grotto;10.9969
1;0x2d;0x10111;Termina Field - Ocean Gossip Grotto;0x1470;Termina Field -> Dodongo Grotto;14.7371
1;0x2d;0x10111;Termina Field - Ocean Gossip Grotto;0x1490;Termina Field -> Scrub Grotto;30.9276
1;0x2d;0x10111;Termina Field - Ocean Gossip Grotto;0x14b0;Termina Field -> Bio Baba Grotto;18.0702
1;0x2d;0x10111;Termina Field - Ocean Gossip Grotto;0x14d0;Termina Field -> Peahat Grotto;29.937
1;0x2d;0x10111;Termina Field - Ocean Gossip Grotto;0x3200;Termina Field -> Path to Mountain Village;26.5648
1;0x2d;0x10111;Termina Field - Ocean Gossip Grotto;0x3e00;Termina Field -> Milk Road;34.4132
1;0x2d;0x10111;Termina Field - Ocean Gossip Grotto;0x4c10;Termina Field -> Astral Observatory;48.1819
1;0x2d;0x10111;Termina Field - Ocean Gossip Grotto;0x4c20;Telescope -> Astral Observatory;-1
1;0x2d;0x10111;Termina Field - Ocean Gossip Grotto;0x6800;Termina Field -> Great Bay Coast;26.0541
1;0x2d;0x10111;Termina Field - Ocean Gossip Grotto;0x7a00;Termina Field -> Road to Southern Swamp;39.0171
1;0x2d;0x10111;Termina Field - Ocean Gossip Grotto;0xa000;Termina Field -> Road to Ikana;33.197
1;0x2d;0x10111;Termina Field - Ocean Gossip Grotto;0xd200;Termina Field -> East Clock Town;22.846
1;0x2d;0x10111;Termina Field - Ocean Gossip Grotto;0xd400;Termina Field -> West Clock Town;8.93782
1;0x2d;0x10111;Termina Field - Ocean Gossip Grotto;0xd600;Termina Field -> North Clock Town;14.6297
1;0x2d;0x10111;Termina Field - Ocean Gossip Grotto;0xd810;Termina Field -> South Clock Town;26.1339
1;0x2d;0x10112;Termina Field - Swamp Gossip Grotto;0x10000;Termina Field -> Pillar Grotto;39.5795
1;0x2d;0x10112;Termina Field - Swamp Gossip Grotto;0x10001;Termina Field -> Tall Grass Grotto;21.3427
1;0x2d;0x10112;Termina Field - Swamp Gossip Grotto;0x1000d;Termina Field -> Cow Grotto;10.7626
1;0x2d;0x10112;Termina Field - Swamp Gossip Grotto;0x1400;Termina Field -> Ocean Gossip Grotto;37.474
1;0x2d;0x10112;Termina Field - Swamp Gossip Grotto;0x1410;Termina Field -> Swamp Gossip Grotto;3.65551
1;0x2d;0x10112;Termina Field - Swamp Gossip Grotto;0x1420;Termina Field -> Canyon Gossip Grotto;38.6276
1;0x2d;0x10112;Termina Field - Swamp Gossip Grotto;0x1430;Termina Field -> Mountain Gossip Grotto;49.3421
1;0x2d;0x10112;Termina Field - Swamp Gossip Grotto;0x1470;Termina Field -> Dodongo Grotto;46.9764
1;0x2d;0x10112;Termina Field - Swamp Gossip Grotto;0x1490;Termina Field -> Scrub Grotto;33.3396
1;0x2d;0x10112;Termina Field - Swamp Gossip Grotto;0x14b0;Termina Field -> Bio Baba Grotto;38.8489
1;0x2d;0x10112;Termina Field - Swamp Gossip Grotto;0x14d0;Termina Field -> Peahat Grotto;11.6341
1;0x2d;0x10112;Termina Field - Swamp Gossip Grotto;0x3200;Termina Field -> Path to Mountain Village;62.3791
1;0x2d;0x10112;Termina Field - Swamp Gossip Grotto;0x3e00;Termina Field -> Milk Road;10.942
1;0x2d;0x10112;Termina Field - Swamp Gossip Grotto;0x4c10;Termina Field -> Astral Observatory;48.0241
1;0x2d;0x10112;Termina Field - Swamp Gossip Grotto;0x4c20;Telescope -> Astral Observatory;-1
1;0x2d;0x10112;Termina Field - Swamp Gossip Grotto;0x6800;Termina Field -> Great Bay Coast;47.0301
1;0x2d;0x10112;Termina Field - Swamp Gossip Grotto;0x7a00;Termina Field -> Road to Southern Swamp;10.5674
1;0x2d;0x10112;Termina Field - Swamp Gossip Grotto;0xa000;Termina Field -> Road to Ikana;41.1558
1;0x2d;0x10112;Termina Field - Swamp Gossip Grotto;0xd200;Termina Field -> East Clock Town;34.758
1;0x2d;0x10112;Termina Field - Swamp Gossip Grotto;0xd400;Termina Field -> West Clock Town;33.305
1;0x2d;0x10112;Termina Field - Swamp Gossip Grotto;0xd600;Termina Field -> North Clock Town;47.334
1;0x2d;0x10112;Termina Field - Swamp Gossip Grotto;0xd810;Termina Field -> South Clock Town;24.1403
1;0x2d;0x10113;Termina Field - Dodongo Grotto;0x10000;Termina Field -> Pillar Grotto;35.3219
1;0x2d;0x10113;Termina Field - Dodongo Grotto;0x10001;Termina Field -> Tall Grass Grotto;45.1564
1;0x2d;0x10113;Termina Field - Dodongo Grotto;0x1000d;Termina Field -> Cow Grotto;43.2151
1;0x2d;0x10113;Termina Field - Dodongo Grotto;0x1400;Termina Field -> Ocean Gossip Grotto;23.1381
1;0x2d;0x10113;Termina Field - Dodongo Grotto;0x1410;Termina Field -> Swamp Gossip Grotto;40.4331
1;0x2d;0x10113;Termina Field - Dodongo Grotto;0x1420;Termina Field -> Canyon Gossip Grotto;38.7778
1;0x2d;0x10113;Termina Field - Dodongo Grotto;0x1430;Termina Field -> Mountain Gossip Grotto;14.883
1;0x2d;0x10113;Termina Field - Dodongo Grotto;0x1470;Termina Field -> Dodongo Grotto;3.59375
1;0x2d;0x10113;Termina Field - Dodongo Grotto;0x1490;Termina Field -> Scrub Grotto;39.1589
1;0x2d;0x10113;Termina Field - Dodongo Grotto;0x14b0;Termina Field -> Bio Baba Grotto;22.6569
1;0x2d;0x10113;Termina Field - Dodongo Grotto;0x14d0;Termina Field -> Peahat Grotto;34.2891
1;0x2d;0x10113;Termina Field - Dodongo Grotto;0x3200;Termina Field -> Path to Mountain Village;20.52
1;0x2d;0x10113;Termina Field - Dodongo Grotto;0x3e00;Termina Field -> Milk Road;38.2796
1;0x2d;0x10113;Termina Field - Dodongo Grotto;0x4c10;Termina Field -> Astral Observatory;53.9823
1;0x2d;0x10113;Termina Field - Dodongo Grotto;0x4c20;Telescope -> Astral Observatory;-1
1;0x2d;0x10113;Termina Field - Dodongo Grotto;0x6800;Termina Field -> Great Bay Coast;29.3581
1;0x2d;0x10113;Termina Field - Dodongo Grotto;0x7a00;Termina Field -> Road to Southern Swamp;47.2574
1;0x2d;0x10113;Termina Field - Dodongo Grotto;0xa000;Termina Field -> Road to Ikana;35.005
1;0x2d;0x10113;Termina Field - Dodongo Grotto;0xd200;Termina Field -> East Clock Town;29.0863
1;0x2d;0x10113;Termina Field - Dodongo Grotto;0xd400;Termina Field -> West Clock Town;22.5663
1;0x2d;0x10113;Termina Field - Dodongo Grotto;0xd600;Termina Field -> North Clock Town;15.9087
1;0x2d;0x10113;Termina Field - Dodongo Grotto;0xd810;Termina Field -> South Clock Town;36.89
1;0x2d;0x10114;Termina Field - Scrub Grotto;0x10000;Termina Field -> Pillar Grotto;17.2027
1;0x2d;0x10114;Termina Field - Scrub Grotto;0x10001;Termina Field -> Tall Grass Grotto;11.091
1;0x2d;0x10114;Termina Field - Scrub Grotto;0x1000d;Termina Field -> Cow Grotto;19.5861
1;0x2d;0x10114;Termina Field - Scrub Grotto;0x1400;Termina Field -> Ocean Gossip Grotto;35.147
1;0x2d;0x10114;Termina Field - Scrub Grotto;0x1410;Termina Field -> Swamp Gossip Grotto;22.1207
1;0x2d;0x10114;Termina Field - Scrub Grotto;0x1420;Termina Field -> Canyon Gossip Grotto;5.9773
1;0x2d;0x10114;Termina Field - Scrub Grotto;0x1430;Termina Field -> Mountain Gossip Grotto;22.907
1;0x2d;0x10114;Termina Field - Scrub Grotto;0x1470;Termina Field -> Dodongo Grotto;35.013
1;0x2d;0x10114;Termina Field - Scrub Grotto;0x1490;Termina Field -> Scrub Grotto;4.54074
1;0x2d;0x10114;Termina Field - Scrub Grotto;0x14b0;Termina Field -> Bio Baba Grotto;39.8411
1;0x2d;0x10114;Termina Field - Scrub Grotto;0x14d0;Termina Field -> Peahat Grotto;22.6999
1;0x2d;0x10114;Termina Field - Scrub Grotto;0x3200;Termina Field -> Path to Mountain Village;44.9666
1;0x2d;0x10114;Termina Field - Scrub Grotto;0x3e00;Termina Field -> Milk Road;30.0755
1;0x2d;0x10114;Termina Field - Scrub Grotto;0x4c10;Termina Field -> Astral Observatory;20.0638
1;0x2d;0x10114;Termina Field - Scrub Grotto;0x4c20;Telescope -> Astral Observatory;-1
1;0x2d;0x10114;Termina Field - Scrub Grotto;0x6800;Termina Field -> Great Bay Coast;45.1023
1;0x2d;0x10114;Termina Field - Scrub Grotto;0x7a00;Termina Field -> Road to Southern Swamp;20.4947
1;0x2d;0x10114;Termina Field - Scrub Grotto;0xa000;Termina Field -> Road to Ikana;10.99
1;0x2d;0x10114;Termina Field - Scrub Grotto;0xd200;Termina Field -> East Clock Town;11.9366
1;0x2d;0x10114;Termina Field - Scrub Grotto;0xd400;Termina Field -> West Clock Town;28.9234
1;0x2d;0x10114;Termina Field - Scrub Grotto;0xd600;Termina Field -> North Clock Town;24.8032
1;0x2d;0x10114;Termina Field - Scrub Grotto;0xd810;Termina Field -> South Clock Town;17.5091
1;0x2d;0x10115;Termina Field - Peahat Grotto;0x10000;Termina Field -> Pillar Grotto;34.5795
1;0x2d;0x10115;Termina Field - Peahat Grotto;0x10001;Termina Field -> Tall Grass Grotto;17.5248
1;0x2d;0x10115;Termina Field - Peahat Grotto;0x1000d;Termina Field -> Cow Grotto;13.8755
1;0x2d;0x10115;Termina Field - Peahat Grotto;0x1400;Termina Field -> Ocean Gossip Grotto;28.474
1;0x2d;0x10115;Termina Field - Peahat Grotto;0x1410;Termina Field -> Swamp Gossip Grotto;9.47403
1;0x2d;0x10115;Termina Field - Peahat Grotto;0x1420;Termina Field -> Canyon Gossip Grotto;33.6276
1;0x2d;0x10115;Termina Field - Peahat Grotto;0x1430;Termina Field -> Mountain Gossip Grotto;40.3421
1;0x2d;0x10115;Termina Field - Peahat Grotto;0x1470;Termina Field -> Dodongo Grotto;37.9764
1;0x2d;0x10115;Termina Field - Peahat Grotto;0x1490;Termina Field -> Scrub Grotto;28.3396
1;0x2d;0x10115;Termina Field - Peahat Grotto;0x14b0;Termina Field -> Bio Baba Grotto;23.8489
1;0x2d;0x10115;Termina Field - Peahat Grotto;0x14d0;Termina Field -> Peahat Grotto;4.69596
1;0x2d;0x10115;Termina Field - Peahat Grotto;0x3200;Termina Field -> Path to Mountain Village;53.3791
1;0x2d;0x10115;Termina Field - Peahat Grotto;0x3e00;Termina Field -> Milk Road;11.432
1;0x2d;0x10115;Termina Field - Peahat Grotto;0x4c10;Termina Field -> Astral Observatory;43.0241
1;0x2d;0x10115;Termina Field - Peahat Grotto;0x4c20;Telescope -> Astral Observatory;-1
1;0x2d;0x10115;Termina Field - Peahat Grotto;0x6800;Termina Field -> Great Bay Coast;32.0301
1;0x2d;0x10115;Termina Field - Peahat Grotto;0x7a00;Termina Field -> Road to Southern Swamp;16.5408
1;0x2d;0x10115;Termina Field - Peahat Grotto;0xa000;Termina Field -> Road to Ikana;36.1558
1;0x2d;0x10115;Termina Field - Peahat Grotto;0xd200;Termina Field -> East Clock Town;29.758
1;0x2d;0x10115;Termina Field - Peahat Grotto;0xd400;Termina Field -> West Clock Town;24.305
1;0x2d;0x10115;Termina Field - Peahat Grotto;0xd600;Termina Field -> North Clock Town;38.334
1;0x2d;0x10115;Termina Field - Peahat Grotto;0xd810;Termina Field -> South Clock Town;15.2825
1;0x2d;0x10116;Termina Field - Bio Baba Grotto;0x10000;Termina Field -> Pillar Grotto;48.5128
1;0x2d;0x10116;Termina Field - Bio Baba Grotto;0x10001;Termina Field -> Tall Grass Grotto;35.2956
1;0x2d;0x10116;Termina Field - Bio Baba Grotto;0x1000d;Termina Field -> Cow Grotto;32.7466
1;0x2d;0x10116;Termina Field - Bio Baba Grotto;0x1400;Termina Field -> Ocean Gossip Grotto;20.9423
1;0x2d;0x10116;Termina Field - Bio Baba Grotto;0x1410;Termina Field -> Swamp Gossip Grotto;29.3357
1;0x2d;0x10116;Termina Field - Bio Baba Grotto;0x1420;Termina Field -> Canyon Gossip Grotto;52.3255
1;0x2d;0x10116;Termina Field - Bio Baba Grotto;0x1430;Termina Field -> Mountain Gossip Grotto;30.4886
1;0x2d;0x10116;Termina Field - Bio Baba Grotto;0x1470;Termina Field -> Dodongo Grotto;21.4516
1;0x2d;0x10116;Termina Field - Bio Baba Grotto;0x1490;Termina Field -> Scrub Grotto;47.8611
1;0x2d;0x10116;Termina Field - Bio Baba Grotto;0x14b0;Termina Field -> Bio Baba Grotto;3.67093
1;0x2d;0x10116;Termina Field - Bio Baba Grotto;0x14d0;Termina Field -> Peahat Grotto;23.3045
1;0x2d;0x10116;Termina Field - Bio Baba Grotto;0x3200;Termina Field -> Path to Mountain Village;39.0985
1;0x2d;0x10116;Termina Field - Bio Baba Grotto;0x3e00;Termina Field -> Milk Road;26.9154
1;0x2d;0x10116;Termina Field - Bio Baba Grotto;0x4c10;Termina Field -> Astral Observatory;56.2779
1;0x2d;0x10116;Termina Field - Bio Baba Grotto;0x4c20;Telescope -> Astral Observatory;-1
1;0x2d;0x10116;Termina Field - Bio Baba Grotto;0x6800;Termina Field -> Great Bay Coast;14.7658
1;0x2d;0x10116;Termina Field - Bio Baba Grotto;0x7a00;Termina Field -> Road to Southern Swamp;36.0551
1;0x2d;0x10116;Termina Field - Bio Baba Grotto;0xa000;Termina Field -> Road to Ikana;48.8221
1;0x2d;0x10116;Termina Field - Bio Baba Grotto;0xd200;Termina Field -> East Clock Town;42.324
1;0x2d;0x10116;Termina Field - Bio Baba Grotto;0xd400;Termina Field -> West Clock Town;16.2304
1;0x2d;0x10116;Termina Field - Bio Baba Grotto;0xd600;Termina Field -> North Clock Town;28.4514
1;0x2d;0x10116;Termina Field - Bio Baba Grotto;0xd810;Termina Field -> South Clock Town;30.3238
1;0x97;0x10117;Twin Islands - Hot Water Grotto;0x10006;Twin Islands -> Ramp Grotto;16.6303
1;0x97;0x10117;Twin Islands - Hot Water Grotto;0x1450;Twin Islands -> Hot Water Grotto;3.49004
1;0x97;0x10117;Twin Islands - Hot Water Grotto;0x9400;Twin Islands -> Goron Village;9.89707
1;0x97;0x10117;Twin Islands - Hot Water Grotto;0x9a20;Twin Islands -> Mountain Village;16.7081
1;0x97;0x10117;Twin Islands - Hot Water Grotto;0xd000;Twin Islands -> Goron Racetrack;18.7075
1;0x7c;0x1400;Ocean Gossip Grotto - Termina Field;0x10111;Ocean Gossip Grotto -> Termina Field;2.58279
1;0x7e;0x1410;Swamp Gossip Grotto - Termina Field;0x10112;Swamp Gossip Grotto -> Termina Field;2.59014
1;0x7d;0x1420;Canyon Gossip Grotto - Termina Field;0x10110;Canyon Gossip Grotto -> Termina Field;2.7849
1;0x7f;0x1430;Mountain Gossip Grotto - Termina Field;0x1010f;Mountain Gossip Grotto -> Termina Field;2.61692
1;0x8c;0x1450;Hot Water Grotto - Twin Islands;0x10117;Hot Water Grotto -> Twin Islands;2.67624
1;0x94;0x1460;JP End Line Grotto - Deku Palace - End Line;0x5070;JP Start Line Grotto -> Deku Palace;5.75055
1;0x94;0x1460;JP End Line Grotto - Deku Palace - End Line;0x5080;JP End Line Grotto -> Deku Palace;2.84151
1;0x94;0x1460;JP End Line Grotto - Deku Palace - End Line;0x5080;JP End Line Grotto -> Deku Palace;2.81352
1;0x7b;0x1470;Dodongo Grotto - Termina Field;0x10113;Dodongo Grotto -> Termina Field;2.53597
1;0x95;0x1480;JP Right Climb Grotto - Deku Palace - Right Climb;0x5060;JP Left Climb Grotto -> Deku Palace;40.0197
1;0x95;0x1480;JP Right Climb Grotto - Deku Palace - Right Climb;0x50a0;JP Right Climb Grotto -> Deku Palace;3.5785
1;0x82;0x1490;Scrub Grotto - Termina Field;0x10114;Scrub Grotto -> Termina Field;2.59728
1;0x80;0x14b0;Bio Baba Grotto - Termina Field;0x10116;Bio Baba Grotto -> Termina Field;2.57806
1;0x93;0x14c0;Bean Grotto - Deku Palace;0x5090;Bean Grotto -> Deku Palace;2.67411
1;0x81;0x14d0;Peahat Grotto - Termina Field;0x10115;Peahat Grotto -> Termina Field;2.55453
1;0x94;0x14e0;JP Start Line Grotto - Deku Palace - Start Line;0x5070;JP Start Line Grotto -> Deku Palace;2.52428
1;0x94;0x14e0;JP Start Line Grotto - Deku Palace - Start Line;0x5080;JP End Line Grotto -> Deku Palace;5.57338
1;0x95;0x14f0;JP Left Climb Grotto - Deku Palace - Left Climb;0x5060;JP Left Climb Grotto -> Deku Palace;2.69077
1;0x95;0x14f0;JP Left Climb Grotto - Deku Palace - Left Climb;0x50a0;JP Right Climb Grotto -> Deku Palace;6.21492
1;0x72;0x1500;Lone Peak Shrine - Goron City;0x9430;Lone Peak Shrine -> Goron City;3.23855
1;0x13;0x2000;Ikana Canyon - Road to Ikana;0x1000c;Ikana Canyon -> Open Grotto;21.2996
1;0x13;0x2000;Ikana Canyon - Road to Ikana;0x20e0;Ikana Canyon -> Spring Water Cave;46.1142
1;0x13;0x2000;Ikana Canyon - Road to Ikana;0x3410;Ikana Canyon -> Ikana Castle Exterior;45.5416
1;0x13;0x2000;Ikana Canyon - Road to Ikana;0x4640;Ikana Canyon -> Ikana Fairy Fountain;41.9564
1;0x13;0x2000;Ikana Canyon - Road to Ikana;0x8490;Waterfalls -> Southern Swamp - Waterfalls;21.4583
1;0x13;0x2000;Ikana Canyon - Road to Ikana;0x9000;Ikana Canyon -> Beneath the Well;60.4099
1;0x13;0x2000;Ikana Canyon - Road to Ikana;0x9800;Ikana Canyon -> Sakon Hideout;23.4329
1;0x13;0x2000;Ikana Canyon - Road to Ikana;0x9c00;Ikana Canyon -> Ghost Hut;50.5881
1;0x13;0x2000;Ikana Canyon - Road to Ikana;0xa010;Ikana Canyon -> Road to Ikana;3.50943
1;0x13;0x2000;Ikana Canyon - Road to Ikana;0xa400;Ikana Canyon -> Music Box House;43.8569
1;0x13;0x2000;Ikana Canyon - Road to Ikana;0xaa00;Ikana Canyon -> Stone Tower;49.4266
1;0x13;0x2000;Ikana Canyon - Road to Ikana;0xba00;Ikana Canyon -> Shrine;22.6686
1;0x13;0x2010;Ikana Canyon - Ghost Hut;0x1000c;Ikana Canyon -> Open Grotto;24.0473
1;0x13;0x2010;Ikana Canyon - Ghost Hut;0x20e0;Ikana Canyon -> Spring Water Cave;7.13803
1;0x13;0x2010;Ikana Canyon - Ghost Hut;0x3410;Ikana Canyon -> Ikana Castle Exterior;13.9733
1;0x13;0x2010;Ikana Canyon - Ghost Hut;0x4640;Ikana Canyon -> Ikana Fairy Fountain;10.845
1;0x13;0x2010;Ikana Canyon - Ghost Hut;0x8490;Waterfalls -> Southern Swamp - Waterfalls;32.221
1;0x13;0x2010;Ikana Canyon - Ghost Hut;0x9000;Ikana Canyon -> Beneath the Well;14.5137
1;0x13;0x2010;Ikana Canyon - Ghost Hut;0x9800;Ikana Canyon -> Sakon Hideout;45.1289
1;0x13;0x2010;Ikana Canyon - Ghost Hut;0x9c00;Ikana Canyon -> Ghost Hut;3.1557
1;0x13;0x2010;Ikana Canyon - Ghost Hut;0xa010;Ikana Canyon -> Road to Ikana;28.308
1;0x13;0x2010;Ikana Canyon - Ghost Hut;0xa400;Ikana Canyon -> Music Box House;9.69952
1;0x13;0x2010;Ikana Canyon - Ghost Hut;0xaa00;Ikana Canyon -> Stone Tower;13.6026
1;0x13;0x2010;Ikana Canyon - Ghost Hut;0xba00;Ikana Canyon -> Shrine;27.3145
1;0x13;0x2020;Ikana Canyon - Music Box House;0x1000c;Ikana Canyon -> Open Grotto;26.5807
1;0x13;0x2020;Ikana Canyon - Music Box House;0x20e0;Ikana Canyon -> Spring Water Cave;20.3154
1;0x13;0x2020;Ikana Canyon - Music Box House;0x3410;Ikana Canyon -> Ikana Castle Exterior;9.86733
1;0x13;0x2020;Ikana Canyon - Music Box House;0x4640;Ikana Canyon -> Ikana Fairy Fountain;6.67235
1;0x13;0x2020;Ikana Canyon - Music Box House;0x8490;Waterfalls -> Southern Swamp - Waterfalls;27.7262
1;0x13;0x2020;Ikana Canyon - Music Box House;0x9000;Ikana Canyon -> Beneath the Well;21.9843
1;0x13;0x2020;Ikana Canyon - Music Box House;0x9800;Ikana Canyon -> Sakon Hideout;42.0875
1;0x13;0x2020;Ikana Canyon - Music Box House;0x9c00;Ikana Canyon -> Ghost Hut;16.1152
1;0x13;0x2020;Ikana Canyon - Music Box House;0xa010;Ikana Canyon -> Road to Ikana;25.2478
1;0x13;0x2020;Ikana Canyon - Music Box House;0xa400;Ikana Canyon -> Music Box House;3.00042
1;0x13;0x2020;Ikana Canyon - Music Box House;0xaa00;Ikana Canyon -> Stone Tower;24.9775
1;0x13;0x2020;Ikana Canyon - Music Box House;0xba00;Ikana Canyon -> Shrine;23.836
1;0x13;0x2030;Ikana Canyon - Stone Tower;0x1000c;Ikana Canyon -> Open Grotto;29.2746
1;0x13;0x2030;Ikana Canyon - Stone Tower;0x2040;Warp Owl -> Ikana Canyon - Owl Statue;29.2407
1;0x13;0x2030;Ikana Canyon - Stone Tower;0x20e0;Ikana Canyon -> Spring Water Cave;11.3352
1;0x13;0x2030;Ikana Canyon - Stone Tower;0x3410;Ikana Canyon -> Ikana Castle Exterior;13.965
1;0x13;0x2030;Ikana Canyon - Stone Tower;0x4640;Ikana Canyon -> Ikana Fairy Fountain;10.6782
1;0x13;0x2030;Ikana Canyon - Stone Tower;0x8490;Waterfalls -> Southern Swamp - Waterfalls;30.4949
1;0x13;0x2030;Ikana Canyon - Stone Tower;0x9000;Ikana Canyon -> Beneath the Well;23.6031
1;0x13;0x2030;Ikana Canyon - Stone Tower;0x9800;Ikana Canyon -> Sakon Hideout;49.3994
1;0x13;0x2030;Ikana Canyon - Stone Tower;0x9c00;Ikana Canyon -> Ghost Hut;13.7571
1;0x13;0x2030;Ikana Canyon - Stone Tower;0xa010;Ikana Canyon -> Road to Ikana;32.9925
1;0x13;0x2030;Ikana Canyon - Stone Tower;0xa400;Ikana Canyon -> Music Box House;13.3417
1;0x13;0x2030;Ikana Canyon - Stone Tower;0xaa00;Ikana Canyon -> Stone Tower;3.05465
1;0x13;0x2030;Ikana Canyon - Stone Tower;0xba00;Ikana Canyon -> Shrine;35.8994
1;0x13;0x2040;Ikana Canyon - Owl Statue - Warp Owl;0x1000c;Ikana Canyon -> Open Grotto;13.449
1;0x13;0x2040;Ikana Canyon - Owl Statue - Warp Owl;0x20e0;Ikana Canyon -> Spring Water Cave;18.9157
1;0x13;0x2040;Ikana Canyon - Owl Statue - Warp Owl;0x3410;Ikana Canyon -> Ikana Castle Exterior;10.5741
1;0x13;0x2040;Ikana Canyon - Owl Statue - Warp Owl;0x4640;Ikana Canyon -> Ikana Fairy Fountain;13.4067
1;0x13;0x2040;Ikana Canyon - Owl Statue - Warp Owl;0x8490;Waterfalls -> Southern Swamp - Waterfalls;20.1045
1;0x13;0x2040;Ikana Canyon - Owl Statue - Warp Owl;0x9000;Ikana Canyon -> Beneath the Well;25.0349
1;0x13;0x2040;Ikana Canyon - Owl Statue - Warp Owl;0x9800;Ikana Canyon -> Sakon Hideout;33.1761
1;0x13;0x2040;Ikana Canyon - Owl Statue - Warp Owl;0x9c00;Ikana Canyon -> Ghost Hut;22.9578
1;0x13;0x2040;Ikana Canyon - Owl Statue - Warp Owl;0xa010;Ikana Canyon -> Road to Ikana;20.1677
1;0x13;0x2040;Ikana Canyon - Owl Statue - Warp Owl;0xa400;Ikana Canyon -> Music Box House;10.3732
1;0x13;0x2040;Ikana Canyon - Owl Statue - Warp Owl;0xaa00;Ikana Canyon -> Stone Tower;21.078
1;0x13;0x2040;Ikana Canyon - Owl Statue - Warp Owl;0xba00;Ikana Canyon -> Shrine;14.6342
1;0x13;0x2050;Ikana Canyon - Beneath the Well;0x1000c;Ikana Canyon -> Open Grotto;41.882
1;0x13;0x2050;Ikana Canyon - Beneath the Well;0x2040;Warp Owl -> Ikana Canyon - Owl Statue;19.6096
1;0x13;0x2050;Ikana Canyon - Beneath the Well;0x20e0;Ikana Canyon -> Spring Water Cave;33.1849
1;0x13;0x2050;Ikana Canyon - Beneath the Well;0x3410;Ikana Canyon -> Ikana Castle Exterior;29.8906
1;0x13;0x2050;Ikana Canyon - Beneath the Well;0x4640;Ikana Canyon -> Ikana Fairy Fountain;29.7647
1;0x13;0x2050;Ikana Canyon - Beneath the Well;0x8490;Waterfalls -> Southern Swamp - Waterfalls;42.6757
1;0x13;0x2050;Ikana Canyon - Beneath the Well;0x9000;Ikana Canyon -> Beneath the Well;3.49317
1;0x13;0x2050;Ikana Canyon - Beneath the Well;0x9800;Ikana Canyon -> Sakon Hideout;55.2547
1;0x13;0x2050;Ikana Canyon - Beneath the Well;0x9c00;Ikana Canyon -> Ghost Hut;26.0204
1;0x13;0x2050;Ikana Canyon - Beneath the Well;0xa010;Ikana Canyon -> Road to Ikana;40.6617
1;0x13;0x2050;Ikana Canyon - Beneath the Well;0xa400;Ikana Canyon -> Music Box House;26.6526
1;0x13;0x2050;Ikana Canyon - Beneath the Well;0xaa00;Ikana Canyon -> Stone Tower;34.9932
1;0x13;0x2050;Ikana Canyon - Beneath the Well;0xba00;Ikana Canyon -> Shrine;42.0145
1;0x13;0x2060;Ikana Canyon - Sakon Hideout;0x1000c;Ikana Canyon -> Open Grotto;32.3728
1;0x13;0x2060;Ikana Canyon - Sakon Hideout;0x1000c;Ikana Canyon -> Open Grotto;33.8285
1;0x13;0x2060;Ikana Canyon - Sakon Hideout;0x20e0;Ikana Canyon -> Spring Water Cave;57.6095
1;0x13;0x2060;Ikana Canyon - Sakon Hideout;0x3410;Ikana Canyon -> Ikana Castle Exterior;52.9566
1;0x13;0x2060;Ikana Canyon - Sakon Hideout;0x4640;Ikana Canyon -> Ikana Fairy Fountain;58.0808
1;0x13;0x2060;Ikana Canyon - Sakon Hideout;0x8490;Waterfalls -> Southern Swamp - Waterfalls;6.92346
1;0x13;0x2060;Ikana Canyon - Sakon Hideout;0x8490;Waterfalls -> Southern Swamp - Waterfalls;5.59409
1;0x13;0x2060;Ikana Canyon - Sakon Hideout;0x9000;Ikana Canyon -> Beneath the Well;69.2355
1;0x13;0x2060;Ikana Canyon - Sakon Hideout;0x9800;Ikana Canyon -> Sakon Hideout;11.723
1;0x13;0x2060;Ikana Canyon - Sakon Hideout;0x9c00;Ikana Canyon -> Ghost Hut;61.585
1;0x13;0x2060;Ikana Canyon - Sakon Hideout;0xa010;Ikana Canyon -> Road to Ikana;19.6462
1;0x13;0x2060;Ikana Canyon - Sakon Hideout;0xa400;Ikana Canyon -> Music Box House;48.2753
1;0x13;0x2060;Ikana Canyon - Sakon Hideout;0xaa00;Ikana Canyon -> Stone Tower;63.6317
1;0x13;0x2060;Ikana Canyon - Sakon Hideout;0xba00;Ikana Canyon -> Shrine;31.5278
1;0x13;0x2070;Ikana Canyon - Warp Twinmold - Warp Twinmold;0x1000c;Ikana Canyon -> Open Grotto;34.2278
1;0x13;0x2070;Ikana Canyon - Warp Twinmold - Warp Twinmold;0x20e0;Ikana Canyon -> Spring Water Cave;11.5367
1;0x13;0x2070;Ikana Canyon - Warp Twinmold - Warp Twinmold;0x3410;Ikana Canyon -> Ikana Castle Exterior;13.8102
1;0x13;0x2070;Ikana Canyon - Warp Twinmold - Warp Twinmold;0x4640;Ikana Canyon -> Ikana Fairy Fountain;9.77597
1;0x13;0x2070;Ikana Canyon - Warp Twinmold - Warp Twinmold;0x8490;Waterfalls -> Southern Swamp - Waterfalls;30.1573
1;0x13;0x2070;Ikana Canyon - Warp Twinmold - Warp Twinmold;0x9000;Ikana Canyon -> Beneath the Well;22.386
1;0x13;0x2070;Ikana Canyon - Warp Twinmold - Warp Twinmold;0x9800;Ikana Canyon -> Sakon Hideout;47.178
1;0x13;0x2070;Ikana Canyon - Warp Twinmold - Warp Twinmold;0x9c00;Ikana Canyon -> Ghost Hut;12.1798
1;0x13;0x2070;Ikana Canyon - Warp Twinmold - Warp Twinmold;0xa010;Ikana Canyon -> Road to Ikana;32.5744
1;0x13;0x2070;Ikana Canyon - Warp Twinmold - Warp Twinmold;0xa400;Ikana Canyon -> Music Box House;12.6605
1;0x13;0x2070;Ikana Canyon - Warp Twinmold - Warp Twinmold;0xaa00;Ikana Canyon -> Stone Tower;11.9923
1;0x13;0x2070;Ikana Canyon - Warp Twinmold - Warp Twinmold;0xba00;Ikana Canyon -> Shrine;33.994
1;0x13;0x2080;Ikana Canyon - Ikana Castle Exterior;0x1000c;Ikana Canyon -> Open Grotto;22.0685
1;0x13;0x2080;Ikana Canyon - Ikana Castle Exterior;0x20e0;Ikana Canyon -> Spring Water Cave;20.4545
1;0x13;0x2080;Ikana Canyon - Ikana Castle Exterior;0x3410;Ikana Canyon -> Ikana Castle Exterior;3.41171
1;0x13;0x2080;Ikana Canyon - Ikana Castle Exterior;0x4640;Ikana Canyon -> Ikana Fairy Fountain;14.9502
1;0x13;0x2080;Ikana Canyon - Ikana Castle Exterior;0x8490;Waterfalls -> Southern Swamp - Waterfalls;20.4766
1;0x13;0x2080;Ikana Canyon - Ikana Castle Exterior;0x9000;Ikana Canyon -> Beneath the Well;24.8401
1;0x13;0x2080;Ikana Canyon - Ikana Castle Exterior;0x9800;Ikana Canyon -> Sakon Hideout;35.7414
1;0x13;0x2080;Ikana Canyon - Ikana Castle Exterior;0x9c00;Ikana Canyon -> Ghost Hut;21.3393
1;0x13;0x2080;Ikana Canyon - Ikana Castle Exterior;0xa010;Ikana Canyon -> Road to Ikana;21.749
1;0x13;0x2080;Ikana Canyon - Ikana Castle Exterior;0xa400;Ikana Canyon -> Music Box House;11.8415
1;0x13;0x2080;Ikana Canyon - Ikana Castle Exterior;0xaa00;Ikana Canyon -> Stone Tower;22.9274
1;0x13;0x2080;Ikana Canyon - Ikana Castle Exterior;0xba00;Ikana Canyon -> Shrine;24.5426
1;0x13;0x20b0;Ikana Canyon - Ikana Fairy Fountain;0x1000c;Ikana Canyon -> Open Grotto;26.7219
1;0x13;0x20b0;Ikana Canyon - Ikana Fairy Fountain;0x20e0;Ikana Canyon -> Spring Water Cave;10.3504
1;0x13;0x20b0;Ikana Canyon - Ikana Fairy Fountain;0x3410;Ikana Canyon -> Ikana Castle Exterior;7.87399
1;0x13;0x20b0;Ikana Canyon - Ikana Fairy Fountain;0x4640;Ikana Canyon -> Ikana Fairy Fountain;3.40746
1;0x13;0x20b0;Ikana Canyon - Ikana Fairy Fountain;0x8490;Waterfalls -> Southern Swamp - Waterfalls;23.5324
1;0x13;0x20b0;Ikana Canyon - Ikana Fairy Fountain;0x9000;Ikana Canyon -> Beneath the Well;24.1047
1;0x13;0x20b0;Ikana Canyon - Ikana Fairy Fountain;0x9800;Ikana Canyon -> Sakon Hideout;39.7248
1;0x13;0x20b0;Ikana Canyon - Ikana Fairy Fountain;0x9c00;Ikana Canyon -> Ghost Hut;10.7435
1;0x13;0x20b0;Ikana Canyon - Ikana Fairy Fountain;0xa010;Ikana Canyon -> Road to Ikana;24.0285
1;0x13;0x20b0;Ikana Canyon - Ikana Fairy Fountain;0xa400;Ikana Canyon -> Music Box House;6.33305
1;0x13;0x20b0;Ikana Canyon - Ikana Fairy Fountain;0xaa00;Ikana Canyon -> Stone Tower;13.3402
1;0x13;0x20b0;Ikana Canyon - Ikana Fairy Fountain;0xba00;Ikana Canyon -> Shrine;30.9381
1;0x13;0x20c0;Ikana Canyon - Secret Shrine;0x1000c;Ikana Canyon -> Open Grotto;9.34614
1;0x13;0x20c0;Ikana Canyon - Secret Shrine;0x20e0;Ikana Canyon -> Spring Water Cave;62.754
1;0x13;0x20c0;Ikana Canyon - Secret Shrine;0x3410;Ikana Canyon -> Ikana Castle Exterior;56.27
1;0x13;0x20c0;Ikana Canyon - Secret Shrine;0x4640;Ikana Canyon -> Ikana Fairy Fountain;57.1004
1;0x13;0x20c0;Ikana Canyon - Secret Shrine;0x8490;Waterfalls -> Southern Swamp - Waterfalls;24.9179
1;0x13;0x20c0;Ikana Canyon - Secret Shrine;0x9000;Ikana Canyon -> Beneath the Well;76.1326
1;0x13;0x20c0;Ikana Canyon - Secret Shrine;0x9800;Ikana Canyon -> Sakon Hideout;39.5573
1;0x13;0x20c0;Ikana Canyon - Secret Shrine;0x9c00;Ikana Canyon -> Ghost Hut;62.7213
1;0x13;0x20c0;Ikana Canyon - Secret Shrine;0xa010;Ikana Canyon -> Road to Ikana;21.5854
1;0x13;0x20c0;Ikana Canyon - Secret Shrine;0xa400;Ikana Canyon -> Music Box House;58.4518
1;0x13;0x20c0;Ikana Canyon - Secret Shrine;0xaa00;Ikana Canyon -> Stone Tower;67.2346
1;0x13;0x20c0;Ikana Canyon - Secret Shrine;0xba00;Ikana Canyon -> Shrine;6.28582
1;0x13;0x20d0;Ikana Canyon - Spring Water Cave;0x1000c;Ikana Canyon -> Open Grotto;27.1232
1;0x13;0x20d0;Ikana Canyon - Spring Water Cave;0x20e0;Ikana Canyon -> Spring Water Cave;3.48835
1;0x13;0x20d0;Ikana Canyon - Spring Water Cave;0x3410;Ikana Canyon -> Ikana Castle Exterior;13.859
1;0x13;0x20d0;Ikana Canyon - Spring Water Cave;0x4640;Ikana Canyon -> Ikana Fairy Fountain;10.5021
1;0x13;0x20d0;Ikana Canyon - Spring Water Cave;0x8490;Waterfalls -> Southern Swamp - Waterfalls;30.611
1;0x13;0x20d0;Ikana Canyon - Spring Water Cave;0x9000;Ikana Canyon -> Beneath the Well;17.1098
1;0x13;0x20d0;Ikana Canyon - Spring Water Cave;0x9800;Ikana Canyon -> Sakon Hideout;45.1707
1;0x13;0x20d0;Ikana Canyon - Spring Water Cave;0x9c00;Ikana Canyon -> Ghost Hut;7.30995
1;0x13;0x20d0;Ikana Canyon - Spring Water Cave;0xa010;Ikana Canyon -> Road to Ikana;30.2453
1;0x13;0x20d0;Ikana Canyon - Spring Water Cave;0xa400;Ikana Canyon -> Music Box House;14.4639
1;0x13;0x20d0;Ikana Canyon - Spring Water Cave;0xa400;Ikana Canyon -> Music Box House;11.4586
1;0x13;0x20d0;Ikana Canyon - Spring Water Cave;0xaa00;Ikana Canyon -> Stone Tower;11.3604
1;0x13;0x20d0;Ikana Canyon - Spring Water Cave;0xba00;Ikana Canyon -> Shrine;29.7974
1;0x99;0x20e0;Spring Water Cave - Ikana Canyon;0x20d0;Spring Water Cave -> Ikana Canyon;3.23525
1;0x14;0x2200;Pirate Fortress Exterior - Entrance;0x4000;Hookshot -> Pirate Fortress Interior;15.3132
1;0x14;0x2200;Pirate Fortress Exterior - Entrance;0x4010;Hookshot Lookout -> Pirate Fortress Interior;27.9404
1;0x14;0x2200;Pirate Fortress Exterior - Entrance;0x4020;Treasure -> Pirate Fortress Interior;27.0488
1;0x14;0x2200;Pirate Fortress Exterior - Entrance;0x4030;Treasure Egg Side -> Pirate Fortress Interior;23.5885
1;0x14;0x2200;Pirate Fortress Exterior - Entrance;0x4040;Canon -> Pirate Fortress Interior;27.3079
1;0x14;0x2200;Pirate Fortress Exterior - Entrance;0x4050;Canon Egg Side -> Pirate Fortress Interior;30.9228
1;0x14;0x2200;Pirate Fortress Exterior - Entrance;0x4060;Barrel -> Pirate Fortress Interior;15.8849
1;0x14;0x2200;Pirate Fortress Exterior - Entrance;0x4070;Barrel Egg Side -> Pirate Fortress Interior;-1
1;0x14;0x2200;Pirate Fortress Exterior - Entrance;0x4080;Sewers' Telescope -> Pirate Fortress Interior;-1
1;0x14;0x2200;Pirate Fortress Exterior - Entrance;0x7010;Exterior -> Pirate Fortress Entrance;3.13596
1;0x14;0x2200;Pirate Fortress Exterior - Entrance;0x7040;Trapdoor -> Pirate Fortress Entrance - Trapdoor;2.09236
1;0x14;0x2200;Pirate Fortress Exterior - Entrance;0x7050;Lookout -> Pirate Fortress Entrance;25.46
1;0x14;0x2210;Pirate Fortress Exterior - Hookshot;0x4000;Hookshot -> Pirate Fortress Interior;2.82283
1;0x14;0x2210;Pirate Fortress Exterior - Hookshot;0x4010;Hookshot Lookout -> Pirate Fortress Interior;14.4085
1;0x14;0x2210;Pirate Fortress Exterior - Hookshot;0x4020;Treasure -> Pirate Fortress Interior;25.0776
1;0x14;0x2210;Pirate Fortress Exterior - Hookshot;0x4030;Treasure Egg Side -> Pirate Fortress Interior;11.8115
1;0x14;0x2210;Pirate Fortress Exterior - Hookshot;0x4040;Canon -> Pirate Fortress Interior;20.101
1;0x14;0x2210;Pirate Fortress Exterior - Hookshot;0x4050;Canon Egg Side -> Pirate Fortress Interior;19.0075
1;0x14;0x2210;Pirate Fortress Exterior - Hookshot;0x4060;Barrel -> Pirate Fortress Interior;14.2587
1;0x14;0x2210;Pirate Fortress Exterior - Hookshot;0x4070;Barrel Egg Side -> Pirate Fortress Interior;-1
1;0x14;0x2210;Pirate Fortress Exterior - Hookshot;0x4080;Sewers' Telescope -> Pirate Fortress Interior;-1
1;0x14;0x2210;Pirate Fortress Exterior - Hookshot;0x7010;Exterior -> Pirate Fortress Entrance;11.6078
1;0x14;0x2210;Pirate Fortress Exterior - Hookshot;0x7040;Trapdoor -> Pirate Fortress Entrance - Trapdoor;8.25527
1;0x14;0x2210;Pirate Fortress Exterior - Hookshot;0x7050;Lookout -> Pirate Fortress Entrance;18.0045
1;0x14;0x2220;Pirate Fortress Exterior - Hookshot Lookout;0x4000;Hookshot -> Pirate Fortress Interior;5.62753
1;0x14;0x2220;Pirate Fortress Exterior - Hookshot Lookout;0x4010;Hookshot Lookout -> Pirate Fortress Interior;2.70468
1;0x14;0x2220;Pirate Fortress Exterior - Hookshot Lookout;0x4020;Treasure -> Pirate Fortress Interior;31.1189
1;0x14;0x2220;Pirate Fortress Exterior - Hookshot Lookout;0x4030;Treasure Egg Side -> Pirate Fortress Interior;11.1135
1;0x14;0x2220;Pirate Fortress Exterior - Hookshot Lookout;0x4040;Canon -> Pirate Fortress Interior;18.5147
1;0x14;0x2220;Pirate Fortress Exterior - Hookshot Lookout;0x4050;Canon Egg Side -> Pirate Fortress Interior;21.8864
1;0x14;0x2220;Pirate Fortress Exterior - Hookshot Lookout;0x4060;Barrel -> Pirate Fortress Interior;17.7593
1;0x14;0x2220;Pirate Fortress Exterior - Hookshot Lookout;0x4070;Barrel Egg Side -> Pirate Fortress Interior;-1
1;0x14;0x2220;Pirate Fortress Exterior - Hookshot Lookout;0x4080;Sewers' Telescope -> Pirate Fortress Interior;-1
1;0x14;0x2220;Pirate Fortress Exterior - Hookshot Lookout;0x7010;Exterior -> Pirate Fortress Entrance;13.725
1;0x14;0x2220;Pirate Fortress Exterior - Hookshot Lookout;0x7040;Trapdoor -> Pirate Fortress Entrance - Trapdoor;9.74595
1;0x14;0x2220;Pirate Fortress Exterior - Hookshot Lookout;0x7050;Lookout -> Pirate Fortress Entrance;19.0813
1;0x14;0x2230;Pirate Fortress Exterior - Treasure;0x4000;Hookshot -> Pirate Fortress Interior;21.5941
1;0x14;0x2230;Pirate Fortress Exterior - Treasure;0x4010;Hookshot Lookout -> Pirate Fortress Interior;29.505
1;0x14;0x2230;Pirate Fortress Exterior - Treasure;0x4020;Treasure -> Pirate Fortress Interior;2.66991
1;0x14;0x2230;Pirate Fortress Exterior - Treasure;0x4030;Treasure Egg Side -> Pirate Fortress Interior;22.7801
1;0x14;0x2230;Pirate Fortress Exterior - Treasure;0x4040;Canon -> Pirate Fortress Interior;31.5639
1;0x14;0x2230;Pirate Fortress Exterior - Treasure;0x4050;Canon Egg Side -> Pirate Fortress Interior;32.1307
1;0x14;0x2230;Pirate Fortress Exterior - Treasure;0x4060;Barrel -> Pirate Fortress Interior;15.5024
1;0x14;0x2230;Pirate Fortress Exterior - Treasure;0x4070;Barrel Egg Side -> Pirate Fortress Interior;-1
1;0x14;0x2230;Pirate Fortress Exterior - Treasure;0x4080;Sewers' Telescope -> Pirate Fortress Interior;-1
1;0x14;0x2230;Pirate Fortress Exterior - Treasure;0x7010;Exterior -> Pirate Fortress Entrance;16.1862
1;0x14;0x2230;Pirate Fortress Exterior - Treasure;0x7040;Trapdoor -> Pirate Fortress Entrance - Trapdoor;5.95266
1;0x14;0x2230;Pirate Fortress Exterior - Treasure;0x7050;Lookout -> Pirate Fortress Entrance;31.652
1;0x14;0x2240;Pirate Fortress Exterior - Treasure Egg Side;0x4000;Hookshot -> Pirate Fortress Interior;11.1705
1;0x14;0x2240;Pirate Fortress Exterior - Treasure Egg Side;0x4010;Hookshot Lookout -> Pirate Fortress Interior;21.1557
1;0x14;0x2240;Pirate Fortress Exterior - Treasure Egg Side;0x4020;Treasure -> Pirate Fortress Interior;15.995
1;0x14;0x2240;Pirate Fortress Exterior - Treasure Egg Side;0x4030;Treasure Egg Side -> Pirate Fortress Interior;2.79562
1;0x14;0x2240;Pirate Fortress Exterior - Treasure Egg Side;0x4040;Canon -> Pirate Fortress Interior;23.4737
1;0x14;0x2240;Pirate Fortress Exterior - Treasure Egg Side;0x4050;Canon Egg Side -> Pirate Fortress Interior;22.8516
1;0x14;0x2240;Pirate Fortress Exterior - Treasure Egg Side;0x4060;Barrel -> Pirate Fortress Interior;13.4819
1;0x14;0x2240;Pirate Fortress Exterior - Treasure Egg Side;0x4070;Barrel Egg Side -> Pirate Fortress Interior;-1
1;0x14;0x2240;Pirate Fortress Exterior - Treasure Egg Side;0x4080;Sewers' Telescope -> Pirate Fortress Interior;-1
1;0x14;0x2240;Pirate Fortress Exterior - Treasure Egg Side;0x7010;Exterior -> Pirate Fortress Entrance;10.0033
1;0x14;0x2240;Pirate Fortress Exterior - Treasure Egg Side;0x7040;Trapdoor -> Pirate Fortress Entrance - Trapdoor;9.99012
1;0x14;0x2240;Pirate Fortress Exterior - Treasure Egg Side;0x7050;Lookout -> Pirate Fortress Entrance;21.2089
1;0x14;0x2250;Pirate Fortress Exterior - Canon;0x4000;Hookshot -> Pirate Fortress Interior;16.6288
1;0x14;0x2250;Pirate Fortress Exterior - Canon;0x4010;Hookshot Lookout -> Pirate Fortress Interior;21.604
1;0x14;0x2250;Pirate Fortress Exterior - Canon;0x4020;Treasure -> Pirate Fortress Interior;33.9387
1;0x14;0x2250;Pirate Fortress Exterior - Canon;0x4030;Treasure Egg Side -> Pirate Fortress Interior;21.322
1;0x14;0x2250;Pirate Fortress Exterior - Canon;0x4040;Canon -> Pirate Fortress Interior;3.08936
1;0x14;0x2250;Pirate Fortress Exterior - Canon;0x4050;Canon Egg Side -> Pirate Fortress Interior;24.1313
1;0x14;0x2250;Pirate Fortress Exterior - Canon;0x4060;Barrel -> Pirate Fortress Interior;22.8978
1;0x14;0x2250;Pirate Fortress Exterior - Canon;0x4070;Barrel Egg Side -> Pirate Fortress Interior;-1
1;0x14;0x2250;Pirate Fortress Exterior - Canon;0x4080;Sewers' Telescope -> Pirate Fortress Interior;-1
1;0x14;0x2250;Pirate Fortress Exterior - Canon;0x7010;Exterior -> Pirate Fortress Entrance;17.1884
1;0x14;0x2250;Pirate Fortress Exterior - Canon;0x7040;Trapdoor -> Pirate Fortress Entrance - Trapdoor;10.2762
1;0x14;0x2250;Pirate Fortress Exterior - Canon;0x7050;Lookout -> Pirate Fortress Entrance;5.65815
1;0x14;0x2260;Pirate Fortress Exterior - Canon Egg Side;0x4000;Hookshot -> Pirate Fortress Interior;13.3641
1;0x14;0x2260;Pirate Fortress Exterior - Canon Egg Side;0x4010;Hookshot Lookout -> Pirate Fortress Interior;17.9786
1;0x14;0x2260;Pirate Fortress Exterior - Canon Egg Side;0x4020;Treasure -> Pirate Fortress Interior;30.1673
1;0x14;0x2260;Pirate Fortress Exterior - Canon Egg Side;0x4030;Treasure Egg Side -> Pirate Fortress Interior;21.7614
1;0x14;0x2260;Pirate Fortress Exterior - Canon Egg Side;0x4040;Canon -> Pirate Fortress Interior;14.5667
1;0x14;0x2260;Pirate Fortress Exterior - Canon Egg Side;0x4050;Canon Egg Side -> Pirate Fortress Interior;3.07826
1;0x14;0x2260;Pirate Fortress Exterior - Canon Egg Side;0x4060;Barrel -> Pirate Fortress Interior;20.3733
1;0x14;0x2260;Pirate Fortress Exterior - Canon Egg Side;0x4070;Barrel Egg Side -> Pirate Fortress Interior;-1
1;0x14;0x2260;Pirate Fortress Exterior - Canon Egg Side;0x4080;Sewers' Telescope -> Pirate Fortress Interior;-1
1;0x14;0x2260;Pirate Fortress Exterior - Canon Egg Side;0x7010;Exterior -> Pirate Fortress Entrance;21.3124
1;0x14;0x2260;Pirate Fortress Exterior - Canon Egg Side;0x7040;Trapdoor -> Pirate Fortress Entrance - Trapdoor;8.26038
1;0x14;0x2260;Pirate Fortress Exterior - Canon Egg Side;0x7050;Lookout -> Pirate Fortress Entrance;15.5042
1;0x14;0x2270;Pirate Fortress Exterior - Barrel;0x4000;Hookshot -> Pirate Fortress Interior;15.4104
1;0x14;0x2270;Pirate Fortress Exterior - Barrel;0x4010;Hookshot Lookout -> Pirate Fortress Interior;25.0705
1;0x14;0x2270;Pirate Fortress Exterior - Barrel;0x4020;Treasure -> Pirate Fortress Interior;14.9842
1;0x14;0x2270;Pirate Fortress Exterior - Barrel;0x4030;Treasure Egg Side -> Pirate Fortress Interior;18.8638
1;0x14;0x2270;Pirate Fortress Exterior - Barrel;0x4040;Canon -> Pirate Fortress Interior;19.2642
1;0x14;0x2270;Pirate Fortress Exterior - Barrel;0x4050;Canon Egg Side -> Pirate Fortress Interior;32.4975
1;0x14;0x2270;Pirate Fortress Exterior - Barrel;0x4060;Barrel -> Pirate Fortress Interior;3.06725
1;0x14;0x2270;Pirate Fortress Exterior - Barrel;0x4070;Barrel Egg Side -> Pirate Fortress Interior;-1
1;0x14;0x2270;Pirate Fortress Exterior - Barrel;0x4080;Sewers' Telescope -> Pirate Fortress Interior;-1
1;0x14;0x2270;Pirate Fortress Exterior - Barrel;0x7010;Exterior -> Pirate Fortress Entrance;6.42247
1;0x14;0x2270;Pirate Fortress Exterior - Barrel;0x7040;Trapdoor -> Pirate Fortress Entrance - Trapdoor;9.80142
1;0x14;0x2270;Pirate Fortress Exterior - Barrel;0x7050;Lookout -> Pirate Fortress Entrance;24.162
1;0x14;0x2280;Pirate Fortress Exterior - Barrel Egg Side;0x4000;Hookshot -> Pirate Fortress Interior;17.1393
1;0x14;0x2280;Pirate Fortress Exterior - Barrel Egg Side;0x4010;Hookshot Lookout -> Pirate Fortress Interior;30.1824
1;0x14;0x2280;Pirate Fortress Exterior - Barrel Egg Side;0x4020;Treasure -> Pirate Fortress Interior;34.9918
1;0x14;0x2280;Pirate Fortress Exterior - Barrel Egg Side;0x4030;Treasure Egg Side -> Pirate Fortress Interior;27.7338
1;0x14;0x2280;Pirate Fortress Exterior - Barrel Egg Side;0x4040;Canon -> Pirate Fortress Interior;24.4007
1;0x14;0x2280;Pirate Fortress Exterior - Barrel Egg Side;0x4050;Canon Egg Side -> Pirate Fortress Interior;34.9807
1;0x14;0x2280;Pirate Fortress Exterior - Barrel Egg Side;0x4060;Barrel -> Pirate Fortress Interior;17.389
1;0x14;0x2280;Pirate Fortress Exterior - Barrel Egg Side;0x4070;Barrel Egg Side -> Pirate Fortress Interior;2.71239
1;0x14;0x2280;Pirate Fortress Exterior - Barrel Egg Side;0x4080;Sewers' Telescope -> Pirate Fortress Interior;-1
1;0x14;0x2280;Pirate Fortress Exterior - Barrel Egg Side;0x7010;Exterior -> Pirate Fortress Entrance;10.3721
1;0x14;0x2280;Pirate Fortress Exterior - Barrel Egg Side;0x7040;Trapdoor -> Pirate Fortress Entrance - Trapdoor;8.6904
1;0x14;0x2280;Pirate Fortress Exterior - Barrel Egg Side;0x7050;Lookout -> Pirate Fortress Entrance;24.2879
1;0x14;0x22a0;Pirate Fortress Exterior - Telescope;0x4000;Hookshot -> Pirate Fortress Interior;-1
1;0x14;0x22a0;Pirate Fortress Exterior - Telescope;0x4010;Hookshot Lookout -> Pirate Fortress Interior;-1
1;0x14;0x22a0;Pirate Fortress Exterior - Telescope;0x4020;Treasure -> Pirate Fortress Interior;-1
1;0x14;0x22a0;Pirate Fortress Exterior - Telescope;0x4030;Treasure Egg Side -> Pirate Fortress Interior;-1
1;0x14;0x22a0;Pirate Fortress Exterior - Telescope;0x4040;Canon -> Pirate Fortress Interior;-1
1;0x14;0x22a0;Pirate Fortress Exterior - Telescope;0x4050;Canon Egg Side -> Pirate Fortress Interior;-1
1;0x14;0x22a0;Pirate Fortress Exterior - Telescope;0x4060;Barrel -> Pirate Fortress Interior;-1
1;0x14;0x22a0;Pirate Fortress Exterior - Telescope;0x4070;Barrel Egg Side -> Pirate Fortress Interior;-1
1;0x14;0x22a0;Pirate Fortress Exterior - Telescope;0x4080;Sewers' Telescope -> Pirate Fortress Interior;2.22932
1;0x14;0x22a0;Pirate Fortress Exterior - Telescope;0x7010;Exterior -> Pirate Fortress Entrance;-1
1;0x14;0x22a0;Pirate Fortress Exterior - Telescope;0x7040;Trapdoor -> Pirate Fortress Entrance - Trapdoor;-1
1;0x14;0x22a0;Pirate Fortress Exterior - Telescope;0x7050;Lookout -> Pirate Fortress Entrance;-1
1;0x14;0x22c0;Pirate Fortress Exterior - Lookout;0x4000;Hookshot -> Pirate Fortress Interior;18.7819
1;0x14;0x22c0;Pirate Fortress Exterior - Lookout;0x4010;Hookshot Lookout -> Pirate Fortress Interior;24.3553
1;0x14;0x22c0;Pirate Fortress Exterior - Lookout;0x4020;Treasure -> Pirate Fortress Interior;35.9763
1;0x14;0x22c0;Pirate Fortress Exterior - Lookout;0x4030;Treasure Egg Side -> Pirate Fortress Interior;26.3969
1;0x14;0x22c0;Pirate Fortress Exterior - Lookout;0x4040;Canon -> Pirate Fortress Interior;5.70453
1;0x14;0x22c0;Pirate Fortress Exterior - Lookout;0x4050;Canon Egg Side -> Pirate Fortress Interior;20.317
1;0x14;0x22c0;Pirate Fortress Exterior - Lookout;0x4060;Barrel -> Pirate Fortress Interior;23.961
1;0x14;0x22c0;Pirate Fortress Exterior - Lookout;0x4070;Barrel Egg Side -> Pirate Fortress Interior;-1
1;0x14;0x22c0;Pirate Fortress Exterior - Lookout;0x4080;Sewers' Telescope -> Pirate Fortress Interior;-1
1;0x14;0x22c0;Pirate Fortress Exterior - Lookout;0x7010;Exterior -> Pirate Fortress Entrance;15.2932
1;0x14;0x22c0;Pirate Fortress Exterior - Lookout;0x7040;Trapdoor -> Pirate Fortress Entrance - Trapdoor;9.80286
1;0x14;0x22c0;Pirate Fortress Exterior - Lookout;0x7040;Trapdoor -> Pirate Fortress Entrance - Trapdoor;2.86018
1;0x14;0x22c0;Pirate Fortress Exterior - Lookout;0x7050;Lookout -> Pirate Fortress Entrance;3.12253
1;0x15;0x2400;Milk Bar - East Clock Town;0xd2b0;Milk Bar -> East Clock Town;2.96525
1;0x16;0x2600;Stone Tower Temple - Stone Tower;0xaa20;Stone Tower Temple -> Stone Tower;3.66268
1;0x17;0x2800;Treasure Chest Game - East Clock Town;0xd240;Treasure Chest Game -> East Clock Town;2.75334
1;0x18;0x2a00;Stone Tower Temple Inverted - Stone Tower Inverted;0x2a100;Twinmold's Lair -> Stone Tower Temple Inverted -> Twinmold's Lair;52.9858
1;0x18;0x2a00;Stone Tower Temple Inverted - Stone Tower Inverted;0xac10;Stone Tower Temple Inverted -> Stone Tower Inverted;3.61332
1;0x36;0x2a10;Twinmold's Lair - Stone Tower Temple Inverted - Stone Tower Temple Inverted;0x20700;Warp Boss -> Twinmold's Lair -> Warp Boss;-1
1;0x36;0x2a10;Twinmold's Lair - Stone Tower Temple Inverted - Stone Tower Temple Inverted;0x66000;Boss Arena -> Twinmold's Lair -> Boss Arena;8.40345
1;0x19;0x2c00;Roof Clock Tower - South Clock Town;0xc800;Entrance -> Moon - Entrance;20.3352
1;0x1b;0x3000;Woodfall Temple - Woodfall;0x3800;Woodfall Temple -> Oldolwa's Lair - Woodfall Temple;4.80818
1;0x1b;0x3000;Woodfall Temple - Woodfall;0x8610;Woodfall Temple -> Woodfall;3.63032
1;0x1b;0x3000;Woodfall Temple - Woodfall;0x8630;Deku Princess -> Woodfall;3.52382
1;0x1b;0x3010;Woodfall Temple - Warp Odolwa - Warp Odolwa;0x3800;Woodfall Temple -> Oldolwa's Lair - Woodfall Temple;-1
1;0x1b;0x3010;Woodfall Temple - Warp Odolwa - Warp Odolwa;0x8610;Woodfall Temple -> Woodfall;-1
1;0x1b;0x3010;Woodfall Temple - Warp Odolwa - Warp Odolwa;0x8630;Deku Princess -> Woodfall;6.97128
1;0x1b;0x3020;Woodfall - Deku Princess;0x3800;Woodfall Temple -> Oldolwa's Lair - Woodfall Temple;-1
1;0x1b;0x3020;Woodfall - Deku Princess;0x8610;Woodfall Temple -> Woodfall;5.35727
1;0x1b;0x3020;Woodfall - Deku Princess;0x8630;Deku Princess -> Woodfall;3.15828
1;0x1c;0x3200;Path to Mountain Village - Termina Field;0x5430;Path to Mountain Village -> Termina Field;4.30159
1;0x1c;0x3200;Path to Mountain Village - Termina Field;0x9a60;Path to Mountain Village -> Mountain Village;29.6897
1;0x1c;0x3210;Path to Mountain Village - Mountain Village;0x5430;Path to Mountain Village -> Termina Field;24.6221
1;0x1c;0x3210;Path to Mountain Village - Mountain Village;0x9a60;Path to Mountain Village -> Mountain Village;3.17243
1;0x1d;0x3400;Ikana Castle Exterior - Beneath the Well Back;0x2080;Ikana Castle Exterior -> Ikana Canyon;29.39
1;0x1d;0x3400;Ikana Castle Exterior - Beneath the Well Back;0x3430;Ikana Castle Exterior -> Inside Ikana Castle;25.818
1;0x1d;0x3400;Ikana Castle Exterior - Beneath the Well Back;0x3440;Powder Keg -> Inside Ikana Castle - Powder Keg;-1
1;0x1d;0x3400;Ikana Castle Exterior - Beneath the Well Back;0x3450;Block -> Inside Ikana Castle - Block;-1
1;0x1d;0x3400;Ikana Castle Exterior - Beneath the Well Back;0x9010;Ikana Castle Exterior -> Beneath the Well Back;3.73806
1;0x1d;0x3410;Ikana Castle Exterior - Ikana Canyon;0x2080;Ikana Castle Exterior -> Ikana Canyon;2.86239
1;0x1d;0x3410;Ikana Castle Exterior - Ikana Canyon;0x3430;Ikana Castle Exterior -> Inside Ikana Castle;6.85906
1;0x1d;0x3410;Ikana Castle Exterior - Ikana Canyon;0x3440;Powder Keg -> Inside Ikana Castle - Powder Keg;-1
1;0x1d;0x3410;Ikana Castle Exterior - Ikana Canyon;0x3450;Block -> Inside Ikana Castle - Block;-1
1;0x1d;0x3410;Ikana Castle Exterior - Ikana Canyon;0x9010;Ikana Castle Exterior -> Beneath the Well Back;17.2515
1;0x1d;0x3420;Ikana Castle Exterior - Inside Ikana Castle;0x2080;Ikana Castle Exterior -> Ikana Canyon;7.41787
1;0x1d;0x3420;Ikana Castle Exterior - Inside Ikana Castle;0x3430;Ikana Castle Exterior -> Inside Ikana Castle;3.31337
1;0x1d;0x3420;Ikana Castle Exterior - Inside Ikana Castle;0x3440;Powder Keg -> Inside Ikana Castle - Powder Keg;-1
1;0x1d;0x3420;Ikana Castle Exterior - Inside Ikana Castle;0x3450;Block -> Inside Ikana Castle - Block;-1
1;0x1d;0x3420;Ikana Castle Exterior - Inside Ikana Castle;0x9010;Ikana Castle Exterior -> Beneath the Well Back;15.3239
1;0x31;0x3430;Inside Ikana Castle - Ikana Castle Exterior;0x3420;Inside Ikana Castle -> Ikana Castle Exterior;3.06861
1;0x31;0x3430;Inside Ikana Castle - Ikana Castle Exterior;0xa600;Inside Ikana Castle -> Igos' Lair;7.44741
1;0x31;0x3440;Inside Ikana Castle - Powder Keg - Powder Keg;0x3420;Inside Ikana Castle -> Ikana Castle Exterior;5.31195
1;0x31;0x3440;Inside Ikana Castle - Powder Keg - Powder Keg;0xa600;Inside Ikana Castle -> Igos' Lair;6.27343
1;0x31;0x3450;Inside Ikana Castle - Block - Block;0x3420;Inside Ikana Castle -> Ikana Castle Exterior;8.93639
1;0x31;0x3450;Inside Ikana Castle - Block - Block;0xa600;Inside Ikana Castle -> Igos' Lair;10.1625
1;0x31;0x3460;Inside Ikana Castle - Igos' Lair;0x3420;Inside Ikana Castle -> Ikana Castle Exterior;7.75401
1;0x31;0x3460;Inside Ikana Castle - Igos' Lair;0xa600;Inside Ikana Castle -> Igos' Lair;3.09062
1;0x1e;0x3600;Deku Playground Grotto - North Clock Town;0xd640;Deku Playground Grotto -> North Clock Town;4.1845
1;0x1e;0x3600;Deku Playground Grotto - North Clock Town;0xd640;Deku Playground Grotto -> North Clock Town;4.40034
1;0x1f;0x3800;Oldolwa's Lair - Woodfall Temple - Woodfall Temple;0x30100;Warp Boss -> Odolwa's Lair -> Warp Boss;5.33962
1;0x20;0x3a00;Town Archery - East Clock Town;0xd280;Town Archery -> East Clock Town;2.76246
1;0x21;0x3c00;Snowhead Temple - Snowhead;0x8200;Snowhead Temple -> Goht's Lair - Snowhead Temple;4.10499
1;0x21;0x3c00;Snowhead Temple - Snowhead;0xb210;Snowhead Temple -> Snowhead;3.27334
1;0x22;0x3e00;Milk Road - Termina Field;0x5450;Milk Road -> Termina Field;3.53521
1;0x22;0x3e00;Milk Road - Termina Field;0x6400;Milk Road -> Romani's Ranch;16.8858
1;0x22;0x3e00;Milk Road - Termina Field;0xce00;Milk Road -> Gorman Track;7.21417
1;0x22;0x3e00;Milk Road - Termina Field;0xce30;Milk Road Back -> Gorman Track Back;12.1515
1;0x22;0x3e10;Milk Road - Romani's Ranch;0x5450;Milk Road -> Termina Field;16.7159
1;0x22;0x3e10;Milk Road - Romani's Ranch;0x6400;Milk Road -> Romani's Ranch;3.28033
1;0x22;0x3e10;Milk Road - Romani's Ranch;0xce00;Milk Road -> Gorman Track;14.0858
1;0x22;0x3e10;Milk Road - Romani's Ranch;0xce30;Milk Road Back -> Gorman Track Back;16.2058
1;0x22;0x3e20;Milk Road Back - Gorman Track Back;0x5450;Milk Road -> Termina Field;12.8577
1;0x22;0x3e20;Milk Road Back - Gorman Track Back;0x6400;Milk Road -> Romani's Ranch;13.9643
1;0x22;0x3e20;Milk Road Back - Gorman Track Back;0xce00;Milk Road -> Gorman Track;9.81352
1;0x22;0x3e20;Milk Road Back - Gorman Track Back;0xce30;Milk Road Back -> Gorman Track Back;3.12248
1;0x22;0x3e30;Milk Road - Gorman Track;0x5450;Milk Road -> Termina Field;7.09359
1;0x22;0x3e30;Milk Road - Gorman Track;0x6400;Milk Road -> Romani's Ranch;14.0944
1;0x22;0x3e30;Milk Road - Gorman Track;0xce00;Milk Road -> Gorman Track;3.48319
1;0x22;0x3e30;Milk Road - Gorman Track;0xce30;Milk Road Back -> Gorman Track Back;9.50436
1;0x22;0x3e40;Milk Road - Owl Statue - Warp Owl;0x5450;Milk Road -> Termina Field;7.89898
1;0x22;0x3e40;Milk Road - Owl Statue - Warp Owl;0x6400;Milk Road -> Romani's Ranch;13.965
1;0x22;0x3e40;Milk Road - Owl Statue - Warp Owl;0xce00;Milk Road -> Gorman Track;3.9805
1;0x22;0x3e40;Milk Road - Owl Statue - Warp Owl;0xce30;Milk Road Back -> Gorman Track Back;10.3653
1;0xa;0x400;Potion Shop - Southern Swamp;0x8450;Potion Shop -> Southern Swamp;2.64695
1;0x23;0x4000;Pirate Fortress Interior - Hookshot;0x2210;Hookshot -> Pirate Fortress Exterior;2.73698
1;0x23;0x4000;Pirate Fortress Interior - Hookshot;0x2220;Hookshot Lookout -> Pirate Fortress Exterior;-1
1;0x23;0x4000;Pirate Fortress Interior - Hookshot;0x2230;Treasure -> Pirate Fortress Exterior;-1
1;0x23;0x4000;Pirate Fortress Interior - Hookshot;0x2240;Treasure Egg Side -> Pirate Fortress Exterior;-1
1;0x23;0x4000;Pirate Fortress Interior - Hookshot;0x2250;Canon -> Pirate Fortress Exterior;-1
1;0x23;0x4000;Pirate Fortress Interior - Hookshot;0x2260;Canon Egg Side -> Pirate Fortress Exterior;-1
1;0x23;0x4000;Pirate Fortress Interior - Hookshot;0x2270;Barrel -> Pirate Fortress Exterior;-1
1;0x23;0x4000;Pirate Fortress Interior - Hookshot;0x2280;Barrel Egg Side -> Pirate Fortress Exterior;-1
1;0x23;0x4000;Pirate Fortress Interior - Hookshot;0x22a0;Telescope -> Pirate Fortress Exterior;-1
1;0x23;0x4000;Pirate Fortress Interior - Hookshot;0x7020;Sewers' Gate -> Pirate Fortress Entrance;-1
1;0x23;0x4000;Pirate Fortress Interior - Hookshot;0x7030;Sewers' Vent -> Pirate Fortress Entrance - Sewers' Vent;-1
1;0x23;0x4000;Pirate Fortress Interior - Hookshot;0x7060;Sewers' Door -> Pirate Fortress Entrance;-1
1;0x23;0x4010;Pirate Fortress Interior - Hookshot Lookout;0x2210;Hookshot -> Pirate Fortress Exterior;-1
1;0x23;0x4010;Pirate Fortress Interior - Hookshot Lookout;0x2220;Hookshot Lookout -> Pirate Fortress Exterior;2.77966
1;0x23;0x4010;Pirate Fortress Interior - Hookshot Lookout;0x2230;Treasure -> Pirate Fortress Exterior;-1
1;0x23;0x4010;Pirate Fortress Interior - Hookshot Lookout;0x2240;Treasure Egg Side -> Pirate Fortress Exterior;-1
1;0x23;0x4010;Pirate Fortress Interior - Hookshot Lookout;0x2250;Canon -> Pirate Fortress Exterior;-1
1;0x23;0x4010;Pirate Fortress Interior - Hookshot Lookout;0x2260;Canon Egg Side -> Pirate Fortress Exterior;-1
1;0x23;0x4010;Pirate Fortress Interior - Hookshot Lookout;0x2270;Barrel -> Pirate Fortress Exterior;-1
1;0x23;0x4010;Pirate Fortress Interior - Hookshot Lookout;0x2280;Barrel Egg Side -> Pirate Fortress Exterior;-1
1;0x23;0x4010;Pirate Fortress Interior - Hookshot Lookout;0x22a0;Telescope -> Pirate Fortress Exterior;-1
1;0x23;0x4010;Pirate Fortress Interior - Hookshot Lookout;0x7020;Sewers' Gate -> Pirate Fortress Entrance;-1
1;0x23;0x4010;Pirate Fortress Interior - Hookshot Lookout;0x7030;Sewers' Vent -> Pirate Fortress Entrance - Sewers' Vent;-1
1;0x23;0x4010;Pirate Fortress Interior - Hookshot Lookout;0x7060;Sewers' Door -> Pirate Fortress Entrance;-1
1;0x23;0x4020;Pirate Fortress Interior - Treasure;0x2210;Hookshot -> Pirate Fortress Exterior;-1
1;0x23;0x4020;Pirate Fortress Interior - Treasure;0x2220;Hookshot Lookout -> Pirate Fortress Exterior;-1
1;0x23;0x4020;Pirate Fortress Interior - Treasure;0x2230;Treasure -> Pirate Fortress Exterior;2.65964
1;0x23;0x4020;Pirate Fortress Interior - Treasure;0x2240;Treasure Egg Side -> Pirate Fortress Exterior;35.6846
1;0x23;0x4020;Pirate Fortress Interior - Treasure;0x2250;Canon -> Pirate Fortress Exterior;-1
1;0x23;0x4020;Pirate Fortress Interior - Treasure;0x2260;Canon Egg Side -> Pirate Fortress Exterior;-1
1;0x23;0x4020;Pirate Fortress Interior - Treasure;0x2270;Barrel -> Pirate Fortress Exterior;-1
1;0x23;0x4020;Pirate Fortress Interior - Treasure;0x2280;Barrel Egg Side -> Pirate Fortress Exterior;-1
1;0x23;0x4020;Pirate Fortress Interior - Treasure;0x22a0;Telescope -> Pirate Fortress Exterior;-1
1;0x23;0x4020;Pirate Fortress Interior - Treasure;0x7020;Sewers' Gate -> Pirate Fortress Entrance;-1
1;0x23;0x4020;Pirate Fortress Interior - Treasure;0x7030;Sewers' Vent -> Pirate Fortress Entrance - Sewers' Vent;-1
1;0x23;0x4020;Pirate Fortress Interior - Treasure;0x7060;Sewers' Door -> Pirate Fortress Entrance;-1
1;0x23;0x4030;Pirate Fortress Interior - Treasure Egg Side;0x2210;Hookshot -> Pirate Fortress Exterior;-1
1;0x23;0x4030;Pirate Fortress Interior - Treasure Egg Side;0x2220;Hookshot Lookout -> Pirate Fortress Exterior;-1
1;0x23;0x4030;Pirate Fortress Interior - Treasure Egg Side;0x2230;Treasure -> Pirate Fortress Exterior;15.2294
1;0x23;0x4030;Pirate Fortress Interior - Treasure Egg Side;0x2240;Treasure Egg Side -> Pirate Fortress Exterior;2.62857
1;0x23;0x4030;Pirate Fortress Interior - Treasure Egg Side;0x2250;Canon -> Pirate Fortress Exterior;-1
1;0x23;0x4030;Pirate Fortress Interior - Treasure Egg Side;0x2260;Canon Egg Side -> Pirate Fortress Exterior;-1
1;0x23;0x4030;Pirate Fortress Interior - Treasure Egg Side;0x2270;Barrel -> Pirate Fortress Exterior;-1
1;0x23;0x4030;Pirate Fortress Interior - Treasure Egg Side;0x2280;Barrel Egg Side -> Pirate Fortress Exterior;-1
1;0x23;0x4030;Pirate Fortress Interior - Treasure Egg Side;0x22a0;Telescope -> Pirate Fortress Exterior;-1
1;0x23;0x4030;Pirate Fortress Interior - Treasure Egg Side;0x7020;Sewers' Gate -> Pirate Fortress Entrance;-1
1;0x23;0x4030;Pirate Fortress Interior - Treasure Egg Side;0x7030;Sewers' Vent -> Pirate Fortress Entrance - Sewers' Vent;-1
1;0x23;0x4030;Pirate Fortress Interior - Treasure Egg Side;0x7060;Sewers' Door -> Pirate Fortress Entrance;-1
1;0x23;0x4040;Pirate Fortress Interior - Canon;0x2210;Hookshot -> Pirate Fortress Exterior;-1
1;0x23;0x4040;Pirate Fortress Interior - Canon;0x2220;Hookshot Lookout -> Pirate Fortress Exterior;-1
1;0x23;0x4040;Pirate Fortress Interior - Canon;0x2230;Treasure -> Pirate Fortress Exterior;-1
1;0x23;0x4040;Pirate Fortress Interior - Canon;0x2240;Treasure Egg Side -> Pirate Fortress Exterior;-1
1;0x23;0x4040;Pirate Fortress Interior - Canon;0x2250;Canon -> Pirate Fortress Exterior;3.03704
1;0x23;0x4040;Pirate Fortress Interior - Canon;0x2260;Canon Egg Side -> Pirate Fortress Exterior;44.7318
1;0x23;0x4040;Pirate Fortress Interior - Canon;0x2270;Barrel -> Pirate Fortress Exterior;-1
1;0x23;0x4040;Pirate Fortress Interior - Canon;0x2280;Barrel Egg Side -> Pirate Fortress Exterior;-1
1;0x23;0x4040;Pirate Fortress Interior - Canon;0x22a0;Telescope -> Pirate Fortress Exterior;-1
1;0x23;0x4040;Pirate Fortress Interior - Canon;0x7020;Sewers' Gate -> Pirate Fortress Entrance;-1
1;0x23;0x4040;Pirate Fortress Interior - Canon;0x7030;Sewers' Vent -> Pirate Fortress Entrance - Sewers' Vent;-1
1;0x23;0x4040;Pirate Fortress Interior - Canon;0x7060;Sewers' Door -> Pirate Fortress Entrance;-1
1;0x23;0x4050;Pirate Fortress Interior - Canon Egg Side;0x2210;Hookshot -> Pirate Fortress Exterior;-1
1;0x23;0x4050;Pirate Fortress Interior - Canon Egg Side;0x2220;Hookshot Lookout -> Pirate Fortress Exterior;-1
1;0x23;0x4050;Pirate Fortress Interior - Canon Egg Side;0x2230;Treasure -> Pirate Fortress Exterior;-1
1;0x23;0x4050;Pirate Fortress Interior - Canon Egg Side;0x2240;Treasure Egg Side -> Pirate Fortress Exterior;-1
1;0x23;0x4050;Pirate Fortress Interior - Canon Egg Side;0x2250;Canon -> Pirate Fortress Exterior;19.5393
1;0x23;0x4050;Pirate Fortress Interior - Canon Egg Side;0x2260;Canon Egg Side -> Pirate Fortress Exterior;2.98759
1;0x23;0x4050;Pirate Fortress Interior - Canon Egg Side;0x2270;Barrel -> Pirate Fortress Exterior;-1
1;0x23;0x4050;Pirate Fortress Interior - Canon Egg Side;0x2280;Barrel Egg Side -> Pirate Fortress Exterior;-1
1;0x23;0x4050;Pirate Fortress Interior - Canon Egg Side;0x22a0;Telescope -> Pirate Fortress Exterior;-1
1;0x23;0x4050;Pirate Fortress Interior - Canon Egg Side;0x7020;Sewers' Gate -> Pirate Fortress Entrance;-1
1;0x23;0x4050;Pirate Fortress Interior - Canon Egg Side;0x7030;Sewers' Vent -> Pirate Fortress Entrance - Sewers' Vent;-1
1;0x23;0x4050;Pirate Fortress Interior - Canon Egg Side;0x7060;Sewers' Door -> Pirate Fortress Entrance;-1
1;0x23;0x4060;Pirate Fortress Interior - Barrel;0x2210;Hookshot -> Pirate Fortress Exterior;-1
1;0x23;0x4060;Pirate Fortress Interior - Barrel;0x2220;Hookshot Lookout -> Pirate Fortress Exterior;-1
1;0x23;0x4060;Pirate Fortress Interior - Barrel;0x2230;Treasure -> Pirate Fortress Exterior;-1
1;0x23;0x4060;Pirate Fortress Interior - Barrel;0x2240;Treasure Egg Side -> Pirate Fortress Exterior;-1
1;0x23;0x4060;Pirate Fortress Interior - Barrel;0x2250;Canon -> Pirate Fortress Exterior;-1
1;0x23;0x4060;Pirate Fortress Interior - Barrel;0x2260;Canon Egg Side -> Pirate Fortress Exterior;-1
1;0x23;0x4060;Pirate Fortress Interior - Barrel;0x2270;Barrel -> Pirate Fortress Exterior;3.36625
1;0x23;0x4060;Pirate Fortress Interior - Barrel;0x2280;Barrel Egg Side -> Pirate Fortress Exterior;15.0145
1;0x23;0x4060;Pirate Fortress Interior - Barrel;0x22a0;Telescope -> Pirate Fortress Exterior;-1
1;0x23;0x4060;Pirate Fortress Interior - Barrel;0x7020;Sewers' Gate -> Pirate Fortress Entrance;-1
1;0x23;0x4060;Pirate Fortress Interior - Barrel;0x7030;Sewers' Vent -> Pirate Fortress Entrance - Sewers' Vent;-1
1;0x23;0x4060;Pirate Fortress Interior - Barrel;0x7060;Sewers' Door -> Pirate Fortress Entrance;-1
1;0x23;0x4070;Pirate Fortress Interior - Barrel Egg Side;0x2210;Hookshot -> Pirate Fortress Exterior;-1
1;0x23;0x4070;Pirate Fortress Interior - Barrel Egg Side;0x2220;Hookshot Lookout -> Pirate Fortress Exterior;-1
1;0x23;0x4070;Pirate Fortress Interior - Barrel Egg Side;0x2230;Treasure -> Pirate Fortress Exterior;-1
1;0x23;0x4070;Pirate Fortress Interior - Barrel Egg Side;0x2240;Treasure Egg Side -> Pirate Fortress Exterior;-1
1;0x23;0x4070;Pirate Fortress Interior - Barrel Egg Side;0x2250;Canon -> Pirate Fortress Exterior;-1
1;0x23;0x4070;Pirate Fortress Interior - Barrel Egg Side;0x2260;Canon Egg Side -> Pirate Fortress Exterior;-1
1;0x23;0x4070;Pirate Fortress Interior - Barrel Egg Side;0x2270;Barrel -> Pirate Fortress Exterior;16.5066
1;0x23;0x4070;Pirate Fortress Interior - Barrel Egg Side;0x2280;Barrel Egg Side -> Pirate Fortress Exterior;2.64119
1;0x23;0x4070;Pirate Fortress Interior - Barrel Egg Side;0x22a0;Telescope -> Pirate Fortress Exterior;-1
1;0x23;0x4070;Pirate Fortress Interior - Barrel Egg Side;0x7020;Sewers' Gate -> Pirate Fortress Entrance;-1
1;0x23;0x4070;Pirate Fortress Interior - Barrel Egg Side;0x7030;Sewers' Vent -> Pirate Fortress Entrance - Sewers' Vent;-1
1;0x23;0x4070;Pirate Fortress Interior - Barrel Egg Side;0x7060;Sewers' Door -> Pirate Fortress Entrance;-1
1;0x23;0x4080;Pirate Fortress Interior - Sewers' Telescope;0x2210;Hookshot -> Pirate Fortress Exterior;-1
1;0x23;0x4080;Pirate Fortress Interior - Sewers' Telescope;0x2220;Hookshot Lookout -> Pirate Fortress Exterior;-1
1;0x23;0x4080;Pirate Fortress Interior - Sewers' Telescope;0x2230;Treasure -> Pirate Fortress Exterior;-1
1;0x23;0x4080;Pirate Fortress Interior - Sewers' Telescope;0x2240;Treasure Egg Side -> Pirate Fortress Exterior;-1
1;0x23;0x4080;Pirate Fortress Interior - Sewers' Telescope;0x2250;Canon -> Pirate Fortress Exterior;-1
1;0x23;0x4080;Pirate Fortress Interior - Sewers' Telescope;0x2260;Canon Egg Side -> Pirate Fortress Exterior;-1
1;0x23;0x4080;Pirate Fortress Interior - Sewers' Telescope;0x2270;Barrel -> Pirate Fortress Exterior;-1
1;0x23;0x4080;Pirate Fortress Interior - Sewers' Telescope;0x2280;Barrel Egg Side -> Pirate Fortress Exterior;-1
1;0x23;0x4080;Pirate Fortress Interior - Sewers' Telescope;0x22a0;Telescope -> Pirate Fortress Exterior;2.81384
1;0x23;0x4080;Pirate Fortress Interior - Sewers' Telescope;0x7020;Sewers' Gate -> Pirate Fortress Entrance;-1
1;0x23;0x4080;Pirate Fortress Interior - Sewers' Telescope;0x7030;Sewers' Vent -> Pirate Fortress Entrance - Sewers' Vent;15.8788
1;0x23;0x4080;Pirate Fortress Interior - Sewers' Telescope;0x7060;Sewers' Door -> Pirate Fortress Entrance;14.8026
1;0x23;0x4090;Pirate Fortress Interior - Sewers' Gate;0x2210;Hookshot -> Pirate Fortress Exterior;-1
1;0x23;0x4090;Pirate Fortress Interior - Sewers' Gate;0x2220;Hookshot Lookout -> Pirate Fortress Exterior;-1
1;0x23;0x4090;Pirate Fortress Interior - Sewers' Gate;0x2230;Treasure -> Pirate Fortress Exterior;-1
1;0x23;0x4090;Pirate Fortress Interior - Sewers' Gate;0x2240;Treasure Egg Side -> Pirate Fortress Exterior;-1
1;0x23;0x4090;Pirate Fortress Interior - Sewers' Gate;0x2250;Canon -> Pirate Fortress Exterior;-1
1;0x23;0x4090;Pirate Fortress Interior - Sewers' Gate;0x2260;Canon Egg Side -> Pirate Fortress Exterior;-1
1;0x23;0x4090;Pirate Fortress Interior - Sewers' Gate;0x2270;Barrel -> Pirate Fortress Exterior;-1
1;0x23;0x4090;Pirate Fortress Interior - Sewers' Gate;0x2280;Barrel Egg Side -> Pirate Fortress Exterior;-1
1;0x23;0x4090;Pirate Fortress Interior - Sewers' Gate;0x22a0;Telescope -> Pirate Fortress Exterior;107.843
1;0x23;0x4090;Pirate Fortress Interior - Sewers' Gate;0x7020;Sewers' Gate -> Pirate Fortress Entrance;2.96738
1;0x23;0x4090;Pirate Fortress Interior - Sewers' Gate;0x7030;Sewers' Vent -> Pirate Fortress Entrance - Sewers' Vent;26.4762
1;0x23;0x4090;Pirate Fortress Interior - Sewers' Gate;0x7060;Sewers' Door -> Pirate Fortress Entrance;90.3308
1;0x23;0x4090;Pirate Fortress Interior - Sewers' Gate;0xaa30;Warp Owl -> Stone Tower - Owl Statue;107.241
1;0x23;0x40a0;Pirate Fortress Interior - Sewers' Door;0x2210;Hookshot -> Pirate Fortress Exterior;-1
1;0x23;0x40a0;Pirate Fortress Interior - Sewers' Door;0x2220;Hookshot Lookout -> Pirate Fortress Exterior;-1
1;0x23;0x40a0;Pirate Fortress Interior - Sewers' Door;0x2230;Treasure -> Pirate Fortress Exterior;-1
1;0x23;0x40a0;Pirate Fortress Interior - Sewers' Door;0x2240;Treasure Egg Side -> Pirate Fortress Exterior;-1
1;0x23;0x40a0;Pirate Fortress Interior - Sewers' Door;0x2250;Canon -> Pirate Fortress Exterior;-1
1;0x23;0x40a0;Pirate Fortress Interior - Sewers' Door;0x2260;Canon Egg Side -> Pirate Fortress Exterior;-1
1;0x23;0x40a0;Pirate Fortress Interior - Sewers' Door;0x2270;Barrel -> Pirate Fortress Exterior;-1
1;0x23;0x40a0;Pirate Fortress Interior - Sewers' Door;0x2280;Barrel Egg Side -> Pirate Fortress Exterior;-1
1;0x23;0x40a0;Pirate Fortress Interior - Sewers' Door;0x22a0;Telescope -> Pirate Fortress Exterior;18.5533
1;0x23;0x40a0;Pirate Fortress Interior - Sewers' Door;0x7020;Sewers' Gate -> Pirate Fortress Entrance;-1
1;0x23;0x40a0;Pirate Fortress Interior - Sewers' Door;0x7030;Sewers' Vent -> Pirate Fortress Entrance - Sewers' Vent;16.6713
1;0x23;0x40a0;Pirate Fortress Interior - Sewers' Door;0x7060;Sewers' Door -> Pirate Fortress Entrance;3.04072
1;0x24;0x4200;Swamp Archery - Road to Southern Swamp;0x7a20;Swamp Archery -> Road to Southern Swamp;3.1662
1;0x25;0x4400;Pinnacle Rock - Great Bay Coast;0x4410;Void Entrance -> Pinnacle Rock - Void Entrance;6.78242
1;0x25;0x4400;Pinnacle Rock - Great Bay Coast;0x6830;Pinnacle Rock -> Great Bay Coast;3.56956
1;0x25;0x4410;Pinnacle Rock - Void Entrance - Void Entrance;0x6830;Pinnacle Rock -> Great Bay Coast;3.5663
1;0x4;0x4600;Town Fairy Fountain - North Clock Town;0xd630;Clock Town Fairy Fountain -> North Clock Town;2.94119
1;0x3;0x4610;Woodfall Fairy Fountain - Woodfall;0x8620;Woodfall Fairy Fountain -> Woodfall;2.91026
1;0x1;0x4620;Snowhead Fairy Fountain - Snowhead;0xb220;Snowhead Fairy Fountain -> Snowhead;2.91107
1;0x2;0x4630;Ocean Fairy Fountain - Zora Cape;0x6a50;Ocean Fairy Fountain -> Zora Cape;2.90944
1;0x5;0x4640;Ikana Fairy Fountain - Ikana Canyon;0x20b0;Ikana Fairy Fountain -> Ikana Canyon;2.91592
1;0x27;0x4800;Swamp Spider House - Southern Swamp;0x8480;Swamp Spider House -> Southern Swamp;3.15535
1;0x28;0x4a00;Ocean Spider House - Great Bay Coast;0x6880;Ocean Spider House -> Great Bay Coast;3.04793
1;0x29;0x4c00;Astral Observatory - East Clock Town;0x5490;Astral Observatory -> Termina Field;35.1662
1;0x29;0x4c00;Astral Observatory - East Clock Town;0x54a0;Telescope -> Termina Field;33.6321
1;0x29;0x4c00;Astral Observatory - East Clock Town;0xd220;Astral Observatory -> East Clock Town;2.5546
1;0x29;0x4c10;Astral Observatory - Termina Field;0x5490;Astral Observatory -> Termina Field;2.77482
1;0x29;0x4c10;Astral Observatory - Termina Field;0x54a0;Telescope -> Termina Field;6.80854
1;0x29;0x4c10;Astral Observatory - Termina Field;0xd220;Astral Observatory -> East Clock Town;33.2147
1;0x29;0x4c20;Astral Observatory - Telescope;0x5490;Astral Observatory -> Termina Field;6.29672
1;0x29;0x4c20;Astral Observatory - Telescope;0x54a0;Telescope -> Termina Field;6.39424
1;0x29;0x4c20;Astral Observatory - Telescope;0xd220;Astral Observatory -> East Clock Town;35.841
1;0x2a;0x4e00;Deku's Trial - Entrance - Entrance;0x4f000;Exit -> Deku's Trial -> Exit;19.5879
1;0x2b;0x5000;Deku Palace - Southern Swamp;0x1460;Deku Palace - End Line -> JP End Line Grotto;42.9882
1;0x2b;0x5000;Deku Palace - Southern Swamp;0x1480;Deku Palace - Right Climb -> JP Right Climb Grotto;24.4939
1;0x2b;0x5000;Deku Palace - Southern Swamp;0x14c0;Deku Palace -> Bean Grotto;43.4567
1;0x2b;0x5000;Deku Palace - Southern Swamp;0x14e0;Deku Palace - Start Line -> JP Start Line Grotto;37.5119
1;0x2b;0x5000;Deku Palace - Southern Swamp;0x14f0;Deku Palace - Left Climb -> JP Left Climb Grotto;35.2211
1;0x2b;0x5000;Deku Palace - Southern Swamp;0x5010;Caught -> Deku Palace -> Caught;18.5027
1;0x2b;0x5000;Deku Palace - Southern Swamp;0x7600;Deku Palace -> Deku King's Chamber;14.3068
1;0x2b;0x5000;Deku Palace - Southern Swamp;0x7610;Deku Palace - Jail -> Monkey Jail;93.7174
1;0x2b;0x5000;Deku Palace - Southern Swamp;0x8430;Deku Palace -> Southern Swamp;2.92888
1;0x2b;0x5000;Deku Palace - Southern Swamp;0x8440;Ledge -> Southern Swamp;16.0224
1;0x2b;0x5000;Deku Palace - Southern Swamp;0x84a0;Warp Owl -> Southern Swamp - Owl Statue;27.9184
1;0x2b;0x5000;Deku Palace - Southern Swamp;0x9e00;Deku Palace -> Deku Shrine;22.6709
1;0x2b;0x50100;Deku Palace - Bridge - Bridge;0x1460;Deku Palace - End Line -> JP End Line Grotto;35.9882
1;0x2b;0x50100;Deku Palace - Bridge - Bridge;0x1480;Deku Palace - Right Climb -> JP Right Climb Grotto;17.4939
1;0x2b;0x50100;Deku Palace - Bridge - Bridge;0x14c0;Deku Palace -> Bean Grotto;36.4567
1;0x2b;0x50100;Deku Palace - Bridge - Bridge;0x14e0;Deku Palace - Start Line -> JP Start Line Grotto;30.5119
1;0x2b;0x50100;Deku Palace - Bridge - Bridge;0x14f0;Deku Palace - Left Climb -> JP Left Climb Grotto;28.2211
1;0x2b;0x50100;Deku Palace - Bridge - Bridge;0x5010;Caught -> Deku Palace -> Caught;11.5027
1;0x2b;0x50100;Deku Palace - Bridge - Bridge;0x7600;Deku Palace -> Deku King's Chamber;7.3068
1;0x2b;0x50100;Deku Palace - Bridge - Bridge;0x7610;Deku Palace - Jail -> Monkey Jail;86.7174
1;0x2b;0x50100;Deku Palace - Bridge - Bridge;0x8430;Deku Palace -> Southern Swamp;7.22351
1;0x2b;0x50100;Deku Palace - Bridge - Bridge;0x8440;Ledge -> Southern Swamp;12.0224
1;0x2b;0x50100;Deku Palace - Bridge - Bridge;0x9e00;Deku Palace -> Deku Shrine;15.6709
1;0x2b;0x5020;Deku Palace - Deku King's Chamber;0x1460;Deku Palace - End Line -> JP End Line Grotto;45.7211
1;0x2b;0x5020;Deku Palace - Deku King's Chamber;0x1480;Deku Palace - Right Climb -> JP Right Climb Grotto;14.666
1;0x2b;0x5020;Deku Palace - Deku King's Chamber;0x14c0;Deku Palace -> Bean Grotto;42.8701
1;0x2b;0x5020;Deku Palace - Deku King's Chamber;0x14e0;Deku Palace - Start Line -> JP Start Line Grotto;19.1543
1;0x2b;0x5020;Deku Palace - Deku King's Chamber;0x14f0;Deku Palace - Left Climb -> JP Left Climb Grotto;17.2846
1;0x2b;0x5020;Deku Palace - Deku King's Chamber;0x5010;Caught -> Deku Palace -> Caught;7.112
1;0x2b;0x5020;Deku Palace - Deku King's Chamber;0x7600;Deku Palace -> Deku King's Chamber;3.37967
1;0x2b;0x5020;Deku Palace - Deku King's Chamber;0x7610;Deku Palace - Jail -> Monkey Jail;87.4645
1;0x2b;0x5020;Deku Palace - Deku King's Chamber;0x8430;Deku Palace -> Southern Swamp;10.0978
1;0x2b;0x5020;Deku Palace - Deku King's Chamber;0x8440;Ledge -> Southern Swamp;16.3347
1;0x2b;0x5020;Deku Palace - Deku King's Chamber;0x9e00;Deku Palace -> Deku Shrine;24.366
1;0x2b;0x5030;Deku Palace - Monkey Jail;0x1460;Deku Palace - End Line -> JP End Line Grotto;59.4561
1;0x2b;0x5030;Deku Palace - Monkey Jail;0x1480;Deku Palace - Right Climb -> JP Right Climb Grotto;19.1657
1;0x2b;0x5030;Deku Palace - Monkey Jail;0x14c0;Deku Palace -> Bean Grotto;56.1239
1;0x2b;0x5030;Deku Palace - Monkey Jail;0x14e0;Deku Palace - Start Line -> JP Start Line Grotto;7.10812
1;0x2b;0x5030;Deku Palace - Monkey Jail;0x14f0;Deku Palace - Left Climb -> JP Left Climb Grotto;5.83507
1;0x2b;0x5030;Deku Palace - Monkey Jail;0x5010;Caught -> Deku Palace -> Caught;8.35338
1;0x2b;0x5030;Deku Palace - Monkey Jail;0x7600;Deku Palace -> Deku King's Chamber;15.4512
1;0x2b;0x5030;Deku Palace - Monkey Jail;0x7610;Deku Palace - Jail -> Monkey Jail;2.76879
1;0x2b;0x5030;Deku Palace - Monkey Jail;0x8430;Deku Palace -> Southern Swamp;14.8295
1;0x2b;0x5030;Deku Palace - Monkey Jail;0x8440;Ledge -> Southern Swamp;21.5368
1;0x2b;0x5030;Deku Palace - Monkey Jail;0x9e00;Deku Palace -> Deku Shrine;31.4645
1;0x2b;0x5040;Deku Palace - Deku Shrine;0x1460;Deku Palace - End Line -> JP End Line Grotto;59.4375
1;0x2b;0x5040;Deku Palace - Deku Shrine;0x1480;Deku Palace - Right Climb -> JP Right Climb Grotto;38.1404
1;0x2b;0x5040;Deku Palace - Deku Shrine;0x14c0;Deku Palace -> Bean Grotto;58.675
1;0x2b;0x5040;Deku Palace - Deku Shrine;0x14e0;Deku Palace - Start Line -> JP Start Line Grotto;50.4385
1;0x2b;0x5040;Deku Palace - Deku Shrine;0x14f0;Deku Palace - Left Climb -> JP Left Climb Grotto;43.4247
1;0x2b;0x5040;Deku Palace - Deku Shrine;0x5010;Caught -> Deku Palace -> Caught;37.0986
1;0x2b;0x5040;Deku Palace - Deku Shrine;0x7600;Deku Palace -> Deku King's Chamber;27.6661
1;0x2b;0x5040;Deku Palace - Deku Shrine;0x7610;Deku Palace - Jail -> Monkey Jail;114.072
1;0x2b;0x5040;Deku Palace - Deku Shrine;0x8430;Deku Palace -> Southern Swamp;23.5975
1;0x2b;0x5040;Deku Palace - Deku Shrine;0x8440;Ledge -> Southern Swamp;30.0474
1;0x2b;0x5040;Deku Palace - Deku Shrine;0x9e00;Deku Palace -> Deku Shrine;2.64168
1;0x2b;0x5050;Deku Palace - Ledge;0x1460;Deku Palace - End Line -> JP End Line Grotto;38.0231
1;0x2b;0x5050;Deku Palace - Ledge;0x1480;Deku Palace - Right Climb -> JP Right Climb Grotto;23.5848
1;0x2b;0x5050;Deku Palace - Ledge;0x14c0;Deku Palace -> Bean Grotto;37.6897
1;0x2b;0x5050;Deku Palace - Ledge;0x14e0;Deku Palace - Start Line -> JP Start Line Grotto;33.4784
1;0x2b;0x5050;Deku Palace - Ledge;0x14f0;Deku Palace - Left Climb -> JP Left Climb Grotto;28.6833
1;0x2b;0x5050;Deku Palace - Ledge;0x5010;Caught -> Deku Palace -> Caught;18.7885
1;0x2b;0x5050;Deku Palace - Ledge;0x7600;Deku Palace -> Deku King's Chamber;15.0489
1;0x2b;0x5050;Deku Palace - Ledge;0x7610;Deku Palace - Jail -> Monkey Jail;76.0913
1;0x2b;0x5050;Deku Palace - Ledge;0x8430;Deku Palace -> Southern Swamp;8.22176
1;0x2b;0x5050;Deku Palace - Ledge;0x8440;Ledge -> Southern Swamp;2.75016
1;0x2b;0x5050;Deku Palace - Ledge;0x9e00;Deku Palace -> Deku Shrine;27.8668
1;0x2b;0x5060;Deku Palace - JP Left Climb Grotto;0x1460;Deku Palace - End Line -> JP End Line Grotto;55.0784
1;0x2b;0x5060;Deku Palace - JP Left Climb Grotto;0x1480;Deku Palace - Right Climb -> JP Right Climb Grotto;23.8366
1;0x2b;0x5060;Deku Palace - JP Left Climb Grotto;0x14c0;Deku Palace -> Bean Grotto;53.2592
1;0x2b;0x5060;Deku Palace - JP Left Climb Grotto;0x14e0;Deku Palace - Start Line -> JP Start Line Grotto;9.16474
1;0x2b;0x5060;Deku Palace - JP Left Climb Grotto;0x14f0;Deku Palace - Left Climb -> JP Left Climb Grotto;3.02666
1;0x2b;0x5060;Deku Palace - JP Left Climb Grotto;0x5010;Caught -> Deku Palace -> Caught;5.2849
1;0x2b;0x5060;Deku Palace - JP Left Climb Grotto;0x7600;Deku Palace -> Deku King's Chamber;13.5404
1;0x2b;0x5060;Deku Palace - JP Left Climb Grotto;0x7610;Deku Palace - Jail -> Monkey Jail;99.9168
1;0x2b;0x5060;Deku Palace - JP Left Climb Grotto;0x8430;Deku Palace -> Southern Swamp;18.5072
1;0x2b;0x5060;Deku Palace - JP Left Climb Grotto;0x8440;Ledge -> Southern Swamp;25.6519
1;0x2b;0x5060;Deku Palace - JP Left Climb Grotto;0x9e00;Deku Palace -> Deku Shrine;34.1964
1;0x2b;0x5070;Deku Palace - JP Start Line Grotto;0x1460;Deku Palace - End Line -> JP End Line Grotto;64.4147
1;0x2b;0x5070;Deku Palace - JP Start Line Grotto;0x1480;Deku Palace - Right Climb -> JP Right Climb Grotto;26.8341
1;0x2b;0x5070;Deku Palace - JP Start Line Grotto;0x14c0;Deku Palace -> Bean Grotto;55.0519
1;0x2b;0x5070;Deku Palace - JP Start Line Grotto;0x14e0;Deku Palace - Start Line -> JP Start Line Grotto;3.06567
1;0x2b;0x5070;Deku Palace - JP Start Line Grotto;0x14f0;Deku Palace - Left Climb -> JP Left Climb Grotto;8.93661
1;0x2b;0x5070;Deku Palace - JP Start Line Grotto;0x5010;Caught -> Deku Palace -> Caught;5.53664
1;0x2b;0x5070;Deku Palace - JP Start Line Grotto;0x7600;Deku Palace -> Deku King's Chamber;17.5925
1;0x2b;0x5070;Deku Palace - JP Start Line Grotto;0x7610;Deku Palace - Jail -> Monkey Jail;92.9187
1;0x2b;0x5070;Deku Palace - JP Start Line Grotto;0x8430;Deku Palace -> Southern Swamp;23.1199
1;0x2b;0x5070;Deku Palace - JP Start Line Grotto;0x8440;Ledge -> Southern Swamp;30.6647
1;0x2b;0x5070;Deku Palace - JP Start Line Grotto;0x9e00;Deku Palace -> Deku Shrine;36.552
1;0x2b;0x5080;Deku Palace - JP End Line Grotto;0x1460;Deku Palace - End Line -> JP End Line Grotto;3.06654
1;0x2b;0x5080;Deku Palace - JP End Line Grotto;0x1480;Deku Palace - Right Climb -> JP Right Climb Grotto;7.84915
1;0x2b;0x5080;Deku Palace - JP End Line Grotto;0x14c0;Deku Palace -> Bean Grotto;4.27297
1;0x2b;0x5080;Deku Palace - JP End Line Grotto;0x14e0;Deku Palace - Start Line -> JP Start Line Grotto;44.7783
1;0x2b;0x5080;Deku Palace - JP End Line Grotto;0x14f0;Deku Palace - Left Climb -> JP Left Climb Grotto;38.9374
1;0x2b;0x5080;Deku Palace - JP End Line Grotto;0x5010;Caught -> Deku Palace -> Caught;6.03148
1;0x2b;0x5080;Deku Palace - JP End Line Grotto;0x7600;Deku Palace -> Deku King's Chamber;22.7018
1;0x2b;0x5080;Deku Palace - JP End Line Grotto;0x7610;Deku Palace - Jail -> Monkey Jail;102.9975
1;0x2b;0x5080;Deku Palace - JP End Line Grotto;0x8430;Deku Palace -> Southern Swamp;27.8072
1;0x2b;0x5080;Deku Palace - JP End Line Grotto;0x8440;Ledge -> Southern Swamp;36.3176
1;0x2b;0x5080;Deku Palace - JP End Line Grotto;0x9e00;Deku Palace -> Deku Shrine;42.3519
1;0x2b;0x5090;Deku Palace - Bean Grotto;0x1460;Deku Palace - End Line -> JP End Line Grotto;9.1567
1;0x2b;0x5090;Deku Palace - Bean Grotto;0x1480;Deku Palace - Right Climb -> JP Right Climb Grotto;8.19616
1;0x2b;0x5090;Deku Palace - Bean Grotto;0x14c0;Deku Palace -> Bean Grotto;3.17914
1;0x2b;0x5090;Deku Palace - Bean Grotto;0x14e0;Deku Palace - Start Line -> JP Start Line Grotto;44.7783
1;0x2b;0x5090;Deku Palace - Bean Grotto;0x14f0;Deku Palace - Left Climb -> JP Left Climb Grotto;38.9374
1;0x2b;0x5090;Deku Palace - Bean Grotto;0x5010;Caught -> Deku Palace -> Caught;5.1355
1;0x2b;0x5090;Deku Palace - Bean Grotto;0x5080;JP End Line Grotto -> Deku Palace;2.81352
1;0x2b;0x5090;Deku Palace - Bean Grotto;0x7600;Deku Palace -> Deku King's Chamber;22.7018
1;0x2b;0x5090;Deku Palace - Bean Grotto;0x7610;Deku Palace - Jail -> Monkey Jail;102.9975
1;0x2b;0x5090;Deku Palace - Bean Grotto;0x8430;Deku Palace -> Southern Swamp;27.8072
1;0x2b;0x5090;Deku Palace - Bean Grotto;0x8440;Ledge -> Southern Swamp;36.3176
1;0x2b;0x5090;Deku Palace - Bean Grotto;0x9e00;Deku Palace -> Deku Shrine;42.3519
1;0x2b;0x50a0;Deku Palace - JP Right Climb Grotto;0x1460;Deku Palace - End Line -> JP End Line Grotto;55.7764
1;0x2b;0x50a0;Deku Palace - JP Right Climb Grotto;0x1480;Deku Palace - Right Climb -> JP Right Climb Grotto;3.18473
1;0x2b;0x50a0;Deku Palace - JP Right Climb Grotto;0x14c0;Deku Palace -> Bean Grotto;55.2479
1;0x2b;0x50a0;Deku Palace - JP Right Climb Grotto;0x14e0;Deku Palace - Start Line -> JP Start Line Grotto;36.7783
1;0x2b;0x50a0;Deku Palace - JP Right Climb Grotto;0x14f0;Deku Palace - Left Climb -> JP Left Climb Grotto;30.9374
1;0x2b;0x50a0;Deku Palace - JP Right Climb Grotto;0x5010;Caught -> Deku Palace -> Caught;6.7501
1;0x2b;0x50a0;Deku Palace - JP Right Climb Grotto;0x7600;Deku Palace -> Deku King's Chamber;14.7018
1;0x2b;0x50a0;Deku Palace - JP Right Climb Grotto;0x7610;Deku Palace - Jail -> Monkey Jail;94.9975
1;0x2b;0x50a0;Deku Palace - JP Right Climb Grotto;0x8430;Deku Palace -> Southern Swamp;19.8072
1;0x2b;0x50a0;Deku Palace - JP Right Climb Grotto;0x8440;Ledge -> Southern Swamp;28.3176
1;0x2b;0x50a0;Deku Palace - JP Right Climb Grotto;0x9e00;Deku Palace -> Deku Shrine;34.3519
1;0x2c;0x5200;Blacksmith - Mountain Village;0x9a10;Blacksmith -> Mountain Village;2.82746
1;0x2d;0x5400;Termina Field - West Clock Town;0x10000;Termina Field -> Pillar Grotto;39.6357
1;0x2d;0x5400;Termina Field - West Clock Town;0x10001;Termina Field -> Tall Grass Grotto;25.9299
1;0x2d;0x5400;Termina Field - West Clock Town;0x1000d;Termina Field -> Cow Grotto;29.9231
1;0x2d;0x5400;Termina Field - West Clock Town;0x1400;Termina Field -> Ocean Gossip Grotto;15.3763
1;0x2d;0x5400;Termina Field - West Clock Town;0x1410;Termina Field -> Swamp Gossip Grotto;24.5247
1;0x2d;0x5400;Termina Field - West Clock Town;0x1420;Termina Field -> Canyon Gossip Grotto;41.4452
1;0x2d;0x5400;Termina Field - West Clock Town;0x1430;Termina Field -> Mountain Gossip Grotto;19.9969
1;0x2d;0x5400;Termina Field - West Clock Town;0x1470;Termina Field -> Dodongo Grotto;23.7371
1;0x2d;0x5400;Termina Field - West Clock Town;0x1490;Termina Field -> Scrub Grotto;34.9276
1;0x2d;0x5400;Termina Field - West Clock Town;0x14b0;Termina Field -> Bio Baba Grotto;16.7151
1;0x2d;0x5400;Termina Field - West Clock Town;0x14d0;Termina Field -> Peahat Grotto;19.937
1;0x2d;0x5400;Termina Field - West Clock Town;0x3200;Termina Field -> Path to Mountain Village;35.5648
1;0x2d;0x5400;Termina Field - West Clock Town;0x3e00;Termina Field -> Milk Road;25.4132
1;0x2d;0x5400;Termina Field - West Clock Town;0x4c10;Termina Field -> Astral Observatory;46.1819
1;0x2d;0x5400;Termina Field - West Clock Town;0x4c20;Telescope -> Astral Observatory;-1
1;0x2d;0x5400;Termina Field - West Clock Town;0x6800;Termina Field -> Great Bay Coast;24.0541
1;0x2d;0x5400;Termina Field - West Clock Town;0x7a00;Termina Field -> Road to Southern Swamp;30.0171
1;0x2d;0x5400;Termina Field - West Clock Town;0xa000;Termina Field -> Road to Ikana;38.197
1;0x2d;0x5400;Termina Field - West Clock Town;0xd200;Termina Field -> East Clock Town;31.846
1;0x2d;0x5400;Termina Field - West Clock Town;0xd400;Termina Field -> West Clock Town;4.7751
1;0x2d;0x5400;Termina Field - West Clock Town;0xd600;Termina Field -> North Clock Town;17.4576
1;0x2d;0x5400;Termina Field - West Clock Town;0xd810;Termina Field -> South Clock Town;17.1339
1;0x2d;0x5410;Termina Field - Road to Southern Swamp;0x10000;Termina Field -> Pillar Grotto;39.5795
1;0x2d;0x5410;Termina Field - Road to Southern Swamp;0x10001;Termina Field -> Tall Grass Grotto;13.1318
1;0x2d;0x5410;Termina Field - Road to Southern Swamp;0x1000d;Termina Field -> Cow Grotto;11.8378
1;0x2d;0x5410;Termina Field - Road to Southern Swamp;0x1400;Termina Field -> Ocean Gossip Grotto;37.474
1;0x2d;0x5410;Termina Field - Road to Southern Swamp;0x1410;Termina Field -> Swamp Gossip Grotto;11.0099
1;0x2d;0x5410;Termina Field - Road to Southern Swamp;0x1420;Termina Field -> Canyon Gossip Grotto;38.6276
1;0x2d;0x5410;Termina Field - Road to Southern Swamp;0x1430;Termina Field -> Mountain Gossip Grotto;49.3421
1;0x2d;0x5410;Termina Field - Road to Southern Swamp;0x1470;Termina Field -> Dodongo Grotto;46.9764
1;0x2d;0x5410;Termina Field - Road to Southern Swamp;0x1490;Termina Field -> Scrub Grotto;33.3396
1;0x2d;0x5410;Termina Field - Road to Southern Swamp;0x14b0;Termina Field -> Bio Baba Grotto;38.8489
1;0x2d;0x5410;Termina Field - Road to Southern Swamp;0x14d0;Termina Field -> Peahat Grotto;16.5391
1;0x2d;0x5410;Termina Field - Road to Southern Swamp;0x3200;Termina Field -> Path to Mountain Village;62.3791
1;0x2d;0x5410;Termina Field - Road to Southern Swamp;0x3e00;Termina Field -> Milk Road;17.942
1;0x2d;0x5410;Termina Field - Road to Southern Swamp;0x4c10;Termina Field -> Astral Observatory;48.0241
1;0x2d;0x5410;Termina Field - Road to Southern Swamp;0x4c20;Telescope -> Astral Observatory;-1
1;0x2d;0x5410;Termina Field - Road to Southern Swamp;0x6800;Termina Field -> Great Bay Coast;47.0301
1;0x2d;0x5410;Termina Field - Road to Southern Swamp;0x7a00;Termina Field -> Road to Southern Swamp;3.20114
1;0x2d;0x5410;Termina Field - Road to Southern Swamp;0xa000;Termina Field -> Road to Ikana;41.1558
1;0x2d;0x5410;Termina Field - Road to Southern Swamp;0xd200;Termina Field -> East Clock Town;34.758
1;0x2d;0x5410;Termina Field - Road to Southern Swamp;0xd400;Termina Field -> West Clock Town;33.305
1;0x2d;0x5410;Termina Field - Road to Southern Swamp;0xd600;Termina Field -> North Clock Town;47.334
1;0x2d;0x5410;Termina Field - Road to Southern Swamp;0xd810;Termina Field -> South Clock Town;24.1403
1;0x2d;0x5420;Termina Field - Great Bay Coast;0x10000;Termina Field -> Pillar Grotto;60.5128
1;0x2d;0x5420;Termina Field - Great Bay Coast;0x10001;Termina Field -> Tall Grass Grotto;47.2956
1;0x2d;0x5420;Termina Field - Great Bay Coast;0x1000d;Termina Field -> Cow Grotto;44.7466
1;0x2d;0x5420;Termina Field - Great Bay Coast;0x1400;Termina Field -> Ocean Gossip Grotto;29.0509
1;0x2d;0x5420;Termina Field - Great Bay Coast;0x1410;Termina Field -> Swamp Gossip Grotto;41.3357
1;0x2d;0x5420;Termina Field - Great Bay Coast;0x1420;Termina Field -> Canyon Gossip Grotto;64.3255
1;0x2d;0x5420;Termina Field - Great Bay Coast;0x1430;Termina Field -> Mountain Gossip Grotto;42.4886
1;0x2d;0x5420;Termina Field - Great Bay Coast;0x1470;Termina Field -> Dodongo Grotto;33.4516
1;0x2d;0x5420;Termina Field - Great Bay Coast;0x1490;Termina Field -> Scrub Grotto;59.8611
1;0x2d;0x5420;Termina Field - Great Bay Coast;0x14b0;Termina Field -> Bio Baba Grotto;11.93
1;0x2d;0x5420;Termina Field - Great Bay Coast;0x14d0;Termina Field -> Peahat Grotto;35.3045
1;0x2d;0x5420;Termina Field - Great Bay Coast;0x3200;Termina Field -> Path to Mountain Village;51.0985
1;0x2d;0x5420;Termina Field - Great Bay Coast;0x3e00;Termina Field -> Milk Road;38.9154
1;0x2d;0x5420;Termina Field - Great Bay Coast;0x4c10;Termina Field -> Astral Observatory;68.2779
1;0x2d;0x5420;Termina Field - Great Bay Coast;0x4c20;Telescope -> Astral Observatory;-1
1;0x2d;0x5420;Termina Field - Great Bay Coast;0x6800;Termina Field -> Great Bay Coast;3.63341
1;0x2d;0x5420;Termina Field - Great Bay Coast;0x7a00;Termina Field -> Road to Southern Swamp;48.0551
1;0x2d;0x5420;Termina Field - Great Bay Coast;0xa000;Termina Field -> Road to Ikana;60.8221
1;0x2d;0x5420;Termina Field - Great Bay Coast;0xd200;Termina Field -> East Clock Town;54.324
1;0x2d;0x5420;Termina Field - Great Bay Coast;0xd400;Termina Field -> West Clock Town;28.2304
1;0x2d;0x5420;Termina Field - Great Bay Coast;0xd600;Termina Field -> North Clock Town;40.4514
1;0x2d;0x5420;Termina Field - Great Bay Coast;0xd810;Termina Field -> South Clock Town;42.3238
1;0x2d;0x5430;Termina Field - Path to Mountain Village;0x10000;Termina Field -> Pillar Grotto;40.3219
1;0x2d;0x5430;Termina Field - Path to Mountain Village;0x10001;Termina Field -> Tall Grass Grotto;50.1564
1;0x2d;0x5430;Termina Field - Path to Mountain Village;0x1000d;Termina Field -> Cow Grotto;59.2151
1;0x2d;0x5430;Termina Field - Path to Mountain Village;0x1400;Termina Field -> Ocean Gossip Grotto;24.4054
1;0x2d;0x5430;Termina Field - Path to Mountain Village;0x1410;Termina Field -> Swamp Gossip Grotto;62.4331
1;0x2d;0x5430;Termina Field - Path to Mountain Village;0x1420;Termina Field -> Canyon Gossip Grotto;37.7778
1;0x2d;0x5430;Termina Field - Path to Mountain Village;0x1430;Termina Field -> Mountain Gossip Grotto;19.6194
1;0x2d;0x5430;Termina Field - Path to Mountain Village;0x1470;Termina Field -> Dodongo Grotto;16.542
1;0x2d;0x5430;Termina Field - Path to Mountain Village;0x1490;Termina Field -> Scrub Grotto;38.1589
1;0x2d;0x5430;Termina Field - Path to Mountain Village;0x14b0;Termina Field -> Bio Baba Grotto;22.6569
1;0x2d;0x5430;Termina Field - Path to Mountain Village;0x14d0;Termina Field -> Peahat Grotto;40.2891
1;0x2d;0x5430;Termina Field - Path to Mountain Village;0x14d0;Termina Field -> Peahat Grotto;58.1731
1;0x2d;0x5430;Termina Field - Path to Mountain Village;0x3200;Termina Field -> Path to Mountain Village;3.00608
1;0x2d;0x5430;Termina Field - Path to Mountain Village;0x3e00;Termina Field -> Milk Road;54.2796
1;0x2d;0x5430;Termina Field - Path to Mountain Village;0x4c10;Termina Field -> Astral Observatory;58.9823
1;0x2d;0x5430;Termina Field - Path to Mountain Village;0x4c20;Telescope -> Astral Observatory;-1
1;0x2d;0x5430;Termina Field - Path to Mountain Village;0x6800;Termina Field -> Great Bay Coast;29.3581
1;0x2d;0x5430;Termina Field - Path to Mountain Village;0x7a00;Termina Field -> Road to Southern Swamp;63.2574
1;0x2d;0x5430;Termina Field - Path to Mountain Village;0xa000;Termina Field -> Road to Ikana;34.0539
1;0x2d;0x5430;Termina Field - Path to Mountain Village;0xd200;Termina Field -> East Clock Town;29.0863
1;0x2d;0x5430;Termina Field - Path to Mountain Village;0xd400;Termina Field -> West Clock Town;38.5663
1;0x2d;0x5430;Termina Field - Path to Mountain Village;0xd600;Termina Field -> North Clock Town;20.9087
1;0x2d;0x5430;Termina Field - Path to Mountain Village;0xd810;Termina Field -> South Clock Town;52.89
1;0x2d;0x5440;Termina Field - Road to Ikana;0x10000;Termina Field -> Pillar Grotto;19.1253
1;0x2d;0x5440;Termina Field - Road to Ikana;0x10001;Termina Field -> Tall Grass Grotto;26.091
1;0x2d;0x5440;Termina Field - Road to Ikana;0x1000d;Termina Field -> Cow Grotto;34.5861
1;0x2d;0x5440;Termina Field - Road to Ikana;0x1400;Termina Field -> Ocean Gossip Grotto;35.715
1;0x2d;0x5440;Termina Field - Road to Ikana;0x1410;Termina Field -> Swamp Gossip Grotto;38.1207
1;0x2d;0x5440;Termina Field - Road to Ikana;0x1420;Termina Field -> Canyon Gossip Grotto;10.9613
1;0x2d;0x5440;Termina Field - Road to Ikana;0x1430;Termina Field -> Mountain Gossip Grotto;23.7473
1;0x2d;0x5440;Termina Field - Road to Ikana;0x1470;Termina Field -> Dodongo Grotto;34.6977
1;0x2d;0x5440;Termina Field - Road to Ikana;0x1490;Termina Field -> Scrub Grotto;14.0434
1;0x2d;0x5440;Termina Field - Road to Ikana;0x14b0;Termina Field -> Bio Baba Grotto;45.1195
1;0x2d;0x5440;Termina Field - Road to Ikana;0x14d0;Termina Field -> Peahat Grotto;37.6999
1;0x2d;0x5440;Termina Field - Road to Ikana;0x3200;Termina Field -> Path to Mountain Village;44.2177
1;0x2d;0x5440;Termina Field - Road to Ikana;0x3e00;Termina Field -> Milk Road;45.0755
1;0x2d;0x5440;Termina Field - Road to Ikana;0x4c10;Termina Field -> Astral Observatory;28.2475
1;0x2d;0x5440;Termina Field - Road to Ikana;0x4c20;Telescope -> Astral Observatory;-1
1;0x2d;0x5440;Termina Field - Road to Ikana;0x6800;Termina Field -> Great Bay Coast;51.3669
1;0x2d;0x5440;Termina Field - Road to Ikana;0x7a00;Termina Field -> Road to Southern Swamp;36.4947
1;0x2d;0x5440;Termina Field - Road to Ikana;0xa000;Termina Field -> Road to Ikana;3.0345
1;0x2d;0x5440;Termina Field - Road to Ikana;0xd200;Termina Field -> East Clock Town;15.9124
1;0x2d;0x5440;Termina Field - Road to Ikana;0xd400;Termina Field -> West Clock Town;38.0411
1;0x2d;0x5440;Termina Field - Road to Ikana;0xd600;Termina Field -> North Clock Town;24.6547
1;0x2d;0x5440;Termina Field - Road to Ikana;0xd810;Termina Field -> South Clock Town;35.5091
1;0x2d;0x5450;Termina Field - Milk Road;0x10000;Termina Field -> Pillar Grotto;44.5795
1;0x2d;0x5450;Termina Field - Milk Road;0x10001;Termina Field -> Tall Grass Grotto;27.5248
1;0x2d;0x5450;Termina Field - Milk Road;0x1000d;Termina Field -> Cow Grotto;23.8755
1;0x2d;0x5450;Termina Field - Milk Road;0x1400;Termina Field -> Ocean Gossip Grotto;38.474
1;0x2d;0x5450;Termina Field - Milk Road;0x1410;Termina Field -> Swamp Gossip Grotto;9.47403
1;0x2d;0x5450;Termina Field - Milk Road;0x1420;Termina Field -> Canyon Gossip Grotto;43.6276
1;0x2d;0x5450;Termina Field - Milk Road;0x1430;Termina Field -> Mountain Gossip Grotto;50.3421
1;0x2d;0x5450;Termina Field - Milk Road;0x1470;Termina Field -> Dodongo Grotto;47.9764
1;0x2d;0x5450;Termina Field - Milk Road;0x1490;Termina Field -> Scrub Grotto;38.3396
1;0x2d;0x5450;Termina Field - Milk Road;0x14b0;Termina Field -> Bio Baba Grotto;30.8489
1;0x2d;0x5450;Termina Field - Milk Road;0x14d0;Termina Field -> Peahat Grotto;9.78066
1;0x2d;0x5450;Termina Field - Milk Road;0x3200;Termina Field -> Path to Mountain Village;63.3791
1;0x2d;0x5450;Termina Field - Milk Road;0x3e00;Termina Field -> Milk Road;4.02139
1;0x2d;0x5450;Termina Field - Milk Road;0x3e40;Warp Owl -> Milk Road - Owl Statue;2.40778
1;0x2d;0x5450;Termina Field - Milk Road;0x4c10;Termina Field -> Astral Observatory;53.0241
1;0x2d;0x5450;Termina Field - Milk Road;0x4c20;Telescope -> Astral Observatory;-1
1;0x2d;0x5450;Termina Field - Milk Road;0x6800;Termina Field -> Great Bay Coast;40.0301
1;0x2d;0x5450;Termina Field - Milk Road;0x7a00;Termina Field -> Road to Southern Swamp;20.023
1;0x2d;0x5450;Termina Field - Milk Road;0xa000;Termina Field -> Road to Ikana;46.1558
1;0x2d;0x5450;Termina Field - Milk Road;0xd200;Termina Field -> East Clock Town;39.758
1;0x2d;0x5450;Termina Field - Milk Road;0xd400;Termina Field -> West Clock Town;34.305
1;0x2d;0x5450;Termina Field - Milk Road;0xd600;Termina Field -> North Clock Town;48.334
1;0x2d;0x5450;Termina Field - Milk Road;0xd810;Termina Field -> South Clock Town;25.2825
1;0x2d;0x5460;Termina Field - South Clock Town;0x10000;Termina Field -> Pillar Grotto;24.6834
1;0x2d;0x5460;Termina Field - South Clock Town;0x10001;Termina Field -> Tall Grass Grotto;13.0841
1;0x2d;0x5460;Termina Field - South Clock Town;0x1000d;Termina Field -> Cow Grotto;14.9911
1;0x2d;0x5460;Termina Field - South Clock Town;0x1400;Termina Field -> Ocean Gossip Grotto;25.2007
1;0x2d;0x5460;Termina Field - South Clock Town;0x1410;Termina Field -> Swamp Gossip Grotto;17.003
1;0x2d;0x5460;Termina Field - South Clock Town;0x1420;Termina Field -> Canyon Gossip Grotto;26.2501
1;0x2d;0x5460;Termina Field - South Clock Town;0x1430;Termina Field -> Mountain Gossip Grotto;32.9672
1;0x2d;0x5460;Termina Field - South Clock Town;0x1470;Termina Field -> Dodongo Grotto;49.8494
1;0x2d;0x5460;Termina Field - South Clock Town;0x1490;Termina Field -> Scrub Grotto;21.5735
1;0x2d;0x5460;Termina Field - South Clock Town;0x14b0;Termina Field -> Bio Baba Grotto;30.9196
1;0x2d;0x5460;Termina Field - South Clock Town;0x14d0;Termina Field -> Peahat Grotto;16.3111
1;0x2d;0x5460;Termina Field - South Clock Town;0x3200;Termina Field -> Path to Mountain Village;52.4811
1;0x2d;0x5460;Termina Field - South Clock Town;0x3e00;Termina Field -> Milk Road;21.8689
1;0x2d;0x5460;Termina Field - South Clock Town;0x4c10;Termina Field -> Astral Observatory;35.5839
1;0x2d;0x5460;Termina Field - South Clock Town;0x4c20;Telescope -> Astral Observatory;-1
1;0x2d;0x5460;Termina Field - South Clock Town;0x6800;Termina Field -> Great Bay Coast;34.6329
1;0x2d;0x5460;Termina Field - South Clock Town;0x7a00;Termina Field -> Road to Southern Swamp;19.2843
1;0x2d;0x5460;Termina Field - South Clock Town;0xa000;Termina Field -> Road to Ikana;26.3665
1;0x2d;0x5460;Termina Field - South Clock Town;0xd200;Termina Field -> East Clock Town;18.3661
1;0x2d;0x5460;Termina Field - South Clock Town;0xd400;Termina Field -> West Clock Town;17.3143
1;0x2d;0x5460;Termina Field - South Clock Town;0xd600;Termina Field -> North Clock Town;32.1912
1;0x2d;0x5460;Termina Field - South Clock Town;0xd810;Termina Field -> South Clock Town;3.83191
1;0x2d;0x5470;Termina Field - East Clock Town;0x10000;Termina Field -> Pillar Grotto;11.845
1;0x2d;0x5470;Termina Field - East Clock Town;0x10001;Termina Field -> Tall Grass Grotto;20.5923
1;0x2d;0x5470;Termina Field - East Clock Town;0x1000d;Termina Field -> Cow Grotto;26.8173
1;0x2d;0x5470;Termina Field - East Clock Town;0x1400;Termina Field -> Ocean Gossip Grotto;39.0778
1;0x2d;0x5470;Termina Field - East Clock Town;0x1410;Termina Field -> Swamp Gossip Grotto;28.8868
1;0x2d;0x5470;Termina Field - East Clock Town;0x1420;Termina Field -> Canyon Gossip Grotto;16.271
1;0x2d;0x5470;Termina Field - East Clock Town;0x1430;Termina Field -> Mountain Gossip Grotto;17.0481
1;0x2d;0x5470;Termina Field - East Clock Town;0x1470;Termina Field -> Dodongo Grotto;29.6268
1;0x2d;0x5470;Termina Field - East Clock Town;0x1490;Termina Field -> Scrub Grotto;16.4759
1;0x2d;0x5470;Termina Field - East Clock Town;0x14b0;Termina Field -> Bio Baba Grotto;42.0488
1;0x2d;0x5470;Termina Field - East Clock Town;0x14d0;Termina Field -> Peahat Grotto;27.9769
1;0x2d;0x5470;Termina Field - East Clock Town;0x3200;Termina Field -> Path to Mountain Village;37.7024
1;0x2d;0x5470;Termina Field - East Clock Town;0x3e00;Termina Field -> Milk Road;35.8422
1;0x2d;0x5470;Termina Field - East Clock Town;0x4c10;Termina Field -> Astral Observatory;32.2518
1;0x2d;0x5470;Termina Field - East Clock Town;0x4c20;Telescope -> Astral Observatory;-1
1;0x2d;0x5470;Termina Field - East Clock Town;0x6800;Termina Field -> Great Bay Coast;46.7879
1;0x2d;0x5470;Termina Field - East Clock Town;0x7a00;Termina Field -> Road to Southern Swamp;29.9846
1;0x2d;0x5470;Termina Field - East Clock Town;0xa000;Termina Field -> Road to Ikana;14.5647
1;0x2d;0x5470;Termina Field - East Clock Town;0xd200;Termina Field -> East Clock Town;3.63997
1;0x2d;0x5470;Termina Field - East Clock Town;0xd400;Termina Field -> West Clock Town;32.0775
1;0x2d;0x5470;Termina Field - East Clock Town;0xd600;Termina Field -> North Clock Town;17.8259
1;0x2d;0x5470;Termina Field - East Clock Town;0xd810;Termina Field -> South Clock Town;17.9326
1;0x2d;0x5480;Termina Field - North Clock Town;0x10000;Termina Field -> Pillar Grotto;25.0996
1;0x2d;0x5480;Termina Field - North Clock Town;0x10001;Termina Field -> Tall Grass Grotto;36.6202
1;0x2d;0x5480;Termina Field - North Clock Town;0x1000d;Termina Field -> Cow Grotto;38.9138
1;0x2d;0x5480;Termina Field - North Clock Town;0x1400;Termina Field -> Ocean Gossip Grotto;16.8271
1;0x2d;0x5480;Termina Field - North Clock Town;0x1410;Termina Field -> Swamp Gossip Grotto;38.046
1;0x2d;0x5480;Termina Field - North Clock Town;0x1420;Termina Field -> Canyon Gossip Grotto;28.0063
1;0x2d;0x5480;Termina Field - North Clock Town;0x1430;Termina Field -> Mountain Gossip Grotto;6.35654
1;0x2d;0x5480;Termina Field - North Clock Town;0x1470;Termina Field -> Dodongo Grotto;14.9006
1;0x2d;0x5480;Termina Field - North Clock Town;0x1490;Termina Field -> Scrub Grotto;28.5645
1;0x2d;0x5480;Termina Field - North Clock Town;0x1490;Termina Field -> Scrub Grotto;38.0583
1;0x2d;0x5480;Termina Field - North Clock Town;0x14b0;Termina Field -> Bio Baba Grotto;29.8551
1;0x2d;0x5480;Termina Field - North Clock Town;0x14d0;Termina Field -> Peahat Grotto;32.8493
1;0x2d;0x5480;Termina Field - North Clock Town;0x3200;Termina Field -> Path to Mountain Village;23.7046
1;0x2d;0x5480;Termina Field - North Clock Town;0x3e00;Termina Field -> Milk Road;39.0055
1;0x2d;0x5480;Termina Field - North Clock Town;0x4c10;Termina Field -> Astral Observatory;43.3756
1;0x2d;0x5480;Termina Field - North Clock Town;0x4c20;Telescope -> Astral Observatory;-1
1;0x2d;0x5480;Termina Field - North Clock Town;0x6800;Termina Field -> Great Bay Coast;34.089
1;0x2d;0x5480;Termina Field - North Clock Town;0x7a00;Termina Field -> Road to Southern Swamp;43.3689
1;0x2d;0x5480;Termina Field - North Clock Town;0xa000;Termina Field -> Road to Ikana;24.7397
1;0x2d;0x5480;Termina Field - North Clock Town;0xd200;Termina Field -> East Clock Town;18.364
1;0x2d;0x5480;Termina Field - North Clock Town;0xd400;Termina Field -> West Clock Town;17.4758
1;0x2d;0x5480;Termina Field - North Clock Town;0xd600;Termina Field -> North Clock Town;2.78617
1;0x2d;0x5480;Termina Field - North Clock Town;0xd810;Termina Field -> South Clock Town;30.8268
1;0x2d;0x5490;Termina Field - Astral Observatory;0x10000;Termina Field -> Pillar Grotto;28.2027
1;0x2d;0x5490;Termina Field - Astral Observatory;0x10001;Termina Field -> Tall Grass Grotto;22.091
1;0x2d;0x5490;Termina Field - Astral Observatory;0x1000d;Termina Field -> Cow Grotto;29.5861
1;0x2d;0x5490;Termina Field - Astral Observatory;0x1400;Termina Field -> Ocean Gossip Grotto;46.147
1;0x2d;0x5490;Termina Field - Astral Observatory;0x1410;Termina Field -> Swamp Gossip Grotto;33.1207
1;0x2d;0x5490;Termina Field - Astral Observatory;0x1420;Termina Field -> Canyon Gossip Grotto;15.9773
1;0x2d;0x5490;Termina Field - Astral Observatory;0x1430;Termina Field -> Mountain Gossip Grotto;33.907
1;0x2d;0x5490;Termina Field - Astral Observatory;0x1470;Termina Field -> Dodongo Grotto;46.013
1;0x2d;0x5490;Termina Field - Astral Observatory;0x1490;Termina Field -> Scrub Grotto;11.3626
1;0x2d;0x5490;Termina Field - Astral Observatory;0x14b0;Termina Field -> Bio Baba Grotto;50.8411
1;0x2d;0x5490;Termina Field - Astral Observatory;0x14d0;Termina Field -> Peahat Grotto;33.6999
1;0x2d;0x5490;Termina Field - Astral Observatory;0x3200;Termina Field -> Path to Mountain Village;55.9666
1;0x2d;0x5490;Termina Field - Astral Observatory;0x3e00;Termina Field -> Milk Road;41.0755
1;0x2d;0x5490;Termina Field - Astral Observatory;0x4c10;Termina Field -> Astral Observatory;4.43794
1;0x2d;0x5490;Termina Field - Astral Observatory;0x4c20;Telescope -> Astral Observatory;-1
1;0x2d;0x5490;Termina Field - Astral Observatory;0x6800;Termina Field -> Great Bay Coast;56.1023
1;0x2d;0x5490;Termina Field - Astral Observatory;0x7a00;Termina Field -> Road to Southern Swamp;31.4947
1;0x2d;0x5490;Termina Field - Astral Observatory;0xa000;Termina Field -> Road to Ikana;20.99
1;0x2d;0x5490;Termina Field - Astral Observatory;0xd200;Termina Field -> East Clock Town;21.9366
1;0x2d;0x5490;Termina Field - Astral Observatory;0xd400;Termina Field -> West Clock Town;39.9234
1;0x2d;0x5490;Termina Field - Astral Observatory;0xd600;Termina Field -> North Clock Town;35.8032
1;0x2d;0x5490;Termina Field - Astral Observatory;0xd810;Termina Field -> South Clock Town;28.5091
1;0x2d;0x54a0;Termina Field - Telescope;0x10000;Termina Field -> Pillar Grotto;-1
1;0x2d;0x54a0;Termina Field - Telescope;0x10001;Termina Field -> Tall Grass Grotto;-1
1;0x2d;0x54a0;Termina Field - Telescope;0x1000d;Termina Field -> Cow Grotto;-1
1;0x2d;0x54a0;Termina Field - Telescope;0x1400;Termina Field -> Ocean Gossip Grotto;-1
1;0x2d;0x54a0;Termina Field - Telescope;0x1410;Termina Field -> Swamp Gossip Grotto;-1
1;0x2d;0x54a0;Termina Field - Telescope;0x1420;Termina Field -> Canyon Gossip Grotto;-1
1;0x2d;0x54a0;Termina Field - Telescope;0x1430;Termina Field -> Mountain Gossip Grotto;-1
1;0x2d;0x54a0;Termina Field - Telescope;0x1470;Termina Field -> Dodongo Grotto;-1
1;0x2d;0x54a0;Termina Field - Telescope;0x1490;Termina Field -> Scrub Grotto;-1
1;0x2d;0x54a0;Termina Field - Telescope;0x14b0;Termina Field -> Bio Baba Grotto;-1
1;0x2d;0x54a0;Termina Field - Telescope;0x14d0;Termina Field -> Peahat Grotto;-1
1;0x2d;0x54a0;Termina Field - Telescope;0x3200;Termina Field -> Path to Mountain Village;-1
1;0x2d;0x54a0;Termina Field - Telescope;0x3e00;Termina Field -> Milk Road;-1
1;0x2d;0x54a0;Termina Field - Telescope;0x4c10;Termina Field -> Astral Observatory;-1
1;0x2d;0x54a0;Termina Field - Telescope;0x4c20;Telescope -> Astral Observatory;2.23555
1;0x2d;0x54a0;Termina Field - Telescope;0x6800;Termina Field -> Great Bay Coast;-1
1;0x2d;0x54a0;Termina Field - Telescope;0x7a00;Termina Field -> Road to Southern Swamp;-1
1;0x2d;0x54a0;Termina Field - Telescope;0xa000;Termina Field -> Road to Ikana;-1
1;0x2d;0x54a0;Termina Field - Telescope;0xd200;Termina Field -> East Clock Town;-1
1;0x2d;0x54a0;Termina Field - Telescope;0xd400;Termina Field -> West Clock Town;-1
1;0x2d;0x54a0;Termina Field - Telescope;0xd600;Termina Field -> North Clock Town;-1
1;0x2d;0x54a0;Termina Field - Telescope;0xd810;Termina Field -> South Clock Town;-1
1;0x2e;0x5600;Post Office - West Clock Town;0xd470;Post Office -> West Clock Town;3.17192
1;0x2f;0x5800;Laboratory - Great Bay Coast;0x6870;Laboratory -> Great Bay Coast;1.99306
1;0x30;0x5a00;Dampe's House - Ikana Grave 3 - Ikana Grave 3;0x80400;Ikana Graveyard -> Dampe's House -> Ikana Graveyard;16.4905
1;0x30;0x5a00;Dampe's House - Ikana Grave 3 - Ikana Grave 3;0xff00;Ikana Graveyard -> Dampe's House -> Wallmaster;18.122
1;0x32;0x5e00;Goron Shrine - Goron City;0x9420;Goron Shrine -> Goron City;4.00926
1;0x32;0x5e10;Goron Shrine - Goron Shop;0x7400;Goron Shrine -> Goron Shop;4.0884
1;0x10;0x600;Stables - Romani's Ranch;0x6420;Stables -> Romani's Ranch;2.75846
1;0x33;0x6000;Zora's Theater Front - Zora Cape Front;0x6a10;Zora's Theater Front -> Zora Cape Front;5.22271
1;0x33;0x6000;Zora's Theater Front - Zora Cape Front;0x6a20;Zora's Theater Back -> Zora Cape Peninsula;15.2926
1;0x33;0x6000;Zora's Theater Front - Zora Cape Front;0x9200;Zora Hall -> Tijo's Room;14.5869
1;0x33;0x6000;Zora's Theater Front - Zora Cape Front;0x9210;Zora Hall -> Japas' Room;19.6791
1;0x33;0x6000;Zora's Theater Front - Zora Cape Front;0x9220;Zora Hall -> Lulu's Room;17.0186
1;0x33;0x6000;Zora's Theater Front - Zora Cape Front;0x9230;Zora Hall -> Evans' Room;17.4307
1;0x33;0x6000;Zora's Theater Front - Zora Cape Front;0x9250;Zora Hall -> Zora Shop;14.8555
1;0x33;0x6010;Zora's Theater Back - Zora Cape Peninsula;0x6a10;Zora's Theater Front -> Zora Cape Front;7.42581
1;0x33;0x6010;Zora's Theater Back - Zora Cape Peninsula;0x6a20;Zora's Theater Back -> Zora Cape Peninsula;2.68965
1;0x33;0x6010;Zora's Theater Back - Zora Cape Peninsula;0x9200;Zora Hall -> Tijo's Room;7.13698
1;0x33;0x6010;Zora's Theater Back - Zora Cape Peninsula;0x9210;Zora Hall -> Japas' Room;7.95134
1;0x33;0x6010;Zora's Theater Back - Zora Cape Peninsula;0x9220;Zora Hall -> Lulu's Room;13.804
1;0x33;0x6010;Zora's Theater Back - Zora Cape Peninsula;0x9230;Zora Hall -> Evans' Room;12.6524
1;0x33;0x6010;Zora's Theater Back - Zora Cape Peninsula;0x9250;Zora Hall -> Zora Shop;4.51942
1;0x33;0x6010;Zora's Theater Back - Zora Cape Peninsula;0x9250;Zora Hall -> Zora Shop;4.26642
1;0x33;0x6020;Zora Hall - Zora Shop;0x6a10;Zora's Theater Front -> Zora Cape Front;18.5083
1;0x33;0x6020;Zora Hall - Zora Shop;0x6a20;Zora's Theater Back -> Zora Cape Peninsula;4.18792
1;0x33;0x6020;Zora Hall - Zora Shop;0x9200;Zora Hall -> Tijo's Room;5.87812
1;0x33;0x6020;Zora Hall - Zora Shop;0x9210;Zora Hall -> Japas' Room;7.57423
1;0x33;0x6020;Zora Hall - Zora Shop;0x9220;Zora Hall -> Lulu's Room;15.1656
1;0x33;0x6020;Zora Hall - Zora Shop;0x9230;Zora Hall -> Evans' Room;11.9395
1;0x33;0x6020;Zora Hall - Zora Shop;0x9250;Zora Hall -> Zora Shop;2.78523
1;0x33;0x6030;Zora Hall - Lulu's Room;0x6a10;Zora's Theater Front -> Zora Cape Front;19.1678
1;0x33;0x6030;Zora Hall - Lulu's Room;0x6a20;Zora's Theater Back -> Zora Cape Peninsula;16.5635
1;0x33;0x6030;Zora Hall - Lulu's Room;0x9200;Zora Hall -> Tijo's Room;10.7945
1;0x33;0x6030;Zora Hall - Lulu's Room;0x9210;Zora Hall -> Japas' Room;9.14038
1;0x33;0x6030;Zora Hall - Lulu's Room;0x9220;Zora Hall -> Lulu's Room;2.95149
1;0x33;0x6030;Zora Hall - Lulu's Room;0x9230;Zora Hall -> Evans' Room;4.49737
1;0x33;0x6030;Zora Hall - Lulu's Room;0x9250;Zora Hall -> Zora Shop;16.4681
1;0x33;0x6040;Zora Hall - Evans' Room;0x6a10;Zora's Theater Front -> Zora Cape Front;17.8784
1;0x33;0x6040;Zora Hall - Evans' Room;0x6a20;Zora's Theater Back -> Zora Cape Peninsula;12.9908
1;0x33;0x6040;Zora Hall - Evans' Room;0x9200;Zora Hall -> Tijo's Room;9.23125
1;0x33;0x6040;Zora Hall - Evans' Room;0x9210;Zora Hall -> Japas' Room;7.6692
1;0x33;0x6040;Zora Hall - Evans' Room;0x9220;Zora Hall -> Lulu's Room;4.70338
1;0x33;0x6040;Zora Hall - Evans' Room;0x9230;Zora Hall -> Evans' Room;2.90714
1;0x33;0x6040;Zora Hall - Evans' Room;0x9250;Zora Hall -> Zora Shop;12.3967
1;0x33;0x6050;Zora Hall - Japas' Room;0x6a10;Zora's Theater Front -> Zora Cape Front;20.4608
1;0x33;0x6050;Zora Hall - Japas' Room;0x6a20;Zora's Theater Back -> Zora Cape Peninsula;8.23636
1;0x33;0x6050;Zora Hall - Japas' Room;0x9200;Zora Hall -> Tijo's Room;4.51597
1;0x33;0x6050;Zora Hall - Japas' Room;0x9210;Zora Hall -> Japas' Room;2.95655
1;0x33;0x6050;Zora Hall - Japas' Room;0x9220;Zora Hall -> Lulu's Room;9.07544
1;0x33;0x6050;Zora Hall - Japas' Room;0x9230;Zora Hall -> Evans' Room;7.62064
1;0x33;0x6050;Zora Hall - Japas' Room;0x9250;Zora Hall -> Zora Shop;7.63069
1;0x33;0x6060;Zora Hall - Tijo's Room;0x6a10;Zora's Theater Front -> Zora Cape Front;18.0651
1;0x33;0x6060;Zora Hall - Tijo's Room;0x6a20;Zora's Theater Back -> Zora Cape Peninsula;6.37396
1;0x33;0x6060;Zora Hall - Tijo's Room;0x9200;Zora Hall -> Tijo's Room;2.9465
1;0x33;0x6060;Zora Hall - Tijo's Room;0x9210;Zora Hall -> Japas' Room;4.36148
1;0x33;0x6060;Zora Hall - Tijo's Room;0x9220;Zora Hall -> Lulu's Room;10.4816
1;0x33;0x6060;Zora Hall - Tijo's Room;0x9230;Zora Hall -> Evans' Room;8.96538
1;0x33;0x6060;Zora Hall - Tijo's Room;0x9250;Zora Hall -> Zora Shop;6.01972
1;0x78;0x610;Ranch House - Romani's Ranch;0x6430;Ranch House -> Romani's Ranch;2.69507
1;0x34;0x6200;Trading Post - West Clock Town;0x84a0;Warp Owl -> Southern Swamp - Owl Statue;11.496
1;0x34;0x6200;Trading Post - West Clock Town;0xd450;Trading Post -> West Clock Town;3.11677
1;0x35;0x6400;Romani's Ranch - Milk Road;0x3e10;Romani's Ranch -> Milk Road;3.65516
1;0x35;0x6400;Romani's Ranch - Milk Road;0x600;Romani's Ranch -> Stables;20.2347
1;0x35;0x6400;Romani's Ranch - Milk Road;0x610;Romani's Ranch -> Ranch House;21.9755
1;0x35;0x6400;Romani's Ranch - Milk Road;0x7c00;Romani's Ranch -> Doggy Racetrack;27.9137
1;0x35;0x6400;Romani's Ranch - Milk Road;0x7e00;Romani's Ranch -> Cucco Shack;29.7248
1;0x35;0x6420;Romani's Ranch - Stables;0x3e10;Romani's Ranch -> Milk Road;20.6301
1;0x35;0x6420;Romani's Ranch - Stables;0x600;Romani's Ranch -> Stables;3.16019
1;0x35;0x6420;Romani's Ranch - Stables;0x610;Romani's Ranch -> Ranch House;5.46417
1;0x35;0x6420;Romani's Ranch - Stables;0x7c00;Romani's Ranch -> Doggy Racetrack;17.418
1;0x35;0x6420;Romani's Ranch - Stables;0x7e00;Romani's Ranch -> Cucco Shack;16.4502
1;0x35;0x6430;Romani's Ranch - Ranch House;0x3e10;Romani's Ranch -> Milk Road;22.6392
1;0x35;0x6430;Romani's Ranch - Ranch House;0x600;Romani's Ranch -> Stables;5.32278
1;0x35;0x6430;Romani's Ranch - Ranch House;0x610;Romani's Ranch -> Ranch House;3.14086
1;0x35;0x6430;Romani's Ranch - Ranch House;0x7c00;Romani's Ranch -> Doggy Racetrack;15.4799
1;0x35;0x6430;Romani's Ranch - Ranch House;0x7e00;Romani's Ranch -> Cucco Shack;13.7534
1;0x35;0x6440;Romani's Ranch - Cucco Shack;0x3e10;Romani's Ranch -> Milk Road;29.7745
1;0x35;0x6440;Romani's Ranch - Cucco Shack;0x600;Romani's Ranch -> Stables;15.9903
1;0x35;0x6440;Romani's Ranch - Cucco Shack;0x610;Romani's Ranch -> Ranch House;14.1209
1;0x35;0x6440;Romani's Ranch - Cucco Shack;0x7c00;Romani's Ranch -> Doggy Racetrack;6.64984
1;0x35;0x6440;Romani's Ranch - Cucco Shack;0x7e00;Romani's Ranch -> Cucco Shack;3.50531
1;0x35;0x6450;Romani's Ranch - Doggy Racetrack;0x3e10;Romani's Ranch -> Milk Road;28.3783
1;0x35;0x6450;Romani's Ranch - Doggy Racetrack;0x600;Romani's Ranch -> Stables;16.8748
1;0x35;0x6450;Romani's Ranch - Doggy Racetrack;0x610;Romani's Ranch -> Ranch House;15.0796
1;0x35;0x6450;Romani's Ranch - Doggy Racetrack;0x7c00;Romani's Ranch -> Doggy Racetrack;3.52577
1;0x35;0x6450;Romani's Ranch - Doggy Racetrack;0x7e00;Romani's Ranch -> Cucco Shack;6.50238
1;0x36;0x6600;Boss Arena - Twinmold's Lair - Twinmold's Lair;0x20700;Warp Boss -> Twinmold's Lair -> Warp Boss;6.62348
1;0x36;0x6600;Boss Arena - Twinmold's Lair - Twinmold's Lair;0x66000;Boss Arena -> Twinmold's Lair -> Boss Arena;-1
1;0x37;0x6800;Great Bay Coast - Termina Field;0x10008;Great Bay Coast -> Open Grotto;25.9736
1;0x37;0x6800;Great Bay Coast - Termina Field;0x1000e;Great Bay Coast -> Cow Grotto;67.6997
1;0x37;0x6800;Great Bay Coast - Termina Field;0x4400;Great Bay Coast -> Pinnacle Rock;45.056
1;0x37;0x6800;Great Bay Coast - Termina Field;0x4a00;Great Bay Coast -> Ocean Spider House;23.0085
1;0x37;0x6800;Great Bay Coast - Termina Field;0x5420;Great Bay Coast -> Termina Field;3.6991
1;0x37;0x6800;Great Bay Coast - Termina Field;0x5800;Great Bay Coast -> Laboratory;40.9256
1;0x37;0x6800;Great Bay Coast - Termina Field;0x6820;Beach -> Great Bay Coast - Beach;37.4658
1;0x37;0x6800;Great Bay Coast - Termina Field;0x6860;Ledge -> Great Bay Coast - Ledge;52.7815
1;0x37;0x6800;Great Bay Coast - Termina Field;0x68a00;Great Bay Coast -> Mikau's Cutscene;24.9568
1;0x37;0x6800;Great Bay Coast - Termina Field;0x6a00;Great Bay Coast -> Zora Cape;29.9568
1;0x37;0x6800;Great Bay Coast - Termina Field;0x7000;Great Bay Coast -> Pirate Fortress Entrance;55.7237
1;0x37;0x6800;Great Bay Coast - Termina Field;0x7200;Great Bay Coast -> Fisher Hut;24.5859
1;0x37;0x6810;Great Bay Coast - Zora Cape;0x10008;Great Bay Coast -> Open Grotto;16.5647
1;0x37;0x6810;Great Bay Coast - Zora Cape;0x1000e;Great Bay Coast -> Cow Grotto;56.5059
1;0x37;0x6810;Great Bay Coast - Zora Cape;0x4400;Great Bay Coast -> Pinnacle Rock;34.29
1;0x37;0x6810;Great Bay Coast - Zora Cape;0x4a00;Great Bay Coast -> Ocean Spider House;15.4291
1;0x37;0x6810;Great Bay Coast - Zora Cape;0x5420;Great Bay Coast -> Termina Field;29.6412
1;0x37;0x6810;Great Bay Coast - Zora Cape;0x5800;Great Bay Coast -> Laboratory;20.8377
1;0x37;0x6810;Great Bay Coast - Zora Cape;0x6820;Beach -> Great Bay Coast - Beach;15.6602
1;0x37;0x6810;Great Bay Coast - Zora Cape;0x6860;Ledge -> Great Bay Coast - Ledge;36.6107
1;0x37;0x6810;Great Bay Coast - Zora Cape;0x68a00;Great Bay Coast -> Mikau's Cutscene;7.59424
1;0x37;0x6810;Great Bay Coast - Zora Cape;0x6a00;Great Bay Coast -> Zora Cape;3.59424
1;0x37;0x6810;Great Bay Coast - Zora Cape;0x7000;Great Bay Coast -> Pirate Fortress Entrance;44.0512
1;0x37;0x6810;Great Bay Coast - Zora Cape;0x7200;Great Bay Coast -> Fisher Hut;14.9457
1;0x37;0x6810;Great Bay Coast - Zora Cape;0xd890;Warp Owl -> South Clock Town - Owl Statue;119.624
1;0x37;0x6820;Great Bay Coast - Beach - Beach;0x10008;Great Bay Coast -> Open Grotto;14.9424
1;0x37;0x6820;Great Bay Coast - Beach - Beach;0x1000e;Great Bay Coast -> Cow Grotto;51.3716
1;0x37;0x6820;Great Bay Coast - Beach - Beach;0x4400;Great Bay Coast -> Pinnacle Rock;27.8581
1;0x37;0x6820;Great Bay Coast - Beach - Beach;0x4a00;Great Bay Coast -> Ocean Spider House;12.5117
1;0x37;0x6820;Great Bay Coast - Beach - Beach;0x5420;Great Bay Coast -> Termina Field;25.9878
1;0x37;0x6820;Great Bay Coast - Beach - Beach;0x5800;Great Bay Coast -> Laboratory;18.012
1;0x37;0x6820;Great Bay Coast - Beach - Beach;0x6820;Beach -> Great Bay Coast - Beach;15.125
1;0x37;0x6820;Great Bay Coast - Beach - Beach;0x6860;Ledge -> Great Bay Coast - Ledge;29.9702
1;0x37;0x6820;Great Bay Coast - Beach - Beach;0x68a00;Great Bay Coast -> Mikau's Cutscene;5.8413
1;0x37;0x6820;Great Bay Coast - Beach - Beach;0x68b0;Warp Owl -> Great Bay Coast - Owl Statue;2.21748
1;0x37;0x6820;Great Bay Coast - Beach - Beach;0x6a00;Great Bay Coast -> Zora Cape;10.8413
1;0x37;0x6820;Great Bay Coast - Beach - Beach;0x7000;Great Bay Coast -> Pirate Fortress Entrance;38.2523
1;0x37;0x6820;Great Bay Coast - Beach - Beach;0x7200;Great Bay Coast -> Fisher Hut;13.122
1;0x37;0x6830;Great Bay Coast - Pinnacle Rock;0x10008;Great Bay Coast -> Open Grotto;38.183
1;0x37;0x6830;Great Bay Coast - Pinnacle Rock;0x1000e;Great Bay Coast -> Cow Grotto;42.0441
1;0x37;0x6830;Great Bay Coast - Pinnacle Rock;0x4400;Great Bay Coast -> Pinnacle Rock;3.47326
1;0x37;0x6830;Great Bay Coast - Pinnacle Rock;0x4a00;Great Bay Coast -> Ocean Spider House;35.9583
1;0x37;0x6830;Great Bay Coast - Pinnacle Rock;0x5420;Great Bay Coast -> Termina Field;46.364
1;0x37;0x6830;Great Bay Coast - Pinnacle Rock;0x5800;Great Bay Coast -> Laboratory;25.8824
1;0x37;0x6830;Great Bay Coast - Pinnacle Rock;0x6820;Beach -> Great Bay Coast - Beach;7.00493
1;0x37;0x6830;Great Bay Coast - Pinnacle Rock;0x6860;Ledge -> Great Bay Coast - Ledge;8.04455
1;0x37;0x6830;Great Bay Coast - Pinnacle Rock;0x68a00;Great Bay Coast -> Mikau's Cutscene;30.9694
1;0x37;0x6830;Great Bay Coast - Pinnacle Rock;0x6a00;Great Bay Coast -> Zora Cape;34.9694
1;0x37;0x6830;Great Bay Coast - Pinnacle Rock;0x7000;Great Bay Coast -> Pirate Fortress Entrance;26.3391
1;0x37;0x6830;Great Bay Coast - Pinnacle Rock;0x7200;Great Bay Coast -> Fisher Hut;34.1451
1;0x37;0x6840;Great Bay Coast - Fisherman Hut;0x10008;Great Bay Coast -> Open Grotto;6.44477
1;0x37;0x6840;Great Bay Coast - Fisherman Hut;0x1000e;Great Bay Coast -> Cow Grotto;61.6178
1;0x37;0x6840;Great Bay Coast - Fisherman Hut;0x4400;Great Bay Coast -> Pinnacle Rock;33.7222
1;0x37;0x6840;Great Bay Coast - Fisherman Hut;0x4a00;Great Bay Coast -> Ocean Spider House;5.05021
1;0x37;0x6840;Great Bay Coast - Fisherman Hut;0x5420;Great Bay Coast -> Termina Field;24.4496
1;0x37;0x6840;Great Bay Coast - Fisherman Hut;0x5800;Great Bay Coast -> Laboratory;26.4926
1;0x37;0x6840;Great Bay Coast - Fisherman Hut;0x6820;Beach -> Great Bay Coast - Beach;27.2589
1;0x37;0x6840;Great Bay Coast - Fisherman Hut;0x6860;Ledge -> Great Bay Coast - Ledge;35.9217
1;0x37;0x6840;Great Bay Coast - Fisherman Hut;0x68a00;Great Bay Coast -> Mikau's Cutscene;11.7001
1;0x37;0x6840;Great Bay Coast - Fisherman Hut;0x6a00;Great Bay Coast -> Zora Cape;15.7001
1;0x37;0x6840;Great Bay Coast - Fisherman Hut;0x7000;Great Bay Coast -> Pirate Fortress Entrance;43.6423
1;0x37;0x6840;Great Bay Coast - Fisherman Hut;0x7200;Great Bay Coast -> Fisher Hut;3.33716
1;0x37;0x6850;Great Bay Coast - Pirate Fortress Entrance;0x10008;Great Bay Coast -> Open Grotto;49.8823
1;0x37;0x6850;Great Bay Coast - Pirate Fortress Entrance;0x1000e;Great Bay Coast -> Cow Grotto;27.5815
1;0x37;0x6850;Great Bay Coast - Pirate Fortress Entrance;0x4400;Great Bay Coast -> Pinnacle Rock;25.204
1;0x37;0x6850;Great Bay Coast - Pirate Fortress Entrance;0x4a00;Great Bay Coast -> Ocean Spider House;45.5605
1;0x37;0x6850;Great Bay Coast - Pirate Fortress Entrance;0x5420;Great Bay Coast -> Termina Field;56.4296
1;0x37;0x6850;Great Bay Coast - Pirate Fortress Entrance;0x5800;Great Bay Coast -> Laboratory;41.9284
1;0x37;0x6850;Great Bay Coast - Pirate Fortress Entrance;0x6820;Beach -> Great Bay Coast - Beach;27.1677
1;0x37;0x6850;Great Bay Coast - Pirate Fortress Entrance;0x6860;Ledge -> Great Bay Coast - Ledge;20.921
1;0x37;0x6850;Great Bay Coast - Pirate Fortress Entrance;0x68a00;Great Bay Coast -> Mikau's Cutscene;41.229
1;0x37;0x6850;Great Bay Coast - Pirate Fortress Entrance;0x6a00;Great Bay Coast -> Zora Cape;45.229
1;0x37;0x6850;Great Bay Coast - Pirate Fortress Entrance;0x7000;Great Bay Coast -> Pirate Fortress Entrance;3.31888
1;0x37;0x6850;Great Bay Coast - Pirate Fortress Entrance;0x7200;Great Bay Coast -> Fisher Hut;47.2093
1;0x37;0x6860;Great Bay Coast - Ledge - Ledge;0x10008;Great Bay Coast -> Open Grotto;45.7144
1;0x37;0x6860;Great Bay Coast - Ledge - Ledge;0x1000e;Great Bay Coast -> Cow Grotto;17.2104
1;0x37;0x6860;Great Bay Coast - Ledge - Ledge;0x4400;Great Bay Coast -> Pinnacle Rock;29.5181
1;0x37;0x6860;Great Bay Coast - Ledge - Ledge;0x4a00;Great Bay Coast -> Ocean Spider House;42.933
1;0x37;0x6860;Great Bay Coast - Ledge - Ledge;0x5420;Great Bay Coast -> Termina Field;55.0298
1;0x37;0x6860;Great Bay Coast - Ledge - Ledge;0x5800;Great Bay Coast -> Laboratory;40.1171
1;0x37;0x6860;Great Bay Coast - Ledge - Ledge;0x6820;Beach -> Great Bay Coast - Beach;29.4657
1;0x37;0x6860;Great Bay Coast - Ledge - Ledge;0x6860;Ledge -> Great Bay Coast - Ledge;26.883
1;0x37;0x6860;Great Bay Coast - Ledge - Ledge;0x68a00;Great Bay Coast -> Mikau's Cutscene;40.3611
1;0x37;0x6860;Great Bay Coast - Ledge - Ledge;0x6a00;Great Bay Coast -> Zora Cape;44.3611
1;0x37;0x6860;Great Bay Coast - Ledge - Ledge;0x7000;Great Bay Coast -> Pirate Fortress Entrance;117.864
1;0x37;0x6860;Great Bay Coast - Ledge - Ledge;0x7200;Great Bay Coast -> Fisher Hut;44.2872
1;0x37;0x6870;Great Bay Coast - Laboratory;0x10008;Great Bay Coast -> Open Grotto;27.41
1;0x37;0x6870;Great Bay Coast - Laboratory;0x1000e;Great Bay Coast -> Cow Grotto;51.2582
1;0x37;0x6870;Great Bay Coast - Laboratory;0x4400;Great Bay Coast -> Pinnacle Rock;21.5265
1;0x37;0x6870;Great Bay Coast - Laboratory;0x4a00;Great Bay Coast -> Ocean Spider House;21.331
1;0x37;0x6870;Great Bay Coast - Laboratory;0x5420;Great Bay Coast -> Termina Field;33.74
1;0x37;0x6870;Great Bay Coast - Laboratory;0x5800;Great Bay Coast -> Laboratory;3.11512
1;0x37;0x6870;Great Bay Coast - Laboratory;0x6820;Beach -> Great Bay Coast - Beach;11.2905
1;0x37;0x6870;Great Bay Coast - Laboratory;0x6860;Ledge -> Great Bay Coast - Ledge;23.0409
1;0x37;0x6870;Great Bay Coast - Laboratory;0x68a00;Great Bay Coast -> Mikau's Cutscene;12.7953
1;0x37;0x6870;Great Bay Coast - Laboratory;0x6a00;Great Bay Coast -> Zora Cape;17.7953
1;0x37;0x6870;Great Bay Coast - Laboratory;0x7000;Great Bay Coast -> Pirate Fortress Entrance;34.308
1;0x37;0x6870;Great Bay Coast - Laboratory;0x7200;Great Bay Coast -> Fisher Hut;22.4825
1;0x37;0x6880;Great Bay Coast - Ocean Spider House;0x10008;Great Bay Coast -> Open Grotto;7.16285
1;0x37;0x6880;Great Bay Coast - Ocean Spider House;0x1000e;Great Bay Coast -> Cow Grotto;58.9866
1;0x37;0x6880;Great Bay Coast - Ocean Spider House;0x4400;Great Bay Coast -> Pinnacle Rock;34.2115
1;0x37;0x6880;Great Bay Coast - Ocean Spider House;0x4a00;Great Bay Coast -> Ocean Spider House;3.45551
1;0x37;0x6880;Great Bay Coast - Ocean Spider House;0x5420;Great Bay Coast -> Termina Field;23.1308
1;0x37;0x6880;Great Bay Coast - Ocean Spider House;0x5800;Great Bay Coast -> Laboratory;27.0285
1;0x37;0x6880;Great Bay Coast - Ocean Spider House;0x6820;Beach -> Great Bay Coast - Beach;25.1508
1;0x37;0x6880;Great Bay Coast - Ocean Spider House;0x6860;Ledge -> Great Bay Coast - Ledge;37.138
1;0x37;0x6880;Great Bay Coast - Ocean Spider House;0x68a00;Great Bay Coast -> Mikau's Cutscene;11.8747
1;0x37;0x6880;Great Bay Coast - Ocean Spider House;0x6a00;Great Bay Coast -> Zora Cape;15.8747
1;0x37;0x6880;Great Bay Coast - Ocean Spider House;0x7000;Great Bay Coast -> Pirate Fortress Entrance;42.8381
1;0x37;0x6880;Great Bay Coast - Ocean Spider House;0x7200;Great Bay Coast -> Fisher Hut;4.8392
1;0x37;0x68a0;Great Bay Coast - Mikau's Tomb;0x10008;Great Bay Coast -> Open Grotto;10.16285
1;0x37;0x68a0;Great Bay Coast - Mikau's Tomb;0x1000e;Great Bay Coast -> Cow Grotto;52.9866
1;0x37;0x68a0;Great Bay Coast - Mikau's Tomb;0x4400;Great Bay Coast -> Pinnacle Rock;30.2115
1;0x37;0x68a0;Great Bay Coast - Mikau's Tomb;0x4a00;Great Bay Coast -> Ocean Spider House;7.58925
1;0x37;0x68a0;Great Bay Coast - Mikau's Tomb;0x5420;Great Bay Coast -> Termina Field;18.1308
1;0x37;0x68a0;Great Bay Coast - Mikau's Tomb;0x5800;Great Bay Coast -> Laboratory;22.0285
1;0x37;0x68a0;Great Bay Coast - Mikau's Tomb;0x6820;Beach -> Great Bay Coast - Beach;20.1508
1;0x37;0x68a0;Great Bay Coast - Mikau's Tomb;0x6860;Ledge -> Great Bay Coast - Ledge;31.138
1;0x37;0x68a0;Great Bay Coast - Mikau's Tomb;0x68a00;Great Bay Coast -> Mikau's Cutscene;9.8747
1;0x37;0x68a0;Great Bay Coast - Mikau's Tomb;0x6a00;Great Bay Coast -> Zora Cape;10.8747
1;0x37;0x68a0;Great Bay Coast - Mikau's Tomb;0x7000;Great Bay Coast -> Pirate Fortress Entrance;38.84
1;0x37;0x68a0;Great Bay Coast - Mikau's Tomb;0x7200;Great Bay Coast -> Fisher Hut;7.8392
1;0x37;0x68b0;Great Bay Coast - Owl Statue - Warp Owl;0x10008;Great Bay Coast -> Open Grotto;23.7763
1;0x37;0x68b0;Great Bay Coast - Owl Statue - Warp Owl;0x1000e;Great Bay Coast -> Cow Grotto;44.8914
1;0x37;0x68b0;Great Bay Coast - Owl Statue - Warp Owl;0x4400;Great Bay Coast -> Pinnacle Rock;21.1511
1;0x37;0x68b0;Great Bay Coast - Owl Statue - Warp Owl;0x4a00;Great Bay Coast -> Ocean Spider House;20.4111
1;0x37;0x68b0;Great Bay Coast - Owl Statue - Warp Owl;0x5420;Great Bay Coast -> Termina Field;32.9424
1;0x37;0x68b0;Great Bay Coast - Owl Statue - Warp Owl;0x5800;Great Bay Coast -> Laboratory;8.59139
1;0x37;0x68b0;Great Bay Coast - Owl Statue - Warp Owl;0x6820;Beach -> Great Bay Coast - Beach;8.73109
1;0x37;0x68b0;Great Bay Coast - Owl Statue - Warp Owl;0x6860;Ledge -> Great Bay Coast - Ledge;23.7362
1;0x37;0x68b0;Great Bay Coast - Owl Statue - Warp Owl;0x68a00;Great Bay Coast -> Mikau's Cutscene;11.8687
1;0x37;0x68b0;Great Bay Coast - Owl Statue - Warp Owl;0x6a00;Great Bay Coast -> Zora Cape;16.8687
1;0x37;0x68b0;Great Bay Coast - Owl Statue - Warp Owl;0x7000;Great Bay Coast -> Pirate Fortress Entrance;33.5853
1;0x37;0x68b0;Great Bay Coast - Owl Statue - Warp Owl;0x7200;Great Bay Coast -> Fisher Hut;20.9348
1;0x37;0x68c0;Great Bay Coast - Trapdoor - Trapdoor;0x10008;Great Bay Coast -> Open Grotto;49.1662
1;0x37;0x68c0;Great Bay Coast - Trapdoor - Trapdoor;0x1000e;Great Bay Coast -> Cow Grotto;38.0818
1;0x37;0x68c0;Great Bay Coast - Trapdoor - Trapdoor;0x4400;Great Bay Coast -> Pinnacle Rock;20.6772
1;0x37;0x68c0;Great Bay Coast - Trapdoor - Trapdoor;0x4a00;Great Bay Coast -> Ocean Spider House;44.9164
1;0x37;0x68c0;Great Bay Coast - Trapdoor - Trapdoor;0x5420;Great Bay Coast -> Termina Field;56.3074
1;0x37;0x68c0;Great Bay Coast - Trapdoor - Trapdoor;0x5800;Great Bay Coast -> Laboratory;38.545
1;0x37;0x68c0;Great Bay Coast - Trapdoor - Trapdoor;0x6820;Beach -> Great Bay Coast - Beach;27.552
1;0x37;0x68c0;Great Bay Coast - Trapdoor - Trapdoor;0x6860;Ledge -> Great Bay Coast - Ledge;17.5895
1;0x37;0x68c0;Great Bay Coast - Trapdoor - Trapdoor;0x68a00;Great Bay Coast -> Mikau's Cutscene;40.8126
1;0x37;0x68c0;Great Bay Coast - Trapdoor - Trapdoor;0x6a00;Great Bay Coast -> Zora Cape;43.8126
1;0x37;0x68c0;Great Bay Coast - Trapdoor - Trapdoor;0x7000;Great Bay Coast -> Pirate Fortress Entrance;14.4968
1;0x37;0x68c0;Great Bay Coast - Trapdoor - Trapdoor;0x7200;Great Bay Coast -> Fisher Hut;44.941
1;0x38;0x6a00;Zora Cape - Great Bay Coast;0x10009;Zora Cape -> Boulder Grotto;17.81
1;0x38;0x6a00;Zora Cape - Great Bay Coast;0x4630;Zora Cape -> Ocean Fairy Fountain;45.8271
1;0x38;0x6a00;Zora Cape - Great Bay Coast;0x6000;Zora Cape Front -> Zora's Theater Front;20.2874
1;0x38;0x6a00;Zora Cape - Great Bay Coast;0x6010;Zora Cape Peninsula -> Zora's Theater Back;31.6595
1;0x38;0x6a00;Zora Cape - Great Bay Coast;0x6810;Zora Cape -> Great Bay Coast;4.26152
1;0x38;0x6a00;Zora Cape - Great Bay Coast;0x6a30;Beach -> Zora Cape - Beach;24.2973
1;0x38;0x6a00;Zora Cape - Great Bay Coast;0x8c00;Zora Cape -> Great Bay Temple;68.4394
1;0x38;0x6a00;Zora Cape - Great Bay Coast;0x8e00;Zora Cape -> Waterfall Rapids;62.0403
1;0x38;0x6a10;Zora Cape Front - Zora's Theater Front;0x10009;Zora Cape -> Boulder Grotto;25.1226
1;0x38;0x6a10;Zora Cape Front - Zora's Theater Front;0x4630;Zora Cape -> Ocean Fairy Fountain;33.2199
1;0x38;0x6a10;Zora Cape Front - Zora's Theater Front;0x6000;Zora Cape Front -> Zora's Theater Front;3.89827
1;0x38;0x6a10;Zora Cape Front - Zora's Theater Front;0x6010;Zora Cape Peninsula -> Zora's Theater Back;23.7103
1;0x38;0x6a10;Zora Cape Front - Zora's Theater Front;0x6810;Zora Cape -> Great Bay Coast;24.1831
1;0x38;0x6a10;Zora Cape Front - Zora's Theater Front;0x6a30;Beach -> Zora Cape - Beach;13.0212
1;0x38;0x6a10;Zora Cape Front - Zora's Theater Front;0x8c00;Zora Cape -> Great Bay Temple;25.0332
1;0x38;0x6a10;Zora Cape Front - Zora's Theater Front;0x8e00;Zora Cape -> Waterfall Rapids;75.9309
1;0x38;0x6a20;Zora Cape Peninsula - Zora's Theater Back;0x10009;Zora Cape -> Boulder Grotto;35.9921
1;0x38;0x6a20;Zora Cape Peninsula - Zora's Theater Back;0x4630;Zora Cape -> Ocean Fairy Fountain;45.2943
1;0x38;0x6a20;Zora Cape Peninsula - Zora's Theater Back;0x6000;Zora Cape Front -> Zora's Theater Front;22.3337
1;0x38;0x6a20;Zora Cape Peninsula - Zora's Theater Back;0x6010;Zora Cape Peninsula -> Zora's Theater Back;3.67575
1;0x38;0x6a20;Zora Cape Peninsula - Zora's Theater Back;0x6810;Zora Cape -> Great Bay Coast;32.463
1;0x38;0x6a20;Zora Cape Peninsula - Zora's Theater Back;0x6a30;Beach -> Zora Cape - Beach;6.15433
1;0x38;0x6a20;Zora Cape Peninsula - Zora's Theater Back;0x8c00;Zora Cape -> Great Bay Temple;6.89174
1;0x38;0x6a20;Zora Cape Peninsula - Zora's Theater Back;0x8e00;Zora Cape -> Waterfall Rapids;80.9488
1;0x38;0x6a30;Zora Cape - Beach - Beach;0x10009;Zora Cape -> Boulder Grotto;13.5861
1;0x38;0x6a30;Zora Cape - Beach - Beach;0x4630;Zora Cape -> Ocean Fairy Fountain;29.8192
1;0x38;0x6a30;Zora Cape - Beach - Beach;0x6000;Zora Cape Front -> Zora's Theater Front;19.4516
1;0x38;0x6a30;Zora Cape - Beach - Beach;0x6010;Zora Cape Peninsula -> Zora's Theater Back;31.584
1;0x38;0x6a30;Zora Cape - Beach - Beach;0x6810;Zora Cape -> Great Bay Coast;7.0257
1;0x38;0x6a30;Zora Cape - Beach - Beach;0x6a300;Beach -> Zora Cape - Beach;23.556
1;0x38;0x6a30;Zora Cape - Beach - Beach;0x8c00;Zora Cape -> Great Bay Temple;32.2873
1;0x38;0x6a30;Zora Cape - Beach - Beach;0x8e00;Zora Cape -> Waterfall Rapids;57.8173
1;0x38;0x6a40;Zora Cape - Waterfall Rapids;0x10009;Zora Cape -> Boulder Grotto;39.5247
1;0x38;0x6a40;Zora Cape - Waterfall Rapids;0x4630;Zora Cape -> Ocean Fairy Fountain;55.0097
1;0x38;0x6a40;Zora Cape - Waterfall Rapids;0x6000;Zora Cape Front -> Zora's Theater Front;49.0881
1;0x38;0x6a40;Zora Cape - Waterfall Rapids;0x6010;Zora Cape Peninsula -> Zora's Theater Back;56.4928
1;0x38;0x6a40;Zora Cape - Waterfall Rapids;0x6810;Zora Cape -> Great Bay Coast;34.6374
1;0x38;0x6a40;Zora Cape - Waterfall Rapids;0x6a30;Beach -> Zora Cape - Beach;50.6716
1;0x38;0x6a40;Zora Cape - Waterfall Rapids;0x8c00;Zora Cape -> Great Bay Temple;61.7566
1;0x38;0x6a40;Zora Cape - Waterfall Rapids;0x8e00;Zora Cape -> Waterfall Rapids;3.27284
1;0x38;0x6a50;Zora Cape - Ocean Fairy Fountain;0x10009;Zora Cape -> Boulder Grotto;25.3535
1;0x38;0x6a50;Zora Cape - Ocean Fairy Fountain;0x4630;Zora Cape -> Ocean Fairy Fountain;3.291
1;0x38;0x6a50;Zora Cape - Ocean Fairy Fountain;0x6000;Zora Cape Front -> Zora's Theater Front;20.3196
1;0x38;0x6a50;Zora Cape - Ocean Fairy Fountain;0x6010;Zora Cape Peninsula -> Zora's Theater Back;22.1741
1;0x38;0x6a50;Zora Cape - Ocean Fairy Fountain;0x6810;Zora Cape -> Great Bay Coast;20.8532
1;0x38;0x6a50;Zora Cape - Ocean Fairy Fountain;0x6a30;Beach -> Zora Cape - Beach;8.60533
1;0x38;0x6a50;Zora Cape - Ocean Fairy Fountain;0x6a60;Warp Owl -> Zora Cape - Owl Statue;17.0712
1;0x38;0x6a50;Zora Cape - Ocean Fairy Fountain;0x8c00;Zora Cape -> Great Bay Temple;28.7945
1;0x38;0x6a50;Zora Cape - Ocean Fairy Fountain;0x8e00;Zora Cape -> Waterfall Rapids;66.6422
1;0x38;0x6a60;Zora Cape - Owl Statue - Warp Owl;0x10009;Zora Cape -> Boulder Grotto;33.3718
1;0x38;0x6a60;Zora Cape - Owl Statue - Warp Owl;0x4630;Zora Cape -> Ocean Fairy Fountain;41.5546
1;0x38;0x6a60;Zora Cape - Owl Statue - Warp Owl;0x6000;Zora Cape Front -> Zora's Theater Front;19.377
1;0x38;0x6a60;Zora Cape - Owl Statue - Warp Owl;0x6010;Zora Cape Peninsula -> Zora's Theater Back;4.52777
1;0x38;0x6a60;Zora Cape - Owl Statue - Warp Owl;0x6810;Zora Cape -> Great Bay Coast;31.0372
1;0x38;0x6a60;Zora Cape - Owl Statue - Warp Owl;0x6a30;Beach -> Zora Cape - Beach;7.08441
1;0x38;0x6a60;Zora Cape - Owl Statue - Warp Owl;0x8c00;Zora Cape -> Great Bay Temple;8.4401
1;0x38;0x6a60;Zora Cape - Owl Statue - Warp Owl;0x8e00;Zora Cape -> Waterfall Rapids;76.1437
1;0x38;0x6a70;Zora Cape - Great Bay Temple;0x10009;Zora Cape -> Boulder Grotto;34.2952
1;0x38;0x6a70;Zora Cape - Great Bay Temple;0x4630;Zora Cape -> Ocean Fairy Fountain;39.4633
1;0x38;0x6a70;Zora Cape - Great Bay Temple;0x6000;Zora Cape Front -> Zora's Theater Front;21.2604
1;0x38;0x6a70;Zora Cape - Great Bay Temple;0x6010;Zora Cape Peninsula -> Zora's Theater Back;3.83872
1;0x38;0x6a70;Zora Cape - Great Bay Temple;0x6810;Zora Cape -> Great Bay Coast;29.4275
1;0x38;0x6a70;Zora Cape - Great Bay Temple;0x6a30;Beach -> Zora Cape - Beach;5.8423
1;0x38;0x6a70;Zora Cape - Great Bay Temple;0x8c00;Zora Cape -> Great Bay Temple;7.76401
1;0x38;0x6a70;Zora Cape - Great Bay Temple;0x8e00;Zora Cape -> Waterfall Rapids;81.2537
1;0x39;0x6c00;Lottery - West Clock Town;0xd480;Lottery -> West Clock Town;2.7823
1;0x3b;0x7000;Pirate Fortress Entrance - Great Bay Coast;0x2200;Entrance -> Pirate Fortress Exterior;52.9784
1;0x3b;0x7000;Pirate Fortress Entrance - Great Bay Coast;0x22c0;Lookout -> Pirate Fortress Exterior;75.5133
1;0x3b;0x7000;Pirate Fortress Entrance - Great Bay Coast;0x4090;Sewers' Gate -> Pirate Fortress Interior;18.532
1;0x3b;0x7000;Pirate Fortress Entrance - Great Bay Coast;0x40a0;Sewers' Door -> Pirate Fortress Interior;61.9774
1;0x3b;0x7000;Pirate Fortress Entrance - Great Bay Coast;0x6850;Pirate Fortress Entrance -> Great Bay Coast;4.40109
1;0x3b;0x7000;Pirate Fortress Entrance - Great Bay Coast;0x68c0;Trapdoor -> Great Bay Coast - Trapdoor;6.84402
1;0x3b;0x7010;Pirate Fortress Entrance - Exterior;0x2200;Entrance -> Pirate Fortress Exterior;2.75065
1;0x3b;0x7010;Pirate Fortress Entrance - Exterior;0x22c0;Lookout -> Pirate Fortress Exterior;28.0889
1;0x3b;0x7010;Pirate Fortress Entrance - Exterior;0x4090;Sewers' Gate -> Pirate Fortress Interior;20.8178
1;0x3b;0x7010;Pirate Fortress Entrance - Exterior;0x40a0;Sewers' Door -> Pirate Fortress Interior;10.4286
1;0x3b;0x7010;Pirate Fortress Entrance - Exterior;0x6850;Pirate Fortress Entrance -> Great Bay Coast;32.6384
1;0x3b;0x7010;Pirate Fortress Entrance - Exterior;0x68c0;Trapdoor -> Great Bay Coast - Trapdoor;13.4898
1;0x3b;0x7020;Pirate Fortress Entrance - Sewers' Gate;0x2200;Entrance -> Pirate Fortress Exterior;35.0268
1;0x3b;0x7020;Pirate Fortress Entrance - Sewers' Gate;0x22c0;Lookout -> Pirate Fortress Exterior;61.8643
1;0x3b;0x7020;Pirate Fortress Entrance - Sewers' Gate;0x4090;Sewers' Gate -> Pirate Fortress Interior;3.26299
1;0x3b;0x7020;Pirate Fortress Entrance - Sewers' Gate;0x40a0;Sewers' Door -> Pirate Fortress Interior;38.957
1;0x3b;0x7020;Pirate Fortress Entrance - Sewers' Gate;0x6850;Pirate Fortress Entrance -> Great Bay Coast;20.5939
1;0x3b;0x7020;Pirate Fortress Entrance - Sewers' Gate;0x68c0;Trapdoor -> Great Bay Coast - Trapdoor;8.55884
1;0x3b;0x7030;Pirate Fortress Entrance - Sewers' Vent - Sewers' Vent;0x2200;Entrance -> Pirate Fortress Exterior;32.9734
1;0x3b;0x7030;Pirate Fortress Entrance - Sewers' Vent - Sewers' Vent;0x22c0;Lookout -> Pirate Fortress Exterior;61.5066
1;0x3b;0x7030;Pirate Fortress Entrance - Sewers' Vent - Sewers' Vent;0x4090;Sewers' Gate -> Pirate Fortress Interior;14.7777
1;0x3b;0x7030;Pirate Fortress Entrance - Sewers' Vent - Sewers' Vent;0x40a0;Sewers' Door -> Pirate Fortress Interior;32.6975
1;0x3b;0x7030;Pirate Fortress Entrance - Sewers' Vent - Sewers' Vent;0x6850;Pirate Fortress Entrance -> Great Bay Coast;33.2011
1;0x3b;0x7030;Pirate Fortress Entrance - Sewers' Vent - Sewers' Vent;0x68c0;Trapdoor -> Great Bay Coast - Trapdoor;17.0442
1;0x3b;0x7040;Pirate Fortress Entrance - Trapdoor - Trapdoor;0x2200;Entrance -> Pirate Fortress Exterior;11.7114
1;0x3b;0x7040;Pirate Fortress Entrance - Trapdoor - Trapdoor;0x22c0;Lookout -> Pirate Fortress Exterior;26.5043
1;0x3b;0x7040;Pirate Fortress Entrance - Trapdoor - Trapdoor;0x40a0;Sewers' Door -> Pirate Fortress Interior;5.01473
1;0x3b;0x7040;Pirate Fortress Entrance - Trapdoor - Trapdoor;0x6850;Pirate Fortress Entrance -> Great Bay Coast;32.396
1;0x3b;0x7040;Pirate Fortress Entrance - Trapdoor - Trapdoor;0x68c0;Trapdoor -> Great Bay Coast - Trapdoor;7.96089
1;0x3b;0x7050;Pirate Fortress Entrance - Lookout;0x2200;Entrance -> Pirate Fortress Exterior;35.6801
1;0x3b;0x7050;Pirate Fortress Entrance - Lookout;0x22c0;Lookout -> Pirate Fortress Exterior;3.04998
1;0x3b;0x7050;Pirate Fortress Entrance - Lookout;0x4090;Sewers' Gate -> Pirate Fortress Interior;11.3004
1;0x3b;0x7050;Pirate Fortress Entrance - Lookout;0x40a0;Sewers' Door -> Pirate Fortress Interior;38.3582
1;0x3b;0x7050;Pirate Fortress Entrance - Lookout;0x6850;Pirate Fortress Entrance -> Great Bay Coast;18.2118
1;0x3b;0x7050;Pirate Fortress Entrance - Lookout;0x68c0;Trapdoor -> Great Bay Coast - Trapdoor;9.16762
1;0x3b;0x7060;Pirate Fortress Entrance - Sewers' Door;0x2200;Entrance -> Pirate Fortress Exterior;10.3952
1;0x3b;0x7060;Pirate Fortress Entrance - Sewers' Door;0x22c0;Lookout -> Pirate Fortress Exterior;26.6799
1;0x3b;0x7060;Pirate Fortress Entrance - Sewers' Door;0x4090;Sewers' Gate -> Pirate Fortress Interior;14.2892
1;0x3b;0x7060;Pirate Fortress Entrance - Sewers' Door;0x40a0;Sewers' Door -> Pirate Fortress Interior;3.17346
1;0x3b;0x7060;Pirate Fortress Entrance - Sewers' Door;0x6850;Pirate Fortress Entrance -> Great Bay Coast;27.4479
1;0x3b;0x7060;Pirate Fortress Entrance - Sewers' Door;0x68c0;Trapdoor -> Great Bay Coast - Trapdoor;7.04487
1;0x3c;0x7200;Fisher Hut - Great Bay Coast;0x6840;Fisherman Hut -> Great Bay Coast;2.39042
1;0x3d;0x7400;Goron Shop - Goron Shrine;0x5e10;Goron Shop -> Goron Shrine;2.815
1;0x3e;0x7600;Deku King's Chamber - Deku Palace;0x5020;Deku King's Chamber -> Deku Palace;3.84678
1;0x3e;0x7600;Deku King's Chamber - Deku Palace;0x5030;Monkey Jail -> Deku Palace;-1
1;0x3e;0x7610;Monkey Jail - Deku Palace - Jail;0x5020;Deku King's Chamber -> Deku Palace;-1
1;0x3e;0x7610;Monkey Jail - Deku Palace - Jail;0x5030;Monkey Jail -> Deku Palace;2.6964
1;0x3f;0x7800;Goron's Trial - Entrance - Entrance;0xc7100;Exit -> Goron's Trial -> Exit;18.3184
1;0x40;0x7a00;Road to Southern Swamp - Termina Field;0x10002;Road to Southern Swamp -> Open Grotto;10.5011
1;0x40;0x7a00;Road to Southern Swamp - Termina Field;0x4200;Road to Southern Swamp -> Swamp Archery;20.2038
1;0x40;0x7a00;Road to Southern Swamp - Termina Field;0x5410;Road to Southern Swamp -> Termina Field;3.50599
1;0x40;0x7a00;Road to Southern Swamp - Termina Field;0x8400;Road to Southern Swamp -> Southern Swamp;17.2573
1;0x40;0x7a10;Road to Southern Swamp - Southern Swamp;0x10002;Road to Southern Swamp -> Open Grotto;9.56739
1;0x40;0x7a10;Road to Southern Swamp - Southern Swamp;0x4200;Road to Southern Swamp -> Swamp Archery;19.0393
1;0x40;0x7a10;Road to Southern Swamp - Southern Swamp;0x5410;Road to Southern Swamp -> Termina Field;17.209
1;0x40;0x7a10;Road to Southern Swamp - Southern Swamp;0x8400;Road to Southern Swamp -> Southern Swamp;3.37345
1;0x40;0x7a20;Road to Southern Swamp - Swamp Archery;0x10002;Road to Southern Swamp -> Open Grotto;16.3145
1;0x40;0x7a20;Road to Southern Swamp - Swamp Archery;0x4200;Road to Southern Swamp -> Swamp Archery;2.78184
1;0x40;0x7a20;Road to Southern Swamp - Swamp Archery;0x5410;Road to Southern Swamp -> Termina Field;20.5327
1;0x40;0x7a20;Road to Southern Swamp - Swamp Archery;0x8400;Road to Southern Swamp -> Southern Swamp;19.1641
1;0x41;0x7c00;Doggy Racetrack - Romani's Ranch;0x6450;Doggy Racetrack -> Romani's Ranch;2.8442
1;0x42;0x7e00;Cucco Shack - Romani's Ranch;0x6440;Cucco Shack -> Romani's Ranch;3.14213
1;0x11;0x800;Honey and Darling - East Clock Town;0xd260;Honey and Darling -> East Clock Town;2.79758
1;0x43;0x8000;Ikana Graveyard - Road to Ikana;0x1000b;Ikana Graveyard -> Bomb Grotto;15.5581
1;0x43;0x8000;Ikana Graveyard - Road to Ikana;0x8010;Ikana Grave 3 -> Ikana Graveyard -> Ikana Grave 3;5.95663
1;0x43;0x8000;Ikana Graveyard - Road to Ikana;0xa00;Ikana Graveyard -> Ikana Grave 2;6.008
1;0x43;0x8000;Ikana Graveyard - Road to Ikana;0xa020;Ikana Graveyard -> Road to Ikana;3.83679
1;0x43;0x8000;Ikana Graveyard - Road to Ikana;0xa10;Ikana Graveyard -> Ikana Grave 1;4.14487
1;0x43;0x8020;Ikana Graveyard - Ikana Grave 2;0x1000b;Ikana Graveyard -> Bomb Grotto;11.5759
1;0x43;0x8020;Ikana Graveyard - Ikana Grave 2;0x8010;Ikana Grave 3 -> Ikana Graveyard -> Ikana Grave 3;6.46228
1;0x43;0x8020;Ikana Graveyard - Ikana Grave 2;0xa00;Ikana Graveyard -> Ikana Grave 2;3.65786
1;0x43;0x8020;Ikana Graveyard - Ikana Grave 2;0xa020;Ikana Graveyard -> Road to Ikana;8.81007
1;0x43;0x8020;Ikana Graveyard - Ikana Grave 2;0xa10;Ikana Graveyard -> Ikana Grave 1;5.30128
1;0x43;0x8030;Ikana Graveyard - Ikana Grave 1;0x1000b;Ikana Graveyard -> Bomb Grotto;14.6754
1;0x43;0x8030;Ikana Graveyard - Ikana Grave 1;0x8010;Ikana Grave 3 -> Ikana Graveyard -> Ikana Grave 3;5.97892
1;0x43;0x8030;Ikana Graveyard - Ikana Grave 1;0xa00;Ikana Graveyard -> Ikana Grave 2;5.24504
1;0x43;0x8030;Ikana Graveyard - Ikana Grave 1;0xa020;Ikana Graveyard -> Road to Ikana;5.34182
1;0x43;0x8030;Ikana Graveyard - Ikana Grave 1;0xa10;Ikana Graveyard -> Ikana Grave 1;3.78817
1;0x43;0x8040;Ikana Graveyard - Dampe's House - Dampe's House;0x1000b;Ikana Graveyard -> Bomb Grotto;6.97833
1;0x43;0x8040;Ikana Graveyard - Dampe's House - Dampe's House;0x8010;Ikana Grave 3 -> Ikana Graveyard -> Ikana Grave 3;11.9958
1;0x43;0x8040;Ikana Graveyard - Dampe's House - Dampe's House;0xa00;Ikana Graveyard -> Ikana Grave 2;11.9918
1;0x43;0x8040;Ikana Graveyard - Dampe's House - Dampe's House;0xa020;Ikana Graveyard -> Road to Ikana;16.0237
1;0x43;0x8040;Ikana Graveyard - Dampe's House - Dampe's House;0xa10;Ikana Graveyard -> Ikana Grave 1;16.1748
1;0x44;0x8200;Goht's Lair - Snowhead Temple - Snowhead Temple;0xae700;Warp Boss -> Goht's Lair -> Warp Boss;8.73204
1;0x45;0x8400;Southern Swamp - Road to Southern Swamp;0x10004;Southern Swamp -> Open Grotto;22.9622
1;0x45;0x8400;Southern Swamp - Road to Southern Swamp;0x400;Southern Swamp -> Potion Shop;34.0766
1;0x45;0x8400;Southern Swamp - Road to Southern Swamp;0x4800;Southern Swamp -> Swamp Spider House;22.6195
1;0x45;0x8400;Southern Swamp - Road to Southern Swamp;0x5000;Southern Swamp -> Deku Palace;31.1679
1;0x45;0x8400;Southern Swamp - Road to Southern Swamp;0x5050;Ledge -> Deku Palace;-1
1;0x45;0x8400;Southern Swamp - Road to Southern Swamp;0x7a10;Southern Swamp -> Road to Southern Swamp;7.16194
1;0x45;0x8400;Southern Swamp - Road to Southern Swamp;0x8600;Southern Swamp -> Woodfall;40.597
1;0x45;0x8400;Southern Swamp - Road to Southern Swamp;0xa800;Southern Swamp -> Tourist Information;12.1674
1;0x45;0x8400;Southern Swamp - Road to Southern Swamp;0xa810;Koume's Ride -> Tourist Information;-1
1;0x45;0x8400;Southern Swamp - Road to Southern Swamp;0xc200;Southern Swamp -> Woods of Mystery;32.2531
1;0x45;0x8410;Southern Swamp - Tourist Information;0x10004;Southern Swamp -> Open Grotto;16.7942
1;0x45;0x8410;Southern Swamp - Tourist Information;0x400;Southern Swamp -> Potion Shop;30.9628
1;0x45;0x8410;Southern Swamp - Tourist Information;0x4800;Southern Swamp -> Swamp Spider House;18.5815
1;0x45;0x8410;Southern Swamp - Tourist Information;0x5000;Southern Swamp -> Deku Palace;25.8173
1;0x45;0x8410;Southern Swamp - Tourist Information;0x5050;Ledge -> Deku Palace;-1
1;0x45;0x8410;Southern Swamp - Tourist Information;0x7a10;Southern Swamp -> Road to Southern Swamp;9.7169
1;0x45;0x8410;Southern Swamp - Tourist Information;0x8600;Southern Swamp -> Woodfall;36.6158
1;0x45;0x8410;Southern Swamp - Tourist Information;0xa800;Southern Swamp -> Tourist Information;2.91394
1;0x45;0x8410;Southern Swamp - Tourist Information;0xa810;Koume's Ride -> Tourist Information;-1
1;0x45;0x8410;Southern Swamp - Tourist Information;0xc200;Southern Swamp -> Woods of Mystery;28.1121
1;0x45;0x8420;Southern Swamp - Woodfall;0x10004;Southern Swamp -> Open Grotto;17.8332
1;0x45;0x8420;Southern Swamp - Woodfall;0x400;Southern Swamp -> Potion Shop;47.635
1;0x45;0x8420;Southern Swamp - Woodfall;0x4800;Southern Swamp -> Swamp Spider House;20.073
1;0x45;0x8420;Southern Swamp - Woodfall;0x5000;Southern Swamp -> Deku Palace;17.2101
1;0x45;0x8420;Southern Swamp - Woodfall;0x5050;Ledge -> Deku Palace;-1
1;0x45;0x8420;Southern Swamp - Woodfall;0x7a10;Southern Swamp -> Road to Southern Swamp;37.6196
1;0x45;0x8420;Southern Swamp - Woodfall;0x8600;Southern Swamp -> Woodfall;3.60845
1;0x45;0x8420;Southern Swamp - Woodfall;0xa800;Southern Swamp -> Tourist Information;49.25
1;0x45;0x8420;Southern Swamp - Woodfall;0xa810;Koume's Ride -> Tourist Information;-1
1;0x45;0x8420;Southern Swamp - Woodfall;0xc200;Southern Swamp -> Woods of Mystery;45.8324
1;0x45;0x8430;Southern Swamp - Deku Palace;0x10004;Southern Swamp -> Open Grotto;15.9841
1;0x45;0x8430;Southern Swamp - Deku Palace;0x400;Southern Swamp -> Potion Shop;52.505
1;0x45;0x8430;Southern Swamp - Deku Palace;0x4800;Southern Swamp -> Swamp Spider House;15.3356
1;0x45;0x8430;Southern Swamp - Deku Palace;0x5000;Southern Swamp -> Deku Palace;3.69805
1;0x45;0x8430;Southern Swamp - Deku Palace;0x5050;Ledge -> Deku Palace;-1
1;0x45;0x8430;Southern Swamp - Deku Palace;0x7a10;Southern Swamp -> Road to Southern Swamp;32.7971
1;0x45;0x8430;Southern Swamp - Deku Palace;0x8600;Southern Swamp -> Woodfall;19.9676
1;0x45;0x8430;Southern Swamp - Deku Palace;0xa800;Southern Swamp -> Tourist Information;33.9339
1;0x45;0x8430;Southern Swamp - Deku Palace;0xa810;Koume's Ride -> Tourist Information;-1
1;0x45;0x8430;Southern Swamp - Deku Palace;0xc200;Southern Swamp -> Woods of Mystery;49.4268
1;0x45;0x8440;Southern Swamp - Ledge;0x10004;Southern Swamp -> Open Grotto;5.1142
1;0x45;0x8440;Southern Swamp - Ledge;0x400;Southern Swamp -> Potion Shop;42.0801
1;0x45;0x8440;Southern Swamp - Ledge;0x4800;Southern Swamp -> Swamp Spider House;9.99661
1;0x45;0x8440;Southern Swamp - Ledge;0x5000;Southern Swamp -> Deku Palace;19.9596
1;0x45;0x8440;Southern Swamp - Ledge;0x5050;Ledge -> Deku Palace;2.91605
1;0x45;0x8440;Southern Swamp - Ledge;0x7a10;Southern Swamp -> Road to Southern Swamp;23.5019
1;0x45;0x8440;Southern Swamp - Ledge;0x8600;Southern Swamp -> Woodfall;29.5779
1;0x45;0x8440;Southern Swamp - Ledge;0xa800;Southern Swamp -> Tourist Information;22.9588
1;0x45;0x8440;Southern Swamp - Ledge;0xa810;Koume's Ride -> Tourist Information;-1
1;0x45;0x8440;Southern Swamp - Ledge;0xc200;Southern Swamp -> Woods of Mystery;39.4954
1;0x45;0x8450;Southern Swamp - Potion Shop;0x10004;Southern Swamp -> Open Grotto;35.7451
1;0x45;0x8450;Southern Swamp - Potion Shop;0x400;Southern Swamp -> Potion Shop;2.84375
1;0x45;0x8450;Southern Swamp - Potion Shop;0x4800;Southern Swamp -> Swamp Spider House;36.7892
1;0x45;0x8450;Southern Swamp - Potion Shop;0x5000;Southern Swamp -> Deku Palace;45.3605
1;0x45;0x8450;Southern Swamp - Potion Shop;0x5050;Ledge -> Deku Palace;-1
1;0x45;0x8450;Southern Swamp - Potion Shop;0x7a10;Southern Swamp -> Road to Southern Swamp;28.4912
1;0x45;0x8450;Southern Swamp - Potion Shop;0x8600;Southern Swamp -> Woodfall;52.3456
1;0x45;0x8450;Southern Swamp - Potion Shop;0xa800;Southern Swamp -> Tourist Information;29.1237
1;0x45;0x8450;Southern Swamp - Potion Shop;0xa810;Koume's Ride -> Tourist Information;-1
1;0x45;0x8450;Southern Swamp - Potion Shop;0xc200;Southern Swamp -> Woods of Mystery;9.08066
1;0x45;0x8460;Southern Swamp - Koume's Ride;0x10004;Southern Swamp -> Open Grotto;47.8325
1;0x45;0x8460;Southern Swamp - Koume's Ride;0x400;Southern Swamp -> Potion Shop;94.4476
1;0x45;0x8460;Southern Swamp - Koume's Ride;0x4800;Southern Swamp -> Swamp Spider House;55.4597
1;0x45;0x8460;Southern Swamp - Koume's Ride;0x5000;Southern Swamp -> Deku Palace;40.0508
1;0x45;0x8460;Southern Swamp - Koume's Ride;0x5050;Ledge -> Deku Palace;-1
1;0x45;0x8460;Southern Swamp - Koume's Ride;0x68b0;Warp Owl -> Great Bay Coast - Owl Statue;122.704
1;0x45;0x8460;Southern Swamp - Koume's Ride;0x7a10;Southern Swamp -> Road to Southern Swamp;69.3107
1;0x45;0x8460;Southern Swamp - Koume's Ride;0x8600;Southern Swamp -> Woodfall;-1
1;0x45;0x8460;Southern Swamp - Koume's Ride;0xa800;Southern Swamp -> Tourist Information;67.0597
1;0x45;0x8460;Southern Swamp - Koume's Ride;0xa810;Koume's Ride -> Tourist Information;56.9224
1;0x45;0x8460;Southern Swamp - Koume's Ride;0xc200;Southern Swamp -> Woods of Mystery;82.5921
1;0x45;0x8470;Southern Swamp - Mystery Woods;0x10004;Southern Swamp -> Open Grotto;38.8709
1;0x45;0x8470;Southern Swamp - Mystery Woods;0x400;Southern Swamp -> Potion Shop;14.7419
1;0x45;0x8470;Southern Swamp - Mystery Woods;0x4800;Southern Swamp -> Swamp Spider House;39.5463
1;0x45;0x8470;Southern Swamp - Mystery Woods;0x5000;Southern Swamp -> Deku Palace;48.9418
1;0x45;0x8470;Southern Swamp - Mystery Woods;0x5050;Ledge -> Deku Palace;-1
1;0x45;0x8470;Southern Swamp - Mystery Woods;0x7a10;Southern Swamp -> Road to Southern Swamp;31.8839
1;0x45;0x8470;Southern Swamp - Mystery Woods;0x8600;Southern Swamp -> Woodfall;55.2688
1;0x45;0x8470;Southern Swamp - Mystery Woods;0xa800;Southern Swamp -> Tourist Information;35.0275
1;0x45;0x8470;Southern Swamp - Mystery Woods;0xa810;Koume's Ride -> Tourist Information;-1
1;0x45;0x8470;Southern Swamp - Mystery Woods;0xc200;Southern Swamp -> Woods of Mystery;3.65337
1;0x45;0x8480;Southern Swamp - Swamp Spider House;0x10004;Southern Swamp -> Open Grotto;8.59022
1;0x45;0x8480;Southern Swamp - Swamp Spider House;0x400;Southern Swamp -> Potion Shop;44.1086
1;0x45;0x8480;Southern Swamp - Swamp Spider House;0x4800;Southern Swamp -> Swamp Spider House;3.46866
1;0x45;0x8480;Southern Swamp - Swamp Spider House;0x5000;Southern Swamp -> Deku Palace;16.0318
1;0x45;0x8480;Southern Swamp - Swamp Spider House;0x5050;Ledge -> Deku Palace;-1
1;0x45;0x8480;Southern Swamp - Swamp Spider House;0x7a10;Southern Swamp -> Road to Southern Swamp;24.7792
1;0x45;0x8480;Southern Swamp - Swamp Spider House;0x8600;Southern Swamp -> Woodfall;22.8367
1;0x45;0x8480;Southern Swamp - Swamp Spider House;0xa800;Southern Swamp -> Tourist Information;26.2939
1;0x45;0x8480;Southern Swamp - Swamp Spider House;0xa810;Koume's Ride -> Tourist Information;-1
1;0x45;0x8480;Southern Swamp - Swamp Spider House;0xc200;Southern Swamp -> Woods of Mystery;41.3255
1;0x45;0x8490;Southern Swamp - Waterfalls - Waterfalls;0x10004;Southern Swamp -> Open Grotto;41.0563
1;0x45;0x8490;Southern Swamp - Waterfalls - Waterfalls;0x2040;Warp Owl -> Ikana Canyon - Owl Statue;27.3349
1;0x45;0x8490;Southern Swamp - Waterfalls - Waterfalls;0x400;Southern Swamp -> Potion Shop;16.7952
1;0x45;0x8490;Southern Swamp - Waterfalls - Waterfalls;0x4800;Southern Swamp -> Swamp Spider House;43.6344
1;0x45;0x8490;Southern Swamp - Waterfalls - Waterfalls;0x5000;Southern Swamp -> Deku Palace;50.6972
1;0x45;0x8490;Southern Swamp - Waterfalls - Waterfalls;0x5050;Ledge -> Deku Palace;-1
1;0x45;0x8490;Southern Swamp - Waterfalls - Waterfalls;0x7a10;Southern Swamp -> Road to Southern Swamp;32.9765
1;0x45;0x8490;Southern Swamp - Waterfalls - Waterfalls;0x8600;Southern Swamp -> Woodfall;57.1864
1;0x45;0x8490;Southern Swamp - Waterfalls - Waterfalls;0xa800;Southern Swamp -> Tourist Information;33.7415
1;0x45;0x8490;Southern Swamp - Waterfalls - Waterfalls;0xa810;Koume's Ride -> Tourist Information;-1
1;0x45;0x8490;Southern Swamp - Waterfalls - Waterfalls;0xaa30;Warp Owl -> Stone Tower - Owl Statue;7642.24
1;0x45;0x8490;Southern Swamp - Waterfalls - Waterfalls;0xc200;Southern Swamp -> Woods of Mystery;10.579
1;0x45;0x84a0;Southern Swamp - Owl Statue - Warp Owl;0x10004;Southern Swamp -> Open Grotto;19.0814
1;0x45;0x84a0;Southern Swamp - Owl Statue - Warp Owl;0x400;Southern Swamp -> Potion Shop;35.5478
1;0x45;0x84a0;Southern Swamp - Owl Statue - Warp Owl;0x4800;Southern Swamp -> Swamp Spider House;20.954
1;0x45;0x84a0;Southern Swamp - Owl Statue - Warp Owl;0x5000;Southern Swamp -> Deku Palace;29.708
1;0x45;0x84a0;Southern Swamp - Owl Statue - Warp Owl;0x5050;Ledge -> Deku Palace;-1
1;0x45;0x84a0;Southern Swamp - Owl Statue - Warp Owl;0x7a10;Southern Swamp -> Road to Southern Swamp;8.68993
1;0x45;0x84a0;Southern Swamp - Owl Statue - Warp Owl;0x8600;Southern Swamp -> Woodfall;41.365
1;0x45;0x84a0;Southern Swamp - Owl Statue - Warp Owl;0xa800;Southern Swamp -> Tourist Information;13.0823
1;0x45;0x84a0;Southern Swamp - Owl Statue - Warp Owl;0xa810;Koume's Ride -> Tourist Information;-1
1;0x45;0x84a0;Southern Swamp - Owl Statue - Warp Owl;0xc200;Southern Swamp -> Woods of Mystery;33.4774
1;0x46;0x8600;Woodfall - Southern Swamp;0x2040;Warp Owl -> Ikana Canyon - Owl Statue;16.4359
1;0x46;0x8600;Woodfall - Southern Swamp;0x3000;Woodfall -> Woodfall Temple;46.6332
1;0x46;0x8600;Woodfall - Southern Swamp;0x3020;Deku Princess -> Woodfall;7.02219
1;0x46;0x8600;Woodfall - Southern Swamp;0x4610;Woodfall -> Woodfall Fairy Fountain;52.1931
1;0x46;0x8600;Woodfall - Southern Swamp;0x8420;Woodfall -> Southern Swamp;2.79401
1;0x46;0x8610;Woodfall - Woodfall Temple;0x3000;Woodfall -> Woodfall Temple;2.78226
1;0x46;0x8610;Woodfall - Woodfall Temple;0x3000;Woodfall -> Woodfall Temple;2.81323
1;0x46;0x8610;Woodfall - Woodfall Temple;0x3020;Deku Princess -> Woodfall;17.252
1;0x46;0x8610;Woodfall - Woodfall Temple;0x4610;Woodfall -> Woodfall Fairy Fountain;29.8018
1;0x46;0x8610;Woodfall - Woodfall Temple;0x8420;Woodfall -> Southern Swamp;16.3082
1;0x46;0x8620;Woodfall - Woodfall Fairy Fountain;0x3000;Woodfall -> Woodfall Temple;33.2815
1;0x46;0x8620;Woodfall - Woodfall Fairy Fountain;0x3020;Deku Princess -> Woodfall;21.1457
1;0x46;0x8620;Woodfall - Woodfall Fairy Fountain;0x4610;Woodfall -> Woodfall Fairy Fountain;4.14766
1;0x46;0x8620;Woodfall - Woodfall Fairy Fountain;0x4610;Woodfall -> Woodfall Fairy Fountain;3.06063
1;0x46;0x8620;Woodfall - Woodfall Fairy Fountain;0x8420;Woodfall -> Southern Swamp;22.4853
1;0x46;0x8630;Woodfall - Deku Princess;0x3000;Woodfall -> Woodfall Temple;48.6261
1;0x46;0x8630;Woodfall - Deku Princess;0x3020;Deku Princess -> Woodfall;2.58515
1;0x46;0x8630;Woodfall - Deku Princess;0x4610;Woodfall -> Woodfall Fairy Fountain;60.065
1;0x46;0x8630;Woodfall - Deku Princess;0x8420;Woodfall -> Southern Swamp;6.95816
1;0x46;0x8640;Woodfall - Owl Statue - Warp Owl;0x3000;Woodfall -> Woodfall Temple;13.2955
1;0x46;0x8640;Woodfall - Owl Statue - Warp Owl;0x3020;Deku Princess -> Woodfall;17.2955
1;0x46;0x8640;Woodfall - Owl Statue - Warp Owl;0x4610;Woodfall -> Woodfall Fairy Fountain;22.4587
1;0x46;0x8640;Woodfall - Owl Statue - Warp Owl;0x8420;Woodfall -> Southern Swamp;20.6404
1;0x47;0x8800;Zora's Trial - Entrance - Entrance;0x88100;Wrong Pipe -> Zora's Trial -> Wrong Pipe;41.3657
1;0x47;0x8800;Zora's Trial - Entrance - Entrance;0x89000;Exit -> Gyorg's Trial -> Exit;14.5602
1;0x47;0x8810;Zora's Trial - Entrance, Wrong Pipe - Entrance, Wrong Pipe;0x88100;Wrong Pipe -> Zora's Trial -> Wrong Pipe;29.8012
1;0x47;0x8810;Zora's Trial - Entrance, Wrong Pipe - Entrance, Wrong Pipe;0x89000;Exit -> Gyorg's Trial -> Exit;16.0343
1;0x49;0x8c00;Great Bay Temple - Zora Cape;0x6a70;Great Bay Temple -> Zora Cape;14.4777
1;0x49;0x8c00;Great Bay Temple - Zora Cape;0xb800;Great Bay Temple -> Gyorg's Lair - Great Bay Temple;3.62227
1;0x4a;0x8e00;Waterfall Rapids - Zora Cape;0x6a40;Waterfall Rapids -> Zora Cape;3.06086
1;0x4a;0x8e00;Waterfall Rapids - Zora Cape;0x8e10;Race Begin -> Waterfall Rapids - Race Begin;13.7137
1;0x4a;0x8e00;Waterfall Rapids - Zora Cape;0x8e200;Race End -> Waterfall Rapids - Race End;-1
1;0x4a;0x8e10;Waterfall Rapids - Race Begin - Race Begin;0x6a40;Waterfall Rapids -> Zora Cape;14.0509
1;0x4a;0x8e10;Waterfall Rapids - Race Begin - Race Begin;0x8e100;Race Begin -> Waterfall Rapids - Race Begin;-1
1;0x4a;0x8e10;Waterfall Rapids - Race Begin - Race Begin;0x8e20;Race End -> Waterfall Rapids - Race End;89.8221
1;0x4a;0x8e20;Waterfall Rapids - Race End - Race End;0x6a40;Waterfall Rapids -> Zora Cape;14.6104
1;0x4a;0x8e20;Waterfall Rapids - Race End - Race End;0x8e10;Race Begin -> Waterfall Rapids - Race Begin;6.31009
1;0x4a;0x8e20;Waterfall Rapids - Race End - Race End;0x8e200;Race End -> Waterfall Rapids - Race End;-1
1;0x4b;0x9000;Beneath the Well - Ikana Canyon;0x2050;Beneath the Well -> Ikana Canyon;3.15534
1;0x4b;0x9000;Beneath the Well - Ikana Canyon;0x3400;Beneath the Well Back -> Ikana Castle Exterior;35.6376
1;0x4b;0x9000;Beneath the Well - Ikana Canyon;0xff01;Beneath the Well -> Wallmaster - Right Corridor;21.7375
1;0x4b;0x9000;Beneath the Well - Ikana Canyon;0xff02;Beneath the Well -> Wallmaster - Fairy Fountain;27.4204
1;0x4b;0x9000;Beneath the Well - Ikana Canyon;0xff03;Beneath the Well -> Wallmaster - Castle Corridor;31.7519
1;0x4b;0x9010;Beneath the Well Back - Ikana Castle Exterior;0x2050;Beneath the Well -> Ikana Canyon;35.0257
1;0x4b;0x9010;Beneath the Well Back - Ikana Castle Exterior;0x3400;Beneath the Well Back -> Ikana Castle Exterior;3.17115
1;0x4b;0x9010;Beneath the Well Back - Ikana Castle Exterior;0xff01;Beneath the Well -> Wallmaster - Right Corridor;37.7071
1;0x4b;0x9010;Beneath the Well Back - Ikana Castle Exterior;0xff02;Beneath the Well -> Wallmaster - Fairy Fountain;56.0972
1;0x4b;0x9010;Beneath the Well Back - Ikana Castle Exterior;0xff03;Beneath the Well -> Wallmaster - Castle Corridor;22.0766
1;0x76;0x9200;Tijo's Room - Zora Hall;0x6060;Tijo's Room -> Zora Hall;2.63585
1;0x75;0x9210;Japas' Room - Zora Hall;0x6050;Japas' Room -> Zora Hall;2.66485
1;0x77;0x9220;Lulu's Room - Zora Hall;0x6030;Lulu's Room -> Zora Hall;2.68635
1;0x74;0x9230;Evans' Room - Zora Hall;0x6040;Evans' Room -> Zora Hall;2.7214
1;0x73;0x9250;Zora Shop - Zora Hall;0x6020;Zora Shop -> Zora Hall;2.62292
1;0x98;0x9400;Goron Village - Twin Islands;0x1500;Goron City -> Lone Peak Shrine;28.5075
1;0x98;0x9400;Goron Village - Twin Islands;0x5e00;Goron City -> Goron Shrine;6.76273
1;0x98;0x9400;Goron Village - Twin Islands;0xb410;Goron Village -> Twin Islands;3.04121
1;0x98;0x9420;Goron City - Goron Shrine;0x1500;Goron City -> Lone Peak Shrine;24.083
1;0x98;0x9420;Goron City - Goron Shrine;0x5e00;Goron City -> Goron Shrine;3.44959
1;0x98;0x9420;Goron City - Goron Shrine;0xb410;Goron Village -> Twin Islands;9.89536
1;0x98;0x9430;Goron City - Lone Peak Shrine;0x1500;Goron City -> Lone Peak Shrine;3.84209
1;0x98;0x9430;Goron City - Lone Peak Shrine;0x5e00;Goron City -> Goron Shrine;24.7241
1;0x98;0x9430;Goron City - Lone Peak Shrine;0xb410;Goron Village -> Twin Islands;27.2244
1;0x4e;0x9600;Goron Graveyard - Mountain Village;0x9a30;Goron Graveyard -> Mountain Village;2.65929
1;0x4f;0x9800;Sakon Hideout - Ikana Canyon;0x2060;Sakon Hideout -> Ikana Canyon;2.74861
1;0x96;0x9a00;Mountain Village Winter - Open Grotto;0x10005;Mountain Village Spring -> Tunnel Open Grotto;-1
1;0x96;0x9a00;Mountain Village Winter - Open Grotto;0x3210;Mountain Village -> Path to Mountain Village;10.39723
1;0x96;0x9a00;Mountain Village Winter - Open Grotto;0x5200;Mountain Village -> Blacksmith;6.7439
1;0x96;0x9a00;Mountain Village Winter - Open Grotto;0x9600;Mountain Village -> Goron Graveyard;50.0449
1;0x96;0x9a00;Mountain Village Winter - Open Grotto;0xb000;Mountain Village -> Path to Snowhead;10.8069
1;0x96;0x9a00;Mountain Village Winter - Open Grotto;0xb400;Mountain Village -> Twin Islands;10.2715
1;0x96;0x9a10;Mountain Village - Blacksmith;0x10005;Mountain Village Spring -> Tunnel Open Grotto;20.2772
1;0x96;0x9a10;Mountain Village - Blacksmith;0x3210;Mountain Village -> Path to Mountain Village;8.39723
1;0x96;0x9a10;Mountain Village - Blacksmith;0x5200;Mountain Village -> Blacksmith;2.83526
1;0x96;0x9a10;Mountain Village - Blacksmith;0x9600;Mountain Village -> Goron Graveyard;54.0449
1;0x96;0x9a10;Mountain Village - Blacksmith;0xb000;Mountain Village -> Path to Snowhead;12.8069
1;0x96;0x9a10;Mountain Village - Blacksmith;0xb400;Mountain Village -> Twin Islands;12.2715
1;0x96;0x9a20;Mountain Village - Twin Islands;0x10005;Mountain Village Spring -> Tunnel Open Grotto;18.396
1;0x96;0x9a20;Mountain Village - Twin Islands;0x3210;Mountain Village -> Path to Mountain Village;13.3817
1;0x96;0x9a20;Mountain Village - Twin Islands;0x5200;Mountain Village -> Blacksmith;13.8322
1;0x96;0x9a20;Mountain Village - Twin Islands;0x9600;Mountain Village -> Goron Graveyard;55.0687
1;0x96;0x9a20;Mountain Village - Twin Islands;0xae00;Open Grotto -> Mountain Village;6.81871
1;0x96;0x9a20;Mountain Village - Twin Islands;0xb000;Mountain Village -> Path to Snowhead;20.3605
1;0x96;0x9a20;Mountain Village - Twin Islands;0xb400;Mountain Village -> Twin Islands;2.84527
1;0x96;0x9a30;Mountain Village - Goron Graveyard;0x10005;Mountain Village Spring -> Tunnel Open Grotto;9.11867
1;0x96;0x9a30;Mountain Village - Goron Graveyard;0x3210;Mountain Village -> Path to Mountain Village;21.9418
1;0x96;0x9a30;Mountain Village - Goron Graveyard;0x5200;Mountain Village -> Blacksmith;17.8946
1;0x96;0x9a30;Mountain Village - Goron Graveyard;0x9600;Mountain Village -> Goron Graveyard;4.03669
1;0x96;0x9a30;Mountain Village - Goron Graveyard;0xb000;Mountain Village -> Path to Snowhead;20.1067
1;0x96;0x9a30;Mountain Village - Goron Graveyard;0xb400;Mountain Village -> Twin Islands;20.5535
1;0x96;0x9a40;Mountain Village - Path to Snowhead;0x10005;Mountain Village Spring -> Tunnel Open Grotto;24.5949
1;0x96;0x9a40;Mountain Village - Path to Snowhead;0x3210;Mountain Village -> Path to Mountain Village;15.8959
1;0x96;0x9a40;Mountain Village - Path to Snowhead;0x5200;Mountain Village -> Blacksmith;12.726
1;0x96;0x9a40;Mountain Village - Path to Snowhead;0x5200;Mountain Village -> Blacksmith;12.7473
1;0x96;0x9a40;Mountain Village - Path to Snowhead;0x9600;Mountain Village -> Goron Graveyard;59.1425
1;0x96;0x9a40;Mountain Village - Path to Snowhead;0xb000;Mountain Village -> Path to Snowhead;2.82799
1;0x96;0x9a40;Mountain Village - Path to Snowhead;0xb400;Mountain Village -> Twin Islands;20.066
1;0x96;0x9a60;Mountain Village - Path to Mountain Village;0x10005;Mountain Village Spring -> Tunnel Open Grotto;21.5683
1;0x96;0x9a60;Mountain Village - Path to Mountain Village;0x3210;Mountain Village -> Path to Mountain Village;3.37678
1;0x96;0x9a60;Mountain Village - Path to Mountain Village;0x5200;Mountain Village -> Blacksmith;9.05219
1;0x96;0x9a60;Mountain Village - Path to Mountain Village;0x9600;Mountain Village -> Goron Graveyard;58.0029
1;0x96;0x9a60;Mountain Village - Path to Mountain Village;0xb000;Mountain Village -> Path to Snowhead;15.1537
1;0x96;0x9a60;Mountain Village - Path to Mountain Village;0xb400;Mountain Village -> Twin Islands;13.2439
1;0x96;0x9a80;Mountain Village - Owl Statue - Warp Owl;0x10005;Mountain Village Spring -> Tunnel Open Grotto;22.1631
1;0x96;0x9a80;Mountain Village - Owl Statue - Warp Owl;0x3210;Mountain Village -> Path to Mountain Village;12.0546
1;0x96;0x9a80;Mountain Village - Owl Statue - Warp Owl;0x5200;Mountain Village -> Blacksmith;8.7439
1;0x96;0x9a80;Mountain Village - Owl Statue - Warp Owl;0x9600;Mountain Village -> Goron Graveyard;52.555
1;0x96;0x9a80;Mountain Village - Owl Statue - Warp Owl;0xb000;Mountain Village -> Path to Snowhead;8.11465
1;0x96;0x9a80;Mountain Village - Owl Statue - Warp Owl;0xb400;Mountain Village -> Twin Islands;15.167
1;0x51;0x9c00;Ghost Hut - Ikana Canyon;0x2010;Ghost Hut -> Ikana Canyon;2.92842
1;0x52;0x9e00;Deku Shrine - Deku Palace;0x5040;Deku Shrine -> Deku Palace;3.31786
1;0xc;0xa00;Ikana Grave 2 - Ikana Graveyard;0x8020;Ikana Grave 2 -> Ikana Graveyard;2.64894
1;0xc;0xa00;Ikana Grave 2 - Ikana Graveyard;0x8030;Ikana Grave 1 -> Ikana Graveyard;-1
1;0x53;0xa000;Road to Ikana - Termina Field;0x1000a;Road to Ikana -> Red Boulder Grotto;16.3049
1;0x53;0xa000;Road to Ikana - Termina Field;0x2000;Road to Ikana -> Ikana Canyon;46.0491
1;0x53;0xa000;Road to Ikana - Termina Field;0x5440;Road to Ikana -> Termina Field;3.56654
1;0x53;0xa000;Road to Ikana - Termina Field;0x8000;Road to Ikana -> Ikana Graveyard;29.2917
1;0x53;0xa010;Road to Ikana - Ikana Canyon;0x1000a;Road to Ikana -> Red Boulder Grotto;31.87
1;0x53;0xa010;Road to Ikana - Ikana Canyon;0x2000;Road to Ikana -> Ikana Canyon;2.80836
1;0x53;0xa010;Road to Ikana - Ikana Canyon;0x5440;Road to Ikana -> Termina Field;38.4146
1;0x53;0xa010;Road to Ikana - Ikana Canyon;0x8000;Road to Ikana -> Ikana Graveyard;28.5859
1;0x53;0xa020;Road to Ikana - Ikana Graveyard;0x1000a;Road to Ikana -> Red Boulder Grotto;20.4485
1;0x53;0xa020;Road to Ikana - Ikana Graveyard;0x2000;Road to Ikana -> Ikana Canyon;28.3709
1;0x53;0xa020;Road to Ikana - Ikana Graveyard;0x5440;Road to Ikana -> Termina Field;28.7305
1;0x53;0xa020;Road to Ikana - Ikana Graveyard;0x8000;Road to Ikana -> Ikana Graveyard;3.40307
1;0xc;0xa10;Ikana Grave 1 - Ikana Graveyard;0x8020;Ikana Grave 2 -> Ikana Graveyard;-1
1;0xc;0xa10;Ikana Grave 1 - Ikana Graveyard;0x8030;Ikana Grave 1 -> Ikana Graveyard;2.75589
1;0x54;0xa200;Swordsman School - West Clock Town;0xd430;Swordsman School -> West Clock Town;2.73661
1;0x55;0xa400;Music Box House - Ikana Canyon;0x2020;Music Box House -> Ikana Canyon;2.63202
1;0x55;0xa400;Music Box House - Ikana Canyon;0x68b0;Warp Owl -> Great Bay Coast - Owl Statue;75.9761
1;0x56;0xa600;Igos' Lair - Inside Ikana Castle;0x3460;Igos' Lair -> Inside Ikana Castle;2.88604
1;0x57;0xa800;Tourist Information - Southern Swamp;0x8410;Tourist Information -> Southern Swamp;3.04193
1;0x57;0xa800;Tourist Information - Southern Swamp;0xc60;Koume's Ride -> Southern Swamp;8.63124
1;0x57;0xa810;Tourist Information - Koume's Ride;0x8410;Tourist Information -> Southern Swamp;5.25984
1;0x57;0xa810;Tourist Information - Koume's Ride;0x8460;Koume's Ride -> Southern Swamp;6.70065
1;0x58;0xaa00;Stone Tower - Ikana Canyon;0x2030;Stone Tower -> Ikana Canyon;3.121
1;0x58;0xaa00;Stone Tower - Ikana Canyon;0x2600;Stone Tower -> Stone Tower Temple;252.334
1;0x58;0xaa00;Stone Tower - Ikana Canyon;0xac00;Stone Tower -> Stone Tower Inverted;259.334
1;0x58;0xaa10;Stone Tower - Stone Tower Inverted;0x2030;Stone Tower -> Ikana Canyon;12.1729
1;0x58;0xaa10;Stone Tower - Stone Tower Inverted;0x2600;Stone Tower -> Stone Tower Temple;35.7427
1;0x58;0xaa10;Stone Tower - Stone Tower Inverted;0xac00;Stone Tower -> Stone Tower Inverted;31.2885
1;0x58;0xaa20;Stone Tower - Stone Tower Temple;0x2030;Stone Tower -> Ikana Canyon;13.7853
1;0x58;0xaa20;Stone Tower - Stone Tower Temple;0x2600;Stone Tower -> Stone Tower Temple;2.84918
1;0x58;0xaa20;Stone Tower - Stone Tower Temple;0xac00;Stone Tower -> Stone Tower Inverted;76.7462
1;0x58;0xaa30;Stone Tower - Owl Statue - Warp Owl;0x2030;Stone Tower -> Ikana Canyon;16.9791
1;0x58;0xaa30;Stone Tower - Owl Statue - Warp Owl;0x2600;Stone Tower -> Stone Tower Temple;47.0088
1;0x58;0xaa30;Stone Tower - Owl Statue - Warp Owl;0xac00;Stone Tower -> Stone Tower Inverted;35.0175
1;0x59;0xac00;Stone Tower Inverted - Stone Tower;0x2a00;Stone Tower Inverted -> Stone Tower Temple Inverted;10.7574
1;0x59;0xac00;Stone Tower Inverted - Stone Tower;0xaa10;Stone Tower Inverted -> Stone Tower;14.7173
1;0x59;0xac10;Stone Tower Inverted - Stone Tower Temple Inverted;0x2a00;Stone Tower Inverted -> Stone Tower Temple Inverted;2.65739
1;0x59;0xac10;Stone Tower Inverted - Stone Tower Temple Inverted;0xaa10;Stone Tower Inverted -> Stone Tower;14.0316
1;0x96;0xae70;Mountain Village - Warp Goht - Warp Goht;0x10005;Mountain Village Spring -> Tunnel Open Grotto;35.9016
1;0x96;0xae70;Mountain Village - Warp Goht - Warp Goht;0x3210;Mountain Village -> Path to Mountain Village;11.9234
1;0x96;0xae70;Mountain Village - Warp Goht - Warp Goht;0x5200;Mountain Village -> Blacksmith;11.3621
1;0x96;0xae70;Mountain Village - Warp Goht - Warp Goht;0x9600;Mountain Village -> Goron Graveyard;58.7262
1;0x96;0xae70;Mountain Village - Warp Goht - Warp Goht;0xb000;Mountain Village -> Path to Snowhead;17.0535
1;0x96;0xae70;Mountain Village - Warp Goht - Warp Goht;0xb400;Mountain Village -> Twin Islands;18.6527
1;0x5b;0xb000;Path to Snowhead - Mountain Village;0x10007;Path To Snowhead -> Tree Grotto;20.9596
1;0x5b;0xb000;Path to Snowhead - Mountain Village;0xae40;Path to Snowhead -> Mountain Village;3.5251
1;0x5b;0xb000;Path to Snowhead - Mountain Village;0xb200;Path to Snowhead -> Snowhead;18.7479
1;0x5b;0xb010;Path to Snowhead - Snowhead;0x10007;Path To Snowhead -> Tree Grotto;11.3188
1;0x5b;0xb010;Path to Snowhead - Snowhead;0x9a40;Path to Snowhead -> Mountain Village;18.4305
1;0x5b;0xb010;Path to Snowhead - Snowhead;0xb200;Path to Snowhead -> Snowhead;3.6696
1;0x5b;0xb010;Path to Snowhead - Snowhead;0xb200;Path to Snowhead -> Snowhead;23.0679
1;0x5c;0xb200;Snowhead - Path to Snowhead;0x3c00;Snowhead -> Snowhead Temple;27.6045
1;0x5c;0xb200;Snowhead - Path to Snowhead;0x4620;Snowhead -> Snowhead Fairy Fountain;17.2481
1;0x5c;0xb200;Snowhead - Path to Snowhead;0xb010;Snowhead -> Path to Snowhead;5.13314
1;0x5c;0xb210;Snowhead - Snowhead Temple;0x3c00;Snowhead -> Snowhead Temple;3.1052
1;0x5c;0xb210;Snowhead - Snowhead Temple;0x3c00;Snowhead -> Snowhead Temple;3.3747
1;0x5c;0xb210;Snowhead - Snowhead Temple;0x4620;Snowhead -> Snowhead Fairy Fountain;7.31575
1;0x5c;0xb210;Snowhead - Snowhead Temple;0xb010;Snowhead -> Path to Snowhead;19.6058
1;0x5c;0xb220;Snowhead - Snowhead Fairy Fountain;0x3c00;Snowhead -> Snowhead Temple;20.2562
1;0x5c;0xb220;Snowhead - Snowhead Fairy Fountain;0x4620;Snowhead -> Snowhead Fairy Fountain;3.0444
1;0x5c;0xb220;Snowhead - Snowhead Fairy Fountain;0xb010;Snowhead -> Path to Snowhead;17.2174
1;0x5c;0xb230;Snowhead - Owl Statue - Warp Owl;0x3c00;Snowhead -> Snowhead Temple;28.8504
1;0x5c;0xb230;Snowhead - Owl Statue - Warp Owl;0x4620;Snowhead -> Snowhead Fairy Fountain;17.0103
1;0x5c;0xb230;Snowhead - Owl Statue - Warp Owl;0xb010;Snowhead -> Path to Snowhead;4.80404
1;0x97;0xb400;Twin Islands - Mountain Village;0x10006;Twin Islands -> Ramp Grotto;12.5767
1;0x97;0xb400;Twin Islands - Mountain Village;0x1450;Twin Islands -> Hot Water Grotto;16.9305
1;0x97;0xb400;Twin Islands - Mountain Village;0x9400;Twin Islands -> Goron Village;20.9566
1;0x97;0xb400;Twin Islands - Mountain Village;0xae20;Twin Islands -> Mountain Village;3.57632
1;0x97;0xb400;Twin Islands - Mountain Village;0xd000;Twin Islands -> Goron Racetrack;11.7151
1;0x97;0xb410;Twin Islands - Goron Village;0x10006;Twin Islands -> Ramp Grotto;21.02
1;0x97;0xb410;Twin Islands - Goron Village;0x1450;Twin Islands -> Hot Water Grotto;6.74909
1;0x97;0xb410;Twin Islands - Goron Village;0x9400;Twin Islands -> Goron Village;3.41999
1;0x97;0xb410;Twin Islands - Goron Village;0x9a20;Twin Islands -> Mountain Village;20.3769
1;0x97;0xb410;Twin Islands - Goron Village;0xd000;Twin Islands -> Goron Racetrack;24.1566
1;0x97;0xb420;Twin Islands - Goron Racetrack;0x10006;Twin Islands -> Ramp Grotto;11.4163
1;0x97;0xb420;Twin Islands - Goron Racetrack;0x1450;Twin Islands -> Hot Water Grotto;10.9053
1;0x97;0xb420;Twin Islands - Goron Racetrack;0x9400;Twin Islands -> Goron Village;14.2706
1;0x97;0xb420;Twin Islands - Goron Racetrack;0x9a20;Twin Islands -> Mountain Village;11.9544
1;0x97;0xb420;Twin Islands - Goron Racetrack;0xd000;Twin Islands -> Goron Racetrack;3.47377
1;0x5f;0xb800;Gyorg's Lair - Great Bay Temple - Great Bay Temple;0xb9000;Warp Boss -> Gyorg's Lair -> Warp Boss;8.56485
1;0x60;0xba00;Shrine - Ikana Canyon;0x20c0;Secret Shrine -> Ikana Canyon;3.26463
1;0x61;0xbc00;Stock Pot Inn - East Clock Town;0xd290;Stock Pot Inn -> East Clock Town;3.12871
1;0x61;0xbc00;Stock Pot Inn - East Clock Town;0xd2a0;Stock Pot Inn Roof -> East Clock Town;6.90816
1;0x61;0xbc10;Stock Pot Inn Roof - East Clock Town;0xd290;Stock Pot Inn -> East Clock Town;7.12108
1;0x61;0xbc10;Stock Pot Inn Roof - East Clock Town;0xd2a0;Stock Pot Inn Roof -> East Clock Town;2.78904
1;0x64;0xc200;Woods of Mystery - Southern Swamp;0x10003;Woods of Mystery -> Open Grotto;7.24768
1;0x64;0xc200;Woods of Mystery - Southern Swamp;0x8470;Mystery Woods -> Southern Swamp;2.7489
1;0x66;0xc600;Link's Trial - Entrance - Entrance;0xc9000;Exit -> Link's Trial -> Exit;17.147
1;0x67;0xc800;Moon - Entrance - Entrance;0x200;Entrance -> Majora's Lair - Entrance;22.7978
1;0x67;0xc800;Moon - Entrance - Entrance;0x4e00;Entrance -> Deku's Trial - Entrance;28.9223
1;0x67;0xc800;Moon - Entrance - Entrance;0x7800;Entrance -> Goron's Trial - Entrance;29.2219
1;0x67;0xc800;Moon - Entrance - Entrance;0x8800;Entrance -> Zora's Trial - Entrance;47.3703
1;0x67;0xc800;Moon - Entrance - Entrance;0xc600;Entrance -> Link's Trial - Entrance;43.9296
1;0x68;0xca00;Bomb Shop - West Clock Town;0xd460;Bomb Shop -> West Clock Town;3.10034
1;0x6a;0xce00;Gorman Track - Milk Road;0x3e20;Gorman Track Back -> Milk Road Back;27.1726
1;0x6a;0xce00;Gorman Track - Milk Road;0x3e30;Gorman Track -> Milk Road;5.35406
1;0x6a;0xce30;Gorman Track Back - Milk Road Back;0x3e20;Gorman Track Back -> Milk Road Back;3.59567
1;0x6a;0xce30;Gorman Track Back - Milk Road Back;0x3e30;Gorman Track -> Milk Road;30.4427
1;0x6b;0xd000;Goron Racetrack - Twin Islands;0xb420;Goron Racetrack -> Twin Islands;3.16296
1;0x6b;0xd000;Goron Racetrack - Twin Islands;0xd010;Racetrack Alt -> Goron Racetrack;10.8263
1;0x6b;0xd010;Goron Racetrack - Racetrack Alt;0xb420;Goron Racetrack -> Twin Islands;78.5831
1;0x6c;0xd200;East Clock Town - Termina Field;0x0;East Clock Town -> Mayor's Office;8.9192
1;0x6c;0xd200;East Clock Town - Termina Field;0x2400;East Clock Town -> Milk Bar;3.99379
1;0x6c;0xd200;East Clock Town - Termina Field;0x2800;East Clock Town -> Treasure Chest Game;6.8816
1;0x6c;0xd200;East Clock Town - Termina Field;0x3a00;East Clock Town -> Town Archery;7.12426
1;0x6c;0xd200;East Clock Town - Termina Field;0x4c00;East Clock Town -> Astral Observatory;10.8895
1;0x6c;0xd200;East Clock Town - Termina Field;0x5470;East Clock Town -> Termina Field;4.00618
1;0x6c;0xd200;East Clock Town - Termina Field;0x800;East Clock Town -> Honey and Darling;5.009
1;0x6c;0xd200;East Clock Town - Termina Field;0xbc00;East Clock Town -> Stock Pot Inn;5.20772
1;0x6c;0xd200;East Clock Town - Termina Field;0xbc10;East Clock Town -> Stock Pot Inn Roof;16.9388
1;0x6c;0xd200;East Clock Town - Termina Field;0xd610;East Clock Town -> North Clock Town;7.88593
1;0x6c;0xd200;East Clock Town - Termina Field;0xd820;East Clock Town Top -> South East Clock Town;7.5307
1;0x6c;0xd200;East Clock Town - Termina Field;0xd870;East Clock Town Bottom -> South East Clock Town;7.3398
1;0x6c;0xd210;East Clock Town - South East Clock Town Bottom;0x0;East Clock Town -> Mayor's Office;14.6698
1;0x6c;0xd210;East Clock Town - South East Clock Town Bottom;0x2400;East Clock Town -> Milk Bar;7.42653
1;0x6c;0xd210;East Clock Town - South East Clock Town Bottom;0x2800;East Clock Town -> Treasure Chest Game;6.38769
1;0x6c;0xd210;East Clock Town - South East Clock Town Bottom;0x3a00;East Clock Town -> Town Archery;4.35888
1;0x6c;0xd210;East Clock Town - South East Clock Town Bottom;0x4c00;East Clock Town -> Astral Observatory;14.1966
1;0x6c;0xd210;East Clock Town - South East Clock Town Bottom;0x5470;East Clock Town -> Termina Field;7.72951
1;0x6c;0xd210;East Clock Town - South East Clock Town Bottom;0x800;East Clock Town -> Honey and Darling;6.93234
1;0x6c;0xd210;East Clock Town - South East Clock Town Bottom;0xbc00;East Clock Town -> Stock Pot Inn;8.88501
1;0x6c;0xd210;East Clock Town - South East Clock Town Bottom;0xbc10;East Clock Town -> Stock Pot Inn Roof;17.1608
1;0x6c;0xd210;East Clock Town - South East Clock Town Bottom;0xd610;East Clock Town -> North Clock Town;11.1543
1;0x6c;0xd210;East Clock Town - South East Clock Town Bottom;0xd820;East Clock Town Top -> South East Clock Town;7.48888
1;0x6c;0xd210;East Clock Town - South East Clock Town Bottom;0xd870;East Clock Town Bottom -> South East Clock Town;3.45857
1;0x6c;0xd220;East Clock Town - Astral Observatory;0x0;East Clock Town -> Mayor's Office;7.3132
1;0x6c;0xd220;East Clock Town - Astral Observatory;0x2400;East Clock Town -> Milk Bar;10.3365
1;0x6c;0xd220;East Clock Town - Astral Observatory;0x2800;East Clock Town -> Treasure Chest Game;11.6464
1;0x6c;0xd220;East Clock Town - Astral Observatory;0x3a00;East Clock Town -> Town Archery;14.5733
1;0x6c;0xd220;East Clock Town - Astral Observatory;0x4c00;East Clock Town -> Astral Observatory;3.5957
1;0x6c;0xd220;East Clock Town - Astral Observatory;0x5470;East Clock Town -> Termina Field;9.57393
1;0x6c;0xd220;East Clock Town - Astral Observatory;0x800;East Clock Town -> Honey and Darling;11.8339
1;0x6c;0xd220;East Clock Town - Astral Observatory;0xbc00;East Clock Town -> Stock Pot Inn;11.1953
1;0x6c;0xd220;East Clock Town - Astral Observatory;0xbc10;East Clock Town -> Stock Pot Inn Roof;23.3146
1;0x6c;0xd220;East Clock Town - Astral Observatory;0xd610;East Clock Town -> North Clock Town;6.3886
1;0x6c;0xd220;East Clock Town - Astral Observatory;0xd820;East Clock Town Top -> South East Clock Town;10.9782
1;0x6c;0xd220;East Clock Town - Astral Observatory;0xd870;East Clock Town Bottom -> South East Clock Town;13.1139
1;0x6c;0xd230;East Clock Town - South East Clock Town Top;0x0;East Clock Town -> Mayor's Office;9.98787
1;0x6c;0xd230;East Clock Town - South East Clock Town Top;0x2400;East Clock Town -> Milk Bar;5.17308
1;0x6c;0xd230;East Clock Town - South East Clock Town Top;0x2800;East Clock Town -> Treasure Chest Game;5.76301
1;0x6c;0xd230;East Clock Town - South East Clock Town Top;0x3a00;East Clock Town -> Town Archery;7.94891
1;0x6c;0xd230;East Clock Town - South East Clock Town Top;0x4c00;East Clock Town -> Astral Observatory;11.7885
1;0x6c;0xd230;East Clock Town - South East Clock Town Top;0x5470;East Clock Town -> Termina Field;6.85178
1;0x6c;0xd230;East Clock Town - South East Clock Town Top;0x800;East Clock Town -> Honey and Darling;7.72267
1;0x6c;0xd230;East Clock Town - South East Clock Town Top;0xbc00;East Clock Town -> Stock Pot Inn;3.71128
1;0x6c;0xd230;East Clock Town - South East Clock Town Top;0xbc10;East Clock Town -> Stock Pot Inn Roof;16.9869
1;0x6c;0xd230;East Clock Town - South East Clock Town Top;0xd610;East Clock Town -> North Clock Town;8.01294
1;0x6c;0xd230;East Clock Town - South East Clock Town Top;0xd820;East Clock Town Top -> South East Clock Town;3.53474
1;0x6c;0xd230;East Clock Town - South East Clock Town Top;0xd870;East Clock Town Bottom -> South East Clock Town;7.57409
1;0x6c;0xd240;East Clock Town - Treasure Chest Game;0x0;East Clock Town -> Mayor's Office;10.2822
1;0x6c;0xd240;East Clock Town - Treasure Chest Game;0x2400;East Clock Town -> Milk Bar;6.01092
1;0x6c;0xd240;East Clock Town - Treasure Chest Game;0x2800;East Clock Town -> Treasure Chest Game;2.15402
1;0x6c;0xd240;East Clock Town - Treasure Chest Game;0x3a00;East Clock Town -> Town Archery;7.0247
1;0x6c;0xd240;East Clock Town - Treasure Chest Game;0x4c00;East Clock Town -> Astral Observatory;12.3595
1;0x6c;0xd240;East Clock Town - Treasure Chest Game;0x5470;East Clock Town -> Termina Field;6.94138
1;0x6c;0xd240;East Clock Town - Treasure Chest Game;0x800;East Clock Town -> Honey and Darling;6.21417
1;0x6c;0xd240;East Clock Town - Treasure Chest Game;0xbc00;East Clock Town -> Stock Pot Inn;5.31883
1;0x6c;0xd240;East Clock Town - Treasure Chest Game;0xbc10;East Clock Town -> Stock Pot Inn Roof;14.0601
1;0x6c;0xd240;East Clock Town - Treasure Chest Game;0xd610;East Clock Town -> North Clock Town;9.17465
1;0x6c;0xd240;East Clock Town - Treasure Chest Game;0xd820;East Clock Town Top -> South East Clock Town;5.29813
1;0x6c;0xd240;East Clock Town - Treasure Chest Game;0xd870;East Clock Town Bottom -> South East Clock Town;5.36566
1;0x6c;0xd250;East Clock Town - North Clock Town;0x0;East Clock Town -> Mayor's Office;4.00483
1;0x6c;0xd250;East Clock Town - North Clock Town;0x2400;East Clock Town -> Milk Bar;7.11926
1;0x6c;0xd250;East Clock Town - North Clock Town;0x2800;East Clock Town -> Treasure Chest Game;9.83563
1;0x6c;0xd250;East Clock Town - North Clock Town;0x3a00;East Clock Town -> Town Archery;11.4807
1;0x6c;0xd250;East Clock Town - North Clock Town;0x4c00;East Clock Town -> Astral Observatory;7.64798
1;0x6c;0xd250;East Clock Town - North Clock Town;0x5470;East Clock Town -> Termina Field;10.0136
1;0x6c;0xd250;East Clock Town - North Clock Town;0x800;East Clock Town -> Honey and Darling;9.98794
1;0x6c;0xd250;East Clock Town - North Clock Town;0xbc00;East Clock Town -> Stock Pot Inn;7.6177
1;0x6c;0xd250;East Clock Town - North Clock Town;0xbc10;East Clock Town -> Stock Pot Inn Roof;19.5655
1;0x6c;0xd250;East Clock Town - North Clock Town;0xd610;East Clock Town -> North Clock Town;3.54192
1;0x6c;0xd250;East Clock Town - North Clock Town;0xd820;East Clock Town Top -> South East Clock Town;8.94232
1;0x6c;0xd250;East Clock Town - North Clock Town;0xd870;East Clock Town Bottom -> South East Clock Town;11.3805
1;0x6c;0xd260;East Clock Town - Honey and Darling;0x0;East Clock Town -> Mayor's Office;10.7188
1;0x6c;0xd260;East Clock Town - Honey and Darling;0x2400;East Clock Town -> Milk Bar;5.69817
1;0x6c;0xd260;East Clock Town - Honey and Darling;0x2800;East Clock Town -> Treasure Chest Game;5.96483
1;0x6c;0xd260;East Clock Town - Honey and Darling;0x3a00;East Clock Town -> Town Archery;5.81215
1;0x6c;0xd260;East Clock Town - Honey and Darling;0x4c00;East Clock Town -> Astral Observatory;12.6087
1;0x6c;0xd260;East Clock Town - Honey and Darling;0x5470;East Clock Town -> Termina Field;5.7318
1;0x6c;0xd260;East Clock Town - Honey and Darling;0x800;East Clock Town -> Honey and Darling;3.28301
1;0x6c;0xd260;East Clock Town - Honey and Darling;0xbc00;East Clock Town -> Stock Pot Inn;6.57171
1;0x6c;0xd260;East Clock Town - Honey and Darling;0xbc10;East Clock Town -> Stock Pot Inn Roof;17.0249
1;0x6c;0xd260;East Clock Town - Honey and Darling;0xd610;East Clock Town -> North Clock Town;9.45045
1;0x6c;0xd260;East Clock Town - Honey and Darling;0xd820;East Clock Town Top -> South East Clock Town;7.51402
1;0x6c;0xd260;East Clock Town - Honey and Darling;0xd870;East Clock Town Bottom -> South East Clock Town;6.07956
1;0x6c;0xd270;East Clock Town - Mayor's Office;0x0;East Clock Town -> Mayor's Office;3.47755
1;0x6c;0xd270;East Clock Town - Mayor's Office;0x2400;East Clock Town -> Milk Bar;9.58389
1;0x6c;0xd270;East Clock Town - Mayor's Office;0x2800;East Clock Town -> Treasure Chest Game;10.6015
1;0x6c;0xd270;East Clock Town - Mayor's Office;0x3a00;East Clock Town -> Town Archery;12.1052
1;0x6c;0xd270;East Clock Town - Mayor's Office;0x4c00;East Clock Town -> Astral Observatory;6.21401
1;0x6c;0xd270;East Clock Town - Mayor's Office;0x5470;East Clock Town -> Termina Field;9.48292
1;0x6c;0xd270;East Clock Town - Mayor's Office;0x800;East Clock Town -> Honey and Darling;10.695
1;0x6c;0xd270;East Clock Town - Mayor's Office;0xbc00;East Clock Town -> Stock Pot Inn;8.15064
1;0x6c;0xd270;East Clock Town - Mayor's Office;0xbc10;East Clock Town -> Stock Pot Inn Roof;20.26
1;0x6c;0xd270;East Clock Town - Mayor's Office;0xd610;East Clock Town -> North Clock Town;4.28615
1;0x6c;0xd270;East Clock Town - Mayor's Office;0xd820;East Clock Town Top -> South East Clock Town;9.93124
1;0x6c;0xd270;East Clock Town - Mayor's Office;0xd870;East Clock Town Bottom -> South East Clock Town;11.8783
1;0x6c;0xd280;East Clock Town - Town Archery;0x0;East Clock Town -> Mayor's Office;12.1165
1;0x6c;0xd280;East Clock Town - Town Archery;0x2400;East Clock Town -> Milk Bar;7.44128
1;0x6c;0xd280;East Clock Town - Town Archery;0x2800;East Clock Town -> Treasure Chest Game;5.72992
1;0x6c;0xd280;East Clock Town - Town Archery;0x3a00;East Clock Town -> Town Archery;3.31877
1;0x6c;0xd280;East Clock Town - Town Archery;0x4c00;East Clock Town -> Astral Observatory;14.1094
1;0x6c;0xd280;East Clock Town - Town Archery;0x5470;East Clock Town -> Termina Field;7.49481
1;0x6c;0xd280;East Clock Town - Town Archery;0x800;East Clock Town -> Honey and Darling;5.51123
1;0x6c;0xd280;East Clock Town - Town Archery;0xbc00;East Clock Town -> Stock Pot Inn;7.53905
1;0x6c;0xd280;East Clock Town - Town Archery;0xbc10;East Clock Town -> Stock Pot Inn Roof;16.8356
1;0x6c;0xd280;East Clock Town - Town Archery;0xd610;East Clock Town -> North Clock Town;11.2063
1;0x6c;0xd280;East Clock Town - Town Archery;0xd820;East Clock Town Top -> South East Clock Town;7.80315
1;0x6c;0xd280;East Clock Town - Town Archery;0xd870;East Clock Town Bottom -> South East Clock Town;4.31211
1;0x6c;0xd290;East Clock Town - Stock Pot Inn;0x0;East Clock Town -> Mayor's Office;8.74872
1;0x6c;0xd290;East Clock Town - Stock Pot Inn;0x2400;East Clock Town -> Milk Bar;4.61236
1;0x6c;0xd290;East Clock Town - Stock Pot Inn;0x2800;East Clock Town -> Treasure Chest Game;5.69892
1;0x6c;0xd290;East Clock Town - Stock Pot Inn;0x3a00;East Clock Town -> Town Archery;7.44404
1;0x6c;0xd290;East Clock Town - Stock Pot Inn;0x4c00;East Clock Town -> Astral Observatory;10.9847
1;0x6c;0xd290;East Clock Town - Stock Pot Inn;0x5470;East Clock Town -> Termina Field;6.06697
1;0x6c;0xd290;East Clock Town - Stock Pot Inn;0x800;East Clock Town -> Honey and Darling;6.76585
1;0x6c;0xd290;East Clock Town - Stock Pot Inn;0xbc00;East Clock Town -> Stock Pot Inn;3.19144
1;0x6c;0xd290;East Clock Town - Stock Pot Inn;0xbc10;East Clock Town -> Stock Pot Inn Roof;15.3086
1;0x6c;0xd290;East Clock Town - Stock Pot Inn;0xd610;East Clock Town -> North Clock Town;7.35932
1;0x6c;0xd290;East Clock Town - Stock Pot Inn;0xd820;East Clock Town Top -> South East Clock Town;3.94939
1;0x6c;0xd290;East Clock Town - Stock Pot Inn;0xd870;East Clock Town Bottom -> South East Clock Town;6.90445
1;0x6c;0xd2a0;East Clock Town - Stock Pot Inn Roof;0x0;East Clock Town -> Mayor's Office;9.43028
1;0x6c;0xd2a0;East Clock Town - Stock Pot Inn Roof;0x2400;East Clock Town -> Milk Bar;7.56038
1;0x6c;0xd2a0;East Clock Town - Stock Pot Inn Roof;0x2800;East Clock Town -> Treasure Chest Game;7.84386
1;0x6c;0xd2a0;East Clock Town - Stock Pot Inn Roof;0x3a00;East Clock Town -> Town Archery;9.97529
1;0x6c;0xd2a0;East Clock Town - Stock Pot Inn Roof;0x4c00;East Clock Town -> Astral Observatory;11.29
1;0x6c;0xd2a0;East Clock Town - Stock Pot Inn Roof;0x5470;East Clock Town -> Termina Field;8.9292
1;0x6c;0xd2a0;East Clock Town - Stock Pot Inn Roof;0x800;East Clock Town -> Honey and Darling;9.37124
1;0x6c;0xd2a0;East Clock Town - Stock Pot Inn Roof;0xbc00;East Clock Town -> Stock Pot Inn;7.02214
1;0x6c;0xd2a0;East Clock Town - Stock Pot Inn Roof;0xbc10;East Clock Town -> Stock Pot Inn Roof;3.15049
1;0x6c;0xd2a0;East Clock Town - Stock Pot Inn Roof;0xd610;East Clock Town -> North Clock Town;8.82814
1;0x6c;0xd2a0;East Clock Town - Stock Pot Inn Roof;0xd820;East Clock Town Top -> South East Clock Town;8.48483
1;0x6c;0xd2a0;East Clock Town - Stock Pot Inn Roof;0xd870;East Clock Town Bottom -> South East Clock Town;9.61203
1;0x6c;0xd2b0;East Clock Town - Milk Bar;0x0;East Clock Town -> Mayor's Office;8.07459
1;0x6c;0xd2b0;East Clock Town - Milk Bar;0x2400;East Clock Town -> Milk Bar;3.0472
1;0x6c;0xd2b0;East Clock Town - Milk Bar;0x2800;East Clock Town -> Treasure Chest Game;6.26469
1;0x6c;0xd2b0;East Clock Town - Milk Bar;0x3a00;East Clock Town -> Town Archery;7.82173
1;0x6c;0xd2b0;East Clock Town - Milk Bar;0x4c00;East Clock Town -> Astral Observatory;10.2513
1;0x6c;0xd2b0;East Clock Town - Milk Bar;0x5470;East Clock Town -> Termina Field;4.91302
1;0x6c;0xd2b0;East Clock Town - Milk Bar;0x800;East Clock Town -> Honey and Darling;5.91424
1;0x6c;0xd2b0;East Clock Town - Milk Bar;0xbc00;East Clock Town -> Stock Pot Inn;4.60563
1;0x6c;0xd2b0;East Clock Town - Milk Bar;0xbc10;East Clock Town -> Stock Pot Inn Roof;16.0044
1;0x6c;0xd2b0;East Clock Town - Milk Bar;0xd610;East Clock Town -> North Clock Town;6.74989
1;0x6c;0xd2b0;East Clock Town - Milk Bar;0xd820;East Clock Town Top -> South East Clock Town;5.50207
1;0x6c;0xd2b0;East Clock Town - Milk Bar;0xd870;East Clock Town Bottom -> South East Clock Town;7.43146
1;0x6d;0xd400;West Clock Town - Termina Field;0x5400;West Clock Town -> Termina Field;3.36644
1;0x6d;0xd400;West Clock Town - Termina Field;0x5600;West Clock Town -> Post Office;4.59075
1;0x6d;0xd400;West Clock Town - Termina Field;0x6200;West Clock Town -> Trading Post;6.74085
1;0x6d;0xd400;West Clock Town - Termina Field;0x6c00;West Clock Town -> Lottery;5.17502
1;0x6d;0xd400;West Clock Town - Termina Field;0xa200;West Clock Town -> Swordsman School;5.17985
1;0x6d;0xd400;West Clock Town - Termina Field;0xca00;West Clock Town -> Bomb Shop;5.17209
1;0x6d;0xd400;West Clock Town - Termina Field;0xd830;West Clock Town Top -> South Clock Town;5.68384
1;0x6d;0xd400;West Clock Town - Termina Field;0xd850;West Clock Town Bottom -> South West Clock Town;8.88892
1;0x6d;0xd400;West Clock Town - Termina Field;0xe00;West Clock Town -> Curiosity Shop;7.35212
1;0x6d;0xd410;West Clock Town - South West Clock Town Bottom;0x5400;West Clock Town -> Termina Field;8.91299
1;0x6d;0xd410;West Clock Town - South West Clock Town Bottom;0x5600;West Clock Town -> Post Office;11.1832
1;0x6d;0xd410;West Clock Town - South West Clock Town Bottom;0x6200;West Clock Town -> Trading Post;6.56541
1;0x6d;0xd410;West Clock Town - South West Clock Town Bottom;0x6c00;West Clock Town -> Lottery;9.54609
1;0x6d;0xd410;West Clock Town - South West Clock Town Bottom;0xa200;West Clock Town -> Swordsman School;9.66462
1;0x6d;0xd410;West Clock Town - South West Clock Town Bottom;0xca00;West Clock Town -> Bomb Shop;7.11612
1;0x6d;0xd410;West Clock Town - South West Clock Town Bottom;0xd830;West Clock Town Top -> South Clock Town;2.92218
1;0x6d;0xd410;West Clock Town - South West Clock Town Bottom;0xd850;West Clock Town Bottom -> South West Clock Town;2.98415
1;0x6d;0xd410;West Clock Town - South West Clock Town Bottom;0xe00;West Clock Town -> Curiosity Shop;7.41424
1;0x6d;0xd420;West Clock Town - South West Clock Town Top;0x5400;West Clock Town -> Termina Field;5.64397
1;0x6d;0xd420;West Clock Town - South West Clock Town Top;0x5600;West Clock Town -> Post Office;6.18476
1;0x6d;0xd420;West Clock Town - South West Clock Town Top;0x6200;West Clock Town -> Trading Post;7.89988
1;0x6d;0xd420;West Clock Town - South West Clock Town Top;0x6c00;West Clock Town -> Lottery;4.2736
1;0x6d;0xd420;West Clock Town - South West Clock Town Top;0xa200;West Clock Town -> Swordsman School;5.13135
1;0x6d;0xd420;West Clock Town - South West Clock Town Top;0xca00;West Clock Town -> Bomb Shop;6.48412
1;0x6d;0xd420;West Clock Town - South West Clock Town Top;0xd830;West Clock Town Top -> South Clock Town;3.43276
1;0x6d;0xd420;West Clock Town - South West Clock Town Top;0xd850;West Clock Town Bottom -> South West Clock Town;9.6644
1;0x6d;0xd420;West Clock Town - South West Clock Town Top;0xe00;West Clock Town -> Curiosity Shop;10.5608
1;0x6d;0xd430;West Clock Town - Swordsman School;0x5400;West Clock Town -> Termina Field;3.88229
1;0x6d;0xd430;West Clock Town - Swordsman School;0x5600;West Clock Town -> Post Office;3.86442
1;0x6d;0xd430;West Clock Town - Swordsman School;0x6200;West Clock Town -> Trading Post;7.42794
1;0x6d;0xd430;West Clock Town - Swordsman School;0x6c00;West Clock Town -> Lottery;6.28368
1;0x6d;0xd430;West Clock Town - Swordsman School;0xa200;West Clock Town -> Swordsman School;2.9553
1;0x6d;0xd430;West Clock Town - Swordsman School;0xca00;West Clock Town -> Bomb Shop;6.20157
1;0x6d;0xd430;West Clock Town - Swordsman School;0xd830;West Clock Town Top -> South Clock Town;5.43349
1;0x6d;0xd430;West Clock Town - Swordsman School;0xd850;West Clock Town Bottom -> South West Clock Town;9.99715
1;0x6d;0xd430;West Clock Town - Swordsman School;0xe00;West Clock Town -> Curiosity Shop;7.76315
1;0x6d;0xd440;West Clock Town - Curiosity Shop;0x5400;West Clock Town -> Termina Field;7.87433
1;0x6d;0xd440;West Clock Town - Curiosity Shop;0x5600;West Clock Town -> Post Office;8.573
1;0x6d;0xd440;West Clock Town - Curiosity Shop;0x6200;West Clock Town -> Trading Post;4.37941
1;0x6d;0xd440;West Clock Town - Curiosity Shop;0x6c00;West Clock Town -> Lottery;8.60986
1;0x6d;0xd440;West Clock Town - Curiosity Shop;0xa200;West Clock Town -> Swordsman School;8.97302
1;0x6d;0xd440;West Clock Town - Curiosity Shop;0xca00;West Clock Town -> Bomb Shop;5.60804
1;0x6d;0xd440;West Clock Town - Curiosity Shop;0xd830;West Clock Town Top -> South Clock Town;8.95614
1;0x6d;0xd440;West Clock Town - Curiosity Shop;0xd850;West Clock Town Bottom -> South West Clock Town;5.17251
1;0x6d;0xd440;West Clock Town - Curiosity Shop;0xe00;West Clock Town -> Curiosity Shop;3.94175
1;0x6d;0xd450;West Clock Town - Trading Post;0x5400;West Clock Town -> Termina Field;6.53568
1;0x6d;0xd450;West Clock Town - Trading Post;0x5600;West Clock Town -> Post Office;7.8984
1;0x6d;0xd450;West Clock Town - Trading Post;0x6200;West Clock Town -> Trading Post;2.90649
1;0x6d;0xd450;West Clock Town - Trading Post;0x6c00;West Clock Town -> Lottery;7.75438
1;0x6d;0xd450;West Clock Town - Trading Post;0xa200;West Clock Town -> Swordsman School;7.48406
1;0x6d;0xd450;West Clock Town - Trading Post;0xca00;West Clock Town -> Bomb Shop;5.04284
1;0x6d;0xd450;West Clock Town - Trading Post;0xd830;West Clock Town Top -> South Clock Town;8.29015
1;0x6d;0xd450;West Clock Town - Trading Post;0xd850;West Clock Town Bottom -> South West Clock Town;6.78489
1;0x6d;0xd450;West Clock Town - Trading Post;0xe00;West Clock Town -> Curiosity Shop;4.45072
1;0x6d;0xd460;West Clock Town - Bomb Shop;0x5400;West Clock Town -> Termina Field;5.4257
1;0x6d;0xd460;West Clock Town - Bomb Shop;0x5600;West Clock Town -> Post Office;6.57711
1;0x6d;0xd460;West Clock Town - Bomb Shop;0x6200;West Clock Town -> Trading Post;5.57685
1;0x6d;0xd460;West Clock Town - Bomb Shop;0x6c00;West Clock Town -> Lottery;5.97403
1;0x6d;0xd460;West Clock Town - Bomb Shop;0xa200;West Clock Town -> Swordsman School;6.42647
1;0x6d;0xd460;West Clock Town - Bomb Shop;0xca00;West Clock Town -> Bomb Shop;3.03132
1;0x6d;0xd460;West Clock Town - Bomb Shop;0xd830;West Clock Town Top -> South Clock Town;6.93154
1;0x6d;0xd460;West Clock Town - Bomb Shop;0xd850;West Clock Town Bottom -> South West Clock Town;7.342
1;0x6d;0xd460;West Clock Town - Bomb Shop;0xe00;West Clock Town -> Curiosity Shop;4.52451
1;0x6d;0xd470;West Clock Town - Post Office;0x5400;West Clock Town -> Termina Field;4.76266
1;0x6d;0xd470;West Clock Town - Post Office;0x5600;West Clock Town -> Post Office;3.00249
1;0x6d;0xd470;West Clock Town - Post Office;0x6200;West Clock Town -> Trading Post;7.50178
1;0x6d;0xd470;West Clock Town - Post Office;0x6c00;West Clock Town -> Lottery;5.74058
1;0x6d;0xd470;West Clock Town - Post Office;0xa200;West Clock Town -> Swordsman School;4.02041
1;0x6d;0xd470;West Clock Town - Post Office;0xca00;West Clock Town -> Bomb Shop;6.27173
1;0x6d;0xd470;West Clock Town - Post Office;0xd830;West Clock Town Top -> South Clock Town;4.46376
1;0x6d;0xd470;West Clock Town - Post Office;0xd850;West Clock Town Bottom -> South West Clock Town;9.81441
1;0x6d;0xd470;West Clock Town - Post Office;0xe00;West Clock Town -> Curiosity Shop;9.35206
1;0x6d;0xd480;West Clock Town - Lottery;0x5400;West Clock Town -> Termina Field;5.52038
1;0x6d;0xd480;West Clock Town - Lottery;0x5600;West Clock Town -> Post Office;6.84176
1;0x6d;0xd480;West Clock Town - Lottery;0x6200;West Clock Town -> Trading Post;7.37705
1;0x6d;0xd480;West Clock Town - Lottery;0x6c00;West Clock Town -> Lottery;3.0735
1;0x6d;0xd480;West Clock Town - Lottery;0xa200;West Clock Town -> Swordsman School;5.32229
1;0x6d;0xd480;West Clock Town - Lottery;0xca00;West Clock Town -> Bomb Shop;6.03461
1;0x6d;0xd480;West Clock Town - Lottery;0xd830;West Clock Town Top -> South Clock Town;4.78002
1;0x6d;0xd480;West Clock Town - Lottery;0xd850;West Clock Town Bottom -> South West Clock Town;9.95945
1;0x6d;0xd480;West Clock Town - Lottery;0xe00;West Clock Town -> Curiosity Shop;9.25676
1;0x6e;0xd600;North Clock Town - Termina Field;0x3600;North Clock Town -> Deku Playground Grotto;16.0162
1;0x6e;0xd600;North Clock Town - Termina Field;0x4600;North Clock Town -> Town Fairy Fountain;7.33454
1;0x6e;0xd600;North Clock Town - Termina Field;0x5480;North Clock Town -> Termina Field;3.12309
1;0x6e;0xd600;North Clock Town - Termina Field;0xd250;North Clock Town -> East Clock Town;7.92631
1;0x6e;0xd600;North Clock Town - Termina Field;0xd840;North Clock Town -> South Clock Town;6.00153
1;0x6e;0xd610;North Clock Town - East Clock Town;0x3600;North Clock Town -> Deku Playground Grotto;18.8547
1;0x6e;0xd610;North Clock Town - East Clock Town;0x4600;North Clock Town -> Town Fairy Fountain;10.3937
1;0x6e;0xd610;North Clock Town - East Clock Town;0x5480;North Clock Town -> Termina Field;7.35755
1;0x6e;0xd610;North Clock Town - East Clock Town;0xd250;North Clock Town -> East Clock Town;2.54032
1;0x6e;0xd610;North Clock Town - East Clock Town;0xd840;North Clock Town -> South Clock Town;5.95139
1;0x6e;0xd620;North Clock Town - South Clock Town;0x3600;North Clock Town -> Deku Playground Grotto;15.9568
1;0x6e;0xd620;North Clock Town - South Clock Town;0x4600;North Clock Town -> Town Fairy Fountain;7.92795
1;0x6e;0xd620;North Clock Town - South Clock Town;0x5480;North Clock Town -> Termina Field;6.37291
1;0x6e;0xd620;North Clock Town - South Clock Town;0xd250;North Clock Town -> East Clock Town;6.38086
1;0x6e;0xd620;North Clock Town - South Clock Town;0xd840;North Clock Town -> South Clock Town;3.40028
1;0x6e;0xd630;North Clock Town - Clock Town Fairy Fountain;0x3600;North Clock Town -> Deku Playground Grotto;13.8908
1;0x6e;0xd630;North Clock Town - Clock Town Fairy Fountain;0x4600;North Clock Town -> Town Fairy Fountain;3.17916
1;0x6e;0xd630;North Clock Town - Clock Town Fairy Fountain;0x5480;North Clock Town -> Termina Field;6.03573
1;0x6e;0xd630;North Clock Town - Clock Town Fairy Fountain;0xd250;North Clock Town -> East Clock Town;9.83628
1;0x6e;0xd630;North Clock Town - Clock Town Fairy Fountain;0xd840;North Clock Town -> South Clock Town;7.10437
1;0x6e;0xd640;North Clock Town - Deku Playground Grotto;0x3600;North Clock Town -> Deku Playground Grotto;3.48219
1;0x6e;0xd640;North Clock Town - Deku Playground Grotto;0x4600;North Clock Town -> Town Fairy Fountain;8.19849
1;0x6e;0xd640;North Clock Town - Deku Playground Grotto;0x5480;North Clock Town -> Termina Field;9.1048
1;0x6e;0xd640;North Clock Town - Deku Playground Grotto;0xd250;North Clock Town -> East Clock Town;10.299
1;0x6e;0xd640;North Clock Town - Deku Playground Grotto;0xd840;North Clock Town -> South Clock Town;7.55936
1;0x6f;0xd800;South Clock Town - Clock Tower;0x2c00;South Clock Town -> Roof Clock Tower;15.6887
1;0x6f;0xd800;South Clock Town - Clock Tower;0x5460;South Clock Town -> Termina Field;8.83546
1;0x6f;0xd800;South Clock Town - Clock Tower;0xc010;South Clock Town -> Clock Tower;3.20353
1;0x6f;0xd800;South Clock Town - Clock Tower;0xd210;South East Clock Town Bottom -> East Clock Town;8.14231
1;0x6f;0xd800;South Clock Town - Clock Tower;0xd230;South East Clock Town Top -> East Clock Town;6.56992
1;0x6f;0xd800;South Clock Town - Clock Tower;0xd410;South West Clock Town Bottom -> West Clock Town;11.5215
1;0x6f;0xd800;South Clock Town - Clock Tower;0xd420;South West Clock Town Top -> West Clock Town;8.13158
1;0x6f;0xd800;South Clock Town - Clock Tower;0xd620;South Clock Town -> North Clock Town;9.74505
1;0x6f;0xd800;South Clock Town - Clock Tower;0xda00;South Clock Town -> Laundry Pool;9.12622
1;0x6f;0xd810;South Clock Town - Termina Field;0x2c00;South Clock Town -> Roof Clock Tower;10.5522
1;0x6f;0xd810;South Clock Town - Termina Field;0x5460;South Clock Town -> Termina Field;3.57933
1;0x6f;0xd810;South Clock Town - Termina Field;0xc010;South Clock Town -> Clock Tower;9.23747
1;0x6f;0xd810;South Clock Town - Termina Field;0xd210;South East Clock Town Bottom -> East Clock Town;5.42428
1;0x6f;0xd810;South Clock Town - Termina Field;0xd230;South East Clock Town Top -> East Clock Town;9.39999
1;0x6f;0xd810;South Clock Town - Termina Field;0xd410;South West Clock Town Bottom -> West Clock Town;5.93149
1;0x6f;0xd810;South Clock Town - Termina Field;0xd420;South West Clock Town Top -> West Clock Town;10.8495
1;0x6f;0xd810;South Clock Town - Termina Field;0xd620;South Clock Town -> North Clock Town;12.0886
1;0x6f;0xd810;South Clock Town - Termina Field;0xda00;South Clock Town -> Laundry Pool;6.8871
1;0x6f;0xd820;South East Clock Town - East Clock Town Top;0x2c00;South Clock Town -> Roof Clock Tower;9.16046
1;0x6f;0xd820;South East Clock Town - East Clock Town Top;0x5460;South Clock Town -> Termina Field;10.5414
1;0x6f;0xd820;South East Clock Town - East Clock Town Top;0xd210;South East Clock Town Bottom -> East Clock Town;8.09136
1;0x6f;0xd820;South East Clock Town - East Clock Town Top;0xd230;South East Clock Town Top -> East Clock Town;3.49215
1;0x6f;0xd820;South East Clock Town - East Clock Town Top;0xd410;South West Clock Town Bottom -> West Clock Town;7.6125
1;0x6f;0xd820;South East Clock Town - East Clock Town Top;0xd420;South West Clock Town Top -> West Clock Town;8.95991
1;0x6f;0xd820;South East Clock Town - East Clock Town Top;0xd620;South Clock Town -> North Clock Town;6.03656
1;0x6f;0xd820;South East Clock Town - East Clock Town Top;0xda00;South Clock Town -> Laundry Pool;10.6635
1;0x6f;0xd830;South Clock Town - West Clock Town Top;0x2c00;South Clock Town -> Roof Clock Tower;13.1308
1;0x6f;0xd830;South Clock Town - West Clock Town Top;0x5460;South Clock Town -> Termina Field;10.5134
1;0x6f;0xd830;South Clock Town - West Clock Town Top;0xc010;South Clock Town -> Clock Tower;6.63994
1;0x6f;0xd830;South Clock Town - West Clock Town Top;0xd210;South East Clock Town Bottom -> East Clock Town;10.2569
1;0x6f;0xd830;South Clock Town - West Clock Town Top;0xd230;South East Clock Town Top -> East Clock Town;8.69141
1;0x6f;0xd830;South Clock Town - West Clock Town Top;0xd410;South West Clock Town Bottom -> West Clock Town;7.69441
1;0x6f;0xd830;South Clock Town - West Clock Town Top;0xd420;South West Clock Town Top -> West Clock Town;3.85574
1;0x6f;0xd830;South Clock Town - West Clock Town Top;0xd620;South Clock Town -> North Clock Town;5.38935
1;0x6f;0xd830;South Clock Town - West Clock Town Top;0xda00;South Clock Town -> Laundry Pool;10.4728
1;0x6f;0xd840;South Clock Town - North Clock Town;0x2c00;South Clock Town -> Roof Clock Tower;8.22965
1;0x6f;0xd840;South Clock Town - North Clock Town;0x5460;South Clock Town -> Termina Field;12.9523
1;0x6f;0xd840;South Clock Town - North Clock Town;0xc010;South Clock Town -> Clock Tower;10.0217
1;0x6f;0xd840;South Clock Town - North Clock Town;0xd210;South East Clock Town Bottom -> East Clock Town;12.4256
1;0x6f;0xd840;South Clock Town - North Clock Town;0xd230;South East Clock Town Top -> East Clock Town;6.33791
1;0x6f;0xd840;South Clock Town - North Clock Town;0xd410;South West Clock Town Bottom -> West Clock Town;9.98503
1;0x6f;0xd840;South Clock Town - North Clock Town;0xd420;South West Clock Town Top -> West Clock Town;5.93038
1;0x6f;0xd840;South Clock Town - North Clock Town;0xd620;South Clock Town -> North Clock Town;3.07249
1;0x6f;0xd840;South Clock Town - North Clock Town;0xda00;South Clock Town -> Laundry Pool;12.4204
1;0x6f;0xd850;South West Clock Town - West Clock Town Bottom;0x2c00;South Clock Town -> Roof Clock Tower;22.1017
1;0x6f;0xd850;South West Clock Town - West Clock Town Bottom;0x5460;South Clock Town -> Termina Field;6.44245
1;0x6f;0xd850;South West Clock Town - West Clock Town Bottom;0xc010;South Clock Town -> Clock Tower;6.29499
1;0x6f;0xd850;South West Clock Town - West Clock Town Bottom;0xd210;South East Clock Town Bottom -> East Clock Town;7.03187
1;0x6f;0xd850;South West Clock Town - West Clock Town Bottom;0xd230;South East Clock Town Top -> East Clock Town;7.89142
1;0x6f;0xd850;South West Clock Town - West Clock Town Bottom;0xd410;South West Clock Town Bottom -> West Clock Town;3.41452
1;0x6f;0xd850;South West Clock Town - West Clock Town Bottom;0xd420;South West Clock Town Top -> West Clock Town;8.25096
1;0x6f;0xd850;South West Clock Town - West Clock Town Bottom;0xd620;South Clock Town -> North Clock Town;9.59174
1;0x6f;0xd850;South West Clock Town - West Clock Town Bottom;0xda00;South Clock Town -> Laundry Pool;5.90055
1;0x6f;0xd860;South Clock Town - Laundry Pool;0x2c00;South Clock Town -> Roof Clock Tower;13.882
1;0x6f;0xd860;South Clock Town - Laundry Pool;0x5460;South Clock Town -> Termina Field;5.11624
1;0x6f;0xd860;South Clock Town - Laundry Pool;0xc010;South Clock Town -> Clock Tower;8.96424
1;0x6f;0xd860;South Clock Town - Laundry Pool;0xd210;South East Clock Town Bottom -> East Clock Town;7.41757
1;0x6f;0xd860;South Clock Town - Laundry Pool;0xd230;South East Clock Town Top -> East Clock Town;10.4574
1;0x6f;0xd860;South Clock Town - Laundry Pool;0xd410;South West Clock Town Bottom -> West Clock Town;5.38356
1;0x6f;0xd860;South Clock Town - Laundry Pool;0xd420;South West Clock Town Top -> West Clock Town;10.9769
1;0x6f;0xd860;South Clock Town - Laundry Pool;0xd620;South Clock Town -> North Clock Town;12.2352
1;0x6f;0xd860;South Clock Town - Laundry Pool;0xda00;South Clock Town -> Laundry Pool;3.29011
1;0x6f;0xd870;South East Clock Town - East Clock Town Bottom;0x2c00;South Clock Town -> Roof Clock Tower;10.3667
1;0x6f;0xd870;South East Clock Town - East Clock Town Bottom;0x5460;South Clock Town -> Termina Field;6.15001
1;0x6f;0xd870;South East Clock Town - East Clock Town Bottom;0xc010;South Clock Town -> Clock Tower;8.85472
1;0x6f;0xd870;South East Clock Town - East Clock Town Bottom;0xd210;South East Clock Town Bottom -> East Clock Town;3.3694
1;0x6f;0xd870;South East Clock Town - East Clock Town Bottom;0xd230;South East Clock Town Top -> East Clock Town;9.45258
1;0x6f;0xd870;South East Clock Town - East Clock Town Bottom;0xd410;South West Clock Town Bottom -> West Clock Town;7.38745
1;0x6f;0xd870;South East Clock Town - East Clock Town Bottom;0xd420;South West Clock Town Top -> West Clock Town;10.8672
1;0x6f;0xd870;South East Clock Town - East Clock Town Bottom;0xd620;South Clock Town -> North Clock Town;11.902
1;0x6f;0xd870;South East Clock Town - East Clock Town Bottom;0xda00;South Clock Town -> Laundry Pool;9.4907
1;0x6f;0xd890;South Clock Town - Owl Statue - Warp Owl;0x2c00;South Clock Town -> Roof Clock Tower;13.3444
1;0x6f;0xd890;South Clock Town - Owl Statue - Warp Owl;0x5460;South Clock Town -> Termina Field;10.5719
1;0x6f;0xd890;South Clock Town - Owl Statue - Warp Owl;0xc010;South Clock Town -> Clock Tower;6.4059
1;0x6f;0xd890;South Clock Town - Owl Statue - Warp Owl;0xd210;South East Clock Town Bottom -> East Clock Town;10.0591
1;0x6f;0xd890;South Clock Town - Owl Statue - Warp Owl;0xd230;South East Clock Town Top -> East Clock Town;8.7284
1;0x6f;0xd890;South Clock Town - Owl Statue - Warp Owl;0xd410;South West Clock Town Bottom -> West Clock Town;7.59447
1;0x6f;0xd890;South Clock Town - Owl Statue - Warp Owl;0xd420;South West Clock Town Top -> West Clock Town;4.31146
1;0x6f;0xd890;South Clock Town - Owl Statue - Warp Owl;0xd620;South Clock Town -> North Clock Town;5.83682
1;0x6f;0xd890;South Clock Town - Owl Statue - Warp Owl;0xda00;South Clock Town -> Laundry Pool;9.95985
1;0x70;0xda00;Laundry Pool - South Clock Town;0xd860;Laundry Pool -> South Clock Town;3.47354
1;0x70;0xda00;Laundry Pool - South Clock Town;0xe10;Laundry Pool -> Kafei Hideout;7.37923
1;0x70;0xda10;Laundry Pool - Kafei Hideout;0xd860;Laundry Pool -> South Clock Town;8.24536
1;0x70;0xda10;Laundry Pool - Kafei Hideout;0xe10;Laundry Pool -> Kafei Hideout;2.91348
1;0xd;0xe00;Curiosity Shop - West Clock Town;0x0e20;Telescope -> Curiosity Shop;-1
1;0xd;0xe00;Curiosity Shop - West Clock Town;0x0e30;Telescope -> Kafei Hideout;-1
1;0xd;0xe00;Curiosity Shop - West Clock Town;0xd440;Curiosity Shop -> West Clock Town;2.74615
1;0xd;0xe00;Curiosity Shop - West Clock Town;0xda10;Kafei Hideout -> Laundry Pool;-1
1;0xd;0xe10;Kafei Hideout - Laundry Pool;0x0e20;Telescope -> Curiosity Shop;-1
1;0xd;0xe10;Kafei Hideout - Laundry Pool;0x0e30;Telescope -> Kafei Hideout;6.53
1;0xd;0xe10;Kafei Hideout - Laundry Pool;0xd440;Curiosity Shop -> West Clock Town;-1
1;0xd;0xe10;Kafei Hideout - Laundry Pool;0xda10;Kafei Hideout -> Laundry Pool;2.61116
1;0xd;0xe10;Kafei Hideout - Laundry Pool;0xe20;Curiosity Shop Telescope -> Curiosity Shop;7.04314
1;0xd;0xe20;Curiosity Shop - Curiosity Shop Telescope;0xe30;Kafei Hideout Telescope -> Kafei Hideout;0.618795
1;0xd;0xe30;Kafei Hideout - Kafei Hideout Telescope;0xda10;Kafei Hideout -> Laundry Pool;6.74575
1;0xd;0xe30;Kafei Hideout - Kafei Hideout Telescope;0xe20;Curiosity Shop Telescope -> Curiosity Shop;2.29686
