Game;SceneID;FromEntranceID;From;ToEntranceID;To;ElapsedSec
0;0x0;0x0;Deku Tree - Kokiri Forest;0x209;Deku Tree -> Kokiri Forest;2.90661
0;0x0;0x0;Deku Tree - Kokiri Forest;0x40f;Deku Tree -> Gohma's Lair - Deku Tree;23.1379
0;0x5;0x10;Water Temple - Lake Hylia;0x21d;Water Temple -> Lake Hylia;4.38974
0;0x5;0x10;Water Temple - Lake Hylia;0x417;Water Temple -> Morpha's Lair - Water Temple;39.3465
0;0x65;0x1000;Storms Grotto - Kokiri Forest;0x1100;Storms Grotto -> Kokiri Forest;2.67764
0;0x67;0x1001;Boulder Grotto Near Goron City - Lost Woods;0x1101;Boulder Grotto Near Goron City -> Lost Woods;2.47333
0;0x6c;0x1002;Open Grotto - Kakariko;0x1102;Open Grotto -> Kakariko;2.28661
0;0x6d;0x1003;Storms Grotto - Death Mountain Trail;0x1103;Storms Grotto -> Death Mountain Trail;2.3504
0;0x70;0x1004;Boulder Grotto - Death Mountain Crater;0x1104;Boulder Grotto -> Death Mountain Crater;2.27681
0;0x73;0x1005;Open Grotto - Zora River;0x1105;Open Grotto -> Zora River;2.28993
0;0x77;0x1006;Southeast Grotto - Hyrule Field;0x1106;Southeast Grotto -> Hyrule Field;2.68602
0;0x78;0x1007;Open Grotto - Hyrule Field;0x1107;Open Grotto -> Hyrule Field;2.50731
0;0x79;0x1008;Near Market Grotto - Hyrule Field;0x1108;Near Market Grotto -> Hyrule Field;2.30676
0;0x81;0x1009;Fairy Fountain Grotto - Sacred Forest Meadow;0x1109;Fairy Fountain Grotto -> Sacred Forest Meadow;2.72789
0;0x84;0x100a;Fairy Fountain Grotto - Hyrule Field;0x110a;Fairy Fountain Grotto -> Hyrule Field;3.06102
0;0x82;0x100b;Fairy Fountain Grotto - Zora River;0x110b;Fairy Fountain Grotto -> Zora River;2.20613
0;0x83;0x100c;Fairy Fountain Grotto - Zora Domain;0x110c;Fairy Fountain Grotto -> Zora Domain;2.88439
0;0x85;0x100d;Fairy Fountain Grotto - Gerudo's Fortress;0x110d;Fairy Fountain Grotto -> Gerudo's Fortress;2.49361
0;0x6a;0x100e;Storms Grotto - Sacred Forest Meadow;0x110e;Storms Grotto -> Sacred Forest Meadow;2.33328
0;0x72;0x100f;Storms Grotto - Zora River;0x110f;Storms Grotto -> Zora River;2.31843
0;0x7e;0x1010;Storms Grotto - Gerudo Valley;0x1110;Storms Grotto -> Gerudo Valley;2.30686
0;0x80;0x1011;Silver Boulder Grotto - Desert Colossus;0x1111;Silver Boulder Grotto -> Desert Colossus;2.30557
0;0x75;0x1012;Open Grotto - Lon Lon's Ranch;0x1112;Open Grotto -> Lon Lon's Ranch;2.45966
0;0x6f;0x1013;Open Grotto - Goron City;0x1113;Open Grotto -> Goron City;2.33669
0;0x71;0x1014;Red Boulder Grotto - Death Mountain Crater;0x1114;Red Boulder Grotto -> Death Mountain Crater;2.39941
0;0x74;0x1015;Under Tomb Grotto - Lake Hylia;0x1115;Under Tomb Grotto -> Lake Hylia;2.93356
0;0x57;0x102;Lake Hylia - Hyrule Field;0x10;Lake Hylia -> Water Temple;27.6556
0;0x57;0x102;Lake Hylia - Hyrule Field;0x1015;Lake Hylia -> Under Tomb Grotto;33.5022
0;0x57;0x102;Lake Hylia - Hyrule Field;0x189;Lake Hylia -> Hyrule Field;4.46998
0;0x57;0x102;Lake Hylia - Hyrule Field;0x27e;Owl Drop -> Hyrule Field - Owl Drop;26.5035
0;0x57;0x102;Lake Hylia - Hyrule Field;0x328;Lake Hylia's Shortcut -> Zora Domain;20.2463
0;0x57;0x102;Lake Hylia - Hyrule Field;0x43;Lake Hylia -> Laboratory;14.1423
0;0x57;0x102;Lake Hylia - Hyrule Field;0x45f;Lake Hylia -> Fishing Pond;27.2555
0;0x58;0x108;Zora Domain - Zora River;0x100c;Zora Domain -> Fairy Fountain Grotto;13.5795
0;0x58;0x108;Zora Domain - Zora River;0x19d;Zora Domain -> Zora River;2.7042
0;0x58;0x108;Zora Domain - Zora River;0x225;Zora Domain -> Zora Fountain;21.3379
0;0x58;0x108;Zora Domain - Zora River;0x380;Zora Domain -> Zora Shop;8.15331
0;0x58;0x108;Zora Domain - Zora River;0x560;Zora's Domain Shortcut -> Lake Hylia;7.67715
0;0x55;0x1100;Kokiri Forest - Storms Grotto;0x0;Kokiri Forest -> Deku Tree;26.2016
0;0x55;0x1100;Kokiri Forest - Storms Grotto;0x1000;Kokiri Forest -> Storms Grotto;11.5434
0;0x55;0x1100;Kokiri Forest - Storms Grotto;0x11e;Kokiri Forest -> Lost Woods;4.12537
0;0x55;0x1100;Kokiri Forest - Storms Grotto;0x272;Kokiri Forest -> Link's House;17.1705
0;0x55;0x1100;Kokiri Forest - Storms Grotto;0x433;Kokiri Forest -> Mido's House;8.35696
0;0x55;0x1100;Kokiri Forest - Storms Grotto;0x437;Kokiri Forest -> Saria's House;13.6942
0;0x55;0x1100;Kokiri Forest - Storms Grotto;0x5e0;Kokiri Forest Bridge -> Lost Woods;9.98723
0;0x55;0x1100;Kokiri Forest - Storms Grotto;0x9c;Kokiri Forest -> Twin's House;13.6391
0;0x55;0x1100;Kokiri Forest - Storms Grotto;0xc1;Kokiri Forest -> Kokiri Shop;10.9612
0;0x55;0x1100;Kokiri Forest - Storms Grotto;0xc9;Kokiri Forest -> Know-It-All Brothers;13.3695
0;0x5b;0x1101;Lost Woods - Boulder Grotto Near Goron City;0x1001;Lost Woods -> Boulder Grotto Near Goron City;3.08213
0;0x5b;0x1101;Lost Woods - Boulder Grotto Near Goron City;0x185;Lost Woods Bridge -> Hyrule Field;20.2191
0;0x5b;0x1101;Lost Woods - Boulder Grotto Near Goron City;0x1dd;Lost Woods -> Zora River;11.5297
0;0x5b;0x1101;Lost Woods - Boulder Grotto Near Goron City;0x20d;Lost Woods Bridge -> Kokiri Forest ;20.4384
0;0x5b;0x1101;Lost Woods - Boulder Grotto Near Goron City;0x286;Lost Woods -> Kokiri Forest;4.33658
0;0x5b;0x1101;Lost Woods - Boulder Grotto Near Goron City;0x4e2;Lost Woods -> Goron City;4.40397
0;0x5b;0x1101;Lost Woods - Boulder Grotto Near Goron City;0x5b0;Lost Woods -> Scrub Upgrade Grotto;14.231
0;0x5b;0x1101;Lost Woods - Boulder Grotto Near Goron City;0x5c4;Lost Woods -> Deku's Theater;14.031
0;0x5b;0x1101;Lost Woods - Boulder Grotto Near Goron City;0xfc;Lost Woods -> Sacred Forest Meadow;14.7082
0;0x52;0x1102;Kakariko - Open Grotto;0x1002;Kakariko -> Open Grotto;3.20967
0;0x52;0x1102;Kakariko - Open Grotto;0x13d;Kakariko -> Death Mountain Trail;18.9087
0;0x52;0x1102;Kakariko - Open Grotto;0x17d;Kakariko -> Hyrule Field;17.669
0;0x52;0x1102;Kakariko - Open Grotto;0x2fd;Kakariko -> Carpenter's Boss House;9.3595
0;0x52;0x1102;Kakariko - Open Grotto;0x384;Kakariko -> Potion Shop;12.9071
0;0x52;0x1102;Kakariko - Open Grotto;0x39c;Kakariko -> Impa's House;16.5085
0;0x52;0x1102;Kakariko - Open Grotto;0x3b;Kakariko -> Shooting;10.8916
0;0x52;0x1102;Kakariko - Open Grotto;0x3ec;Kakariko Shop Back -> Potion Shop Back;11.8457
0;0x52;0x1102;Kakariko - Open Grotto;0x453;Kakariko -> Windmill;11.8833
0;0x52;0x1102;Kakariko - Open Grotto;0x550;Kakariko -> House of Skulltula;11.1244
0;0x52;0x1102;Kakariko - Open Grotto;0x5a0;Kakariko -> Redead Grotto;12.2863
0;0x52;0x1102;Kakariko - Open Grotto;0x5c8;Kakariko -> Impa's House Back;15.4665
0;0x52;0x1102;Kakariko - Open Grotto;0x72;Kakariko -> Granny Potion Shop;6.066
0;0x52;0x1102;Kakariko - Open Grotto;0x98;Kakariko -> Bottom of the Well;9.0807
0;0x52;0x1102;Kakariko - Open Grotto;0xb7;Kakariko -> Bazaar;14.6599
0;0x52;0x1102;Kakariko - Open Grotto;0xe4;Kakariko -> Graveyard;13.3588
0;0x60;0x1103;Death Mountain Trail - Storms Grotto;0x1003;Death Mountain Trail -> Storms Grotto;12.1193
0;0x60;0x1103;Death Mountain Trail - Storms Grotto;0x147;Death Mountain Trail -> Death Mountain Crater;58.4244
0;0x60;0x1103;Death Mountain Trail - Storms Grotto;0x14d;Death Mountain Trail -> Goron City;5.98232
0;0x60;0x1103;Death Mountain Trail - Storms Grotto;0x191;Death Mountain Trail -> Kakariko;27.4167
0;0x60;0x1103;Death Mountain Trail - Storms Grotto;0x315;Death Mountain Trail -> Magic Upgrade Fountain;56.4361
0;0x60;0x1103;Death Mountain Trail - Storms Grotto;0x4;Death Mountain Trail -> Dodongo Cavern;16.3208
0;0x60;0x1103;Death Mountain Trail - Storms Grotto;0x554;Owl Drop -> Kakariko - Owl Drop;60.156
0;0x60;0x1103;Death Mountain Trail - Storms Grotto;0x5fc;Death Mountain Trail -> Cow Grotto;26.1324
0;0x61;0x1104;Death Mountain Crater - Boulder Grotto;0x1004;Death Mountain Crater -> Boulder Grotto;3.39075
0;0x61;0x1104;Death Mountain Crater - Boulder Grotto;0x1014;Death Mountain Crater -> Red Boulder Grotto;17.9301
0;0x61;0x1104;Death Mountain Crater - Boulder Grotto;0x165;Death Mountain Crater -> Fire Temple;28.7267
0;0x61;0x1104;Death Mountain Crater - Boulder Grotto;0x1bd;Death Mountain Crater -> Death Mountain Trail;7.94459
0;0x61;0x1104;Death Mountain Crater - Boulder Grotto;0x1c1;Death Mountain Crater -> Goron City;13.6299
0;0x61;0x1104;Death Mountain Crater - Boulder Grotto;0x4be;Death Mountain Crater -> Large Magic Upgrade Fountain;10.3042
0;0x54;0x1105;Zora River - Open Grotto;0x1005;Zora River -> Open Grotto;3.18757
0;0x54;0x1105;Zora River - Open Grotto;0x100b;Zora River -> Fairy Fountain Grotto;6.20699
0;0x54;0x1105;Zora River - Open Grotto;0x100f;Zora River -> Storms Grotto;18.1184
0;0x54;0x1105;Zora River - Open Grotto;0x108;Zora River -> Zora Domain;33.2062
0;0x54;0x1105;Zora River - Open Grotto;0x181;Zora River -> Hyrule Field;12.7975
0;0x54;0x1105;Zora River - Open Grotto;0x311;Zora River Water -> Hyrule Field;15.1251
0;0x54;0x1105;Zora River - Open Grotto;0x4da;Zora River -> Lost Woods;30.8407
0;0x51;0x1106;Hyrule Field - Southeast Grotto;0x1006;Hyrule Field -> Southeast Grotto;3.51009
0;0x51;0x1106;Hyrule Field - Southeast Grotto;0x1007;Hyrule Field -> Open Grotto;20.3899
0;0x51;0x1106;Hyrule Field - Southeast Grotto;0x1008;Hyrule Field -> Near Market Grotto;47.7684
0;0x51;0x1106;Hyrule Field - Southeast Grotto;0x100a;Hyrule Field -> Fairy Fountain Grotto;55.6071
0;0x51;0x1106;Hyrule Field - Southeast Grotto;0x102;Hyrule Field -> Lake Hylia;38.9318
0;0x51;0x1106;Hyrule Field - Southeast Grotto;0x117;Hyrule Field -> Gerudo Valley;47.3016
0;0x51;0x1106;Hyrule Field - Southeast Grotto;0x157;Hyrule Field -> Lon Lon's Ranch;29.7984
0;0x51;0x1106;Hyrule Field - Southeast Grotto;0x1d9;Hyrule Field Water -> Zora River;47.6232
0;0x51;0x1106;Hyrule Field - Southeast Grotto;0x276;Hyrule Field -> Market Entrance;47.0385
0;0x51;0x1106;Hyrule Field - Southeast Grotto;0x4de;Hyrule Field -> Lost Woods Bridge;34.2026
0;0x51;0x1106;Hyrule Field - Southeast Grotto;0x598;Hyrule Field -> Tree Grotto Near Kakariko;59.5679
0;0x51;0x1106;Hyrule Field - Southeast Grotto;0x59c;Hyrule Field -> Scrub Grotto;25.4303
0;0x51;0x1106;Hyrule Field - Southeast Grotto;0x5a8;Hyrule Field -> Grotto Near Gerudo Valley;43.9773
0;0x51;0x1106;Hyrule Field - Southeast Grotto;0x5c0;Hyrule Field -> Tektite Grotto;46.7027
0;0x51;0x1106;Hyrule Field - Southeast Grotto;0xdb;Hyrule Field -> Kakariko;56.3547
0;0x51;0x1106;Hyrule Field - Southeast Grotto;0xea;Hyrule Field -> Zora River;46.4534
0;0x51;0x1107;Hyrule Field - Open Grotto;0x1006;Hyrule Field -> Southeast Grotto;21.1202
0;0x51;0x1107;Hyrule Field - Open Grotto;0x1007;Hyrule Field -> Open Grotto;3.93247
0;0x51;0x1107;Hyrule Field - Open Grotto;0x1008;Hyrule Field -> Near Market Grotto;60.4133
0;0x51;0x1107;Hyrule Field - Open Grotto;0x100a;Hyrule Field -> Fairy Fountain Grotto;62.0325
0;0x51;0x1107;Hyrule Field - Open Grotto;0x102;Hyrule Field -> Lake Hylia;28.0947
0;0x51;0x1107;Hyrule Field - Open Grotto;0x117;Hyrule Field -> Gerudo Valley;39.4047
0;0x51;0x1107;Hyrule Field - Open Grotto;0x157;Hyrule Field -> Lon Lon's Ranch;37.6961
0;0x51;0x1107;Hyrule Field - Open Grotto;0x1d9;Hyrule Field Water -> Zora River;57.9953
0;0x51;0x1107;Hyrule Field - Open Grotto;0x276;Hyrule Field -> Market Entrance;61.3842
0;0x51;0x1107;Hyrule Field - Open Grotto;0x4de;Hyrule Field -> Lost Woods Bridge;50.0442
0;0x51;0x1107;Hyrule Field - Open Grotto;0x598;Hyrule Field -> Tree Grotto Near Kakariko;61.901
0;0x51;0x1107;Hyrule Field - Open Grotto;0x59c;Hyrule Field -> Scrub Grotto;10.8992
0;0x51;0x1107;Hyrule Field - Open Grotto;0x5a8;Hyrule Field -> Grotto Near Gerudo Valley;35.9663
0;0x51;0x1107;Hyrule Field - Open Grotto;0x5c0;Hyrule Field -> Tektite Grotto;47.3417
0;0x51;0x1107;Hyrule Field - Open Grotto;0xdb;Hyrule Field -> Kakariko;63.6119
0;0x51;0x1107;Hyrule Field - Open Grotto;0xea;Hyrule Field -> Zora River;60.8274
0;0x51;0x1108;Hyrule Field - Near Market Grotto;0x1006;Hyrule Field -> Southeast Grotto;47.5997
0;0x51;0x1108;Hyrule Field - Near Market Grotto;0x1007;Hyrule Field -> Open Grotto;56.3803
0;0x51;0x1108;Hyrule Field - Near Market Grotto;0x1008;Hyrule Field -> Near Market Grotto;3.18495
0;0x51;0x1108;Hyrule Field - Near Market Grotto;0x100a;Hyrule Field -> Fairy Fountain Grotto;27.3409
0;0x51;0x1108;Hyrule Field - Near Market Grotto;0x102;Hyrule Field -> Lake Hylia;70.1428
0;0x51;0x1108;Hyrule Field - Near Market Grotto;0x117;Hyrule Field -> Gerudo Valley;57.3283
0;0x51;0x1108;Hyrule Field - Near Market Grotto;0x157;Hyrule Field -> Lon Lon's Ranch;22.8578
0;0x51;0x1108;Hyrule Field - Near Market Grotto;0x1d9;Hyrule Field Water -> Zora River;35.3452
0;0x51;0x1108;Hyrule Field - Near Market Grotto;0x276;Hyrule Field -> Market Entrance;5.19988
0;0x51;0x1108;Hyrule Field - Near Market Grotto;0x4de;Hyrule Field -> Lost Woods Bridge;40.1482
0;0x51;0x1108;Hyrule Field - Near Market Grotto;0x598;Hyrule Field -> Tree Grotto Near Kakariko;17.9643
0;0x51;0x1108;Hyrule Field - Near Market Grotto;0x59c;Hyrule Field -> Scrub Grotto;60.4601
0;0x51;0x1108;Hyrule Field - Near Market Grotto;0x5a8;Hyrule Field -> Grotto Near Gerudo Valley;55.0042
0;0x51;0x1108;Hyrule Field - Near Market Grotto;0x5c0;Hyrule Field -> Tektite Grotto;24.912
0;0x51;0x1108;Hyrule Field - Near Market Grotto;0x5c0;Hyrule Field -> Tektite Grotto;26.1634
0;0x51;0x1108;Hyrule Field - Near Market Grotto;0xdb;Hyrule Field -> Kakariko;20.0363
0;0x51;0x1108;Hyrule Field - Near Market Grotto;0xea;Hyrule Field -> Zora River;32.1731
0;0x56;0x1109;Sacred Forest Meadow - Fairy Fountain Grotto;0x1009;Sacred Forest Meadow -> Fairy Fountain Grotto;3.94822
0;0x56;0x1109;Sacred Forest Meadow - Fairy Fountain Grotto;0x100e;Sacred Forest Meadow -> Storms Grotto;26.8063
0;0x56;0x1109;Sacred Forest Meadow - Fairy Fountain Grotto;0x169;Sacred Forest Meadow -> Forest Temple;23.3481
0;0x56;0x1109;Sacred Forest Meadow - Fairy Fountain Grotto;0x1a9;Sacred Forest Meadow -> Lost Woods;14.9548
0;0x56;0x1109;Sacred Forest Meadow - Fairy Fountain Grotto;0x5b4;Sacred Forest Meadow -> Wolfos Grotto;15.4469
0;0x51;0x110a;Hyrule Field - Fairy Fountain Grotto;0x1006;Hyrule Field -> Southeast Grotto;62.8014
0;0x51;0x110a;Hyrule Field - Fairy Fountain Grotto;0x1007;Hyrule Field -> Open Grotto;59.2769
0;0x51;0x110a;Hyrule Field - Fairy Fountain Grotto;0x1008;Hyrule Field -> Near Market Grotto;26.6322
0;0x51;0x110a;Hyrule Field - Fairy Fountain Grotto;0x100a;Hyrule Field -> Fairy Fountain Grotto;3.43119
0;0x51;0x110a;Hyrule Field - Fairy Fountain Grotto;0x102;Hyrule Field -> Lake Hylia;71.8344
0;0x51;0x110a;Hyrule Field - Fairy Fountain Grotto;0x117;Hyrule Field -> Gerudo Valley;55.6318
0;0x51;0x110a;Hyrule Field - Fairy Fountain Grotto;0x157;Hyrule Field -> Lon Lon's Ranch;30.2314
0;0x51;0x110a;Hyrule Field - Fairy Fountain Grotto;0x1d9;Hyrule Field Water -> Zora River;61.3927
0;0x51;0x110a;Hyrule Field - Fairy Fountain Grotto;0x276;Hyrule Field -> Market Entrance;34.39
0;0x51;0x110a;Hyrule Field - Fairy Fountain Grotto;0x4de;Hyrule Field -> Lost Woods Bridge;58.9804
0;0x51;0x110a;Hyrule Field - Fairy Fountain Grotto;0x598;Hyrule Field -> Tree Grotto Near Kakariko;41.4985
0;0x51;0x110a;Hyrule Field - Fairy Fountain Grotto;0x59c;Hyrule Field -> Scrub Grotto;64.8656
0;0x51;0x110a;Hyrule Field - Fairy Fountain Grotto;0x5a8;Hyrule Field -> Grotto Near Gerudo Valley;53.4638
0;0x51;0x110a;Hyrule Field - Fairy Fountain Grotto;0x5c0;Hyrule Field -> Tektite Grotto;18.0659
0;0x51;0x110a;Hyrule Field - Fairy Fountain Grotto;0xdb;Hyrule Field -> Kakariko;43.0052
0;0x51;0x110a;Hyrule Field - Fairy Fountain Grotto;0xea;Hyrule Field -> Zora River;54.5936
0;0x54;0x110b;Zora River - Fairy Fountain Grotto;0x1005;Zora River -> Open Grotto;5.61159
0;0x54;0x110b;Zora River - Fairy Fountain Grotto;0x100b;Zora River -> Fairy Fountain Grotto;3.25497
0;0x54;0x110b;Zora River - Fairy Fountain Grotto;0x100f;Zora River -> Storms Grotto;23.1184
0;0x54;0x110b;Zora River - Fairy Fountain Grotto;0x108;Zora River -> Zora Domain;28.2062
0;0x54;0x110b;Zora River - Fairy Fountain Grotto;0x181;Zora River -> Hyrule Field;17.7975
0;0x54;0x110b;Zora River - Fairy Fountain Grotto;0x311;Zora River Water -> Hyrule Field;20.1251
0;0x54;0x110b;Zora River - Fairy Fountain Grotto;0x4da;Zora River -> Lost Woods;25.8407
0;0x58;0x110c;Zora Domain - Fairy Fountain Grotto;0x100c;Zora Domain -> Fairy Fountain Grotto;11.4283
0;0x58;0x110c;Zora Domain - Fairy Fountain Grotto;0x19d;Zora Domain -> Zora River;12.2277
0;0x58;0x110c;Zora Domain - Fairy Fountain Grotto;0x225;Zora Domain -> Zora Fountain;31.4182
0;0x58;0x110c;Zora Domain - Fairy Fountain Grotto;0x380;Zora Domain -> Zora Shop;14.1916
0;0x58;0x110c;Zora Domain - Fairy Fountain Grotto;0x560;Zora's Domain Shortcut -> Lake Hylia;8.18658
0;0x5d;0x110d;Gerudo's Fortress - Fairy Fountain Grotto;0x100d;Gerudo's Fortress -> Fairy Fountain Grotto;11.6163
0;0x5d;0x110d;Gerudo's Fortress - Fairy Fountain Grotto;0x130;Gerudo's Fortress -> Haunted Wasteland;15.5917
0;0x5d;0x110d;Gerudo's Fortress - Fairy Fountain Grotto;0x22d;Gerudo's Fortress -> Gerudo Valley;11.1014
0;0x5d;0x110d;Gerudo's Fortress - Fairy Fountain Grotto;0x486;Gerudo's Fortress Jail 1 Left -> Thieves' Hideout Jail 1 Left;7.88697
0;0x5d;0x110d;Gerudo's Fortress - Fairy Fountain Grotto;0x48a;Gerudo's Fortress Jail 1 Right -> Thieves' Hideout Jail 1 Right;3.72721
0;0x5d;0x110d;Gerudo's Fortress - Fairy Fountain Grotto;0x48e;Gerudo's Fortress Kitchen Bottom -> Thieves' Hideout Kitchen Bottom;3.66991
0;0x5d;0x110d;Gerudo's Fortress - Fairy Fountain Grotto;0x492;Gerudo's Fortress Kitchen Bottom to Top -> Thieves' Hideout Kitchen Bottom to Top;14.0794
0;0x5d;0x110d;Gerudo's Fortress - Fairy Fountain Grotto;0x496;Gerudo's Fortress Jail 3 Bottom -> Thieves' Hideout Jail 3 Bottom;4.13048
0;0x5d;0x110d;Gerudo's Fortress - Fairy Fountain Grotto;0x49a;Gerudo's Fortress Jail 3 Top -> Thieves' Hideout Jail 3 Top;14.5854
0;0x5d;0x110d;Gerudo's Fortress - Fairy Fountain Grotto;0x49e;Gerudo's Fortress Jail 2 Bottom -> Thieves' Hideout Jail 2 Bottom;9.60643
0;0x5d;0x110d;Gerudo's Fortress - Fairy Fountain Grotto;0x4a2;Gerudo's Fortress Jail 2 Top -> Thieves' Hideout Jail 2 Top;19.2767
0;0x5d;0x110d;Gerudo's Fortress - Fairy Fountain Grotto;0x4a6;Gerudo's Fortress Kitchen Top Right -> Thieves' Hideout Kitchen Top Right;17.7949
0;0x5d;0x110d;Gerudo's Fortress - Fairy Fountain Grotto;0x4aa;Gerudo's Fortress Kitchen Top Left -> Thieves' Hideout Kitchen Top Left;26.5377
0;0x5d;0x110d;Gerudo's Fortress - Fairy Fountain Grotto;0x4ae;Gerudo's Fortress Breakout Bottom -> Thieves' Hideout Breakout Bottom;20.2817
0;0x5d;0x110d;Gerudo's Fortress - Fairy Fountain Grotto;0x4b2;Gerudo's Fortress Breakout Top -> Thieves' Hideout Breakout Top;-1
0;0x5d;0x110d;Gerudo's Fortress - Fairy Fountain Grotto;0x570;Gerudo's Fortress Jail 4 -> Thieves' Hideout Jail 4;25.2773
0;0x5d;0x110d;Gerudo's Fortress - Fairy Fountain Grotto;0x5f80;Caught -> Gerudo's Fortress -> Caught;8.24693
0;0x5d;0x110d;Gerudo's Fortress - Fairy Fountain Grotto;0x8;Gerudo's Fortress -> Gerudo Training Ground;12.7236
0;0x56;0x110e;Sacred Forest Meadow - Storms Grotto;0x1009;Sacred Forest Meadow -> Fairy Fountain Grotto;17.4872
0;0x56;0x110e;Sacred Forest Meadow - Storms Grotto;0x100e;Sacred Forest Meadow -> Storms Grotto;11.6395
0;0x56;0x110e;Sacred Forest Meadow - Storms Grotto;0x169;Sacred Forest Meadow -> Forest Temple;9.42074
0;0x56;0x110e;Sacred Forest Meadow - Storms Grotto;0x1a9;Sacred Forest Meadow -> Lost Woods;26.8557
0;0x56;0x110e;Sacred Forest Meadow - Storms Grotto;0x5b4;Sacred Forest Meadow -> Wolfos Grotto;26.5887
0;0x54;0x110f;Zora River - Storms Grotto;0x1005;Zora River -> Open Grotto;31.5885
0;0x54;0x110f;Zora River - Storms Grotto;0x100b;Zora River -> Fairy Fountain Grotto;36.572
0;0x54;0x110f;Zora River - Storms Grotto;0x100f;Zora River -> Storms Grotto;12.1237
0;0x54;0x110f;Zora River - Storms Grotto;0x108;Zora River -> Zora Domain;56.9764
0;0x54;0x110f;Zora River - Storms Grotto;0x181;Zora River -> Hyrule Field;9.73035
0;0x54;0x110f;Zora River - Storms Grotto;0x311;Zora River Water -> Hyrule Field;11.5558
0;0x54;0x110f;Zora River - Storms Grotto;0x4da;Zora River -> Lost Woods;42.236
0;0x5a;0x1110;Gerudo Valley - Storms Grotto;0x1010;Gerudo Valley -> Storms Grotto;11.515
0;0x5a;0x1110;Gerudo Valley - Storms Grotto;0x129;Gerudo Valley -> Gerudo's Fortress;10.8723
0;0x5a;0x1110;Gerudo Valley - Storms Grotto;0x18d;Gerudo Valley -> Hyrule Field;21.9908
0;0x5a;0x1110;Gerudo Valley - Storms Grotto;0x1a50;Caught -> Gerudo's Valley -> Caught;11.42862
0;0x5a;0x1110;Gerudo Valley - Storms Grotto;0x219;Waterfalls -> Lake Hylia - Waterfalls;23.3484
0;0x5a;0x1110;Gerudo Valley - Storms Grotto;0x3a0;Gerudo Valley -> Carpenter's Tent;7.75965
0;0x5a;0x1110;Gerudo Valley - Storms Grotto;0x5ac;Gerudo Valley -> Octorok Grotto;22.9811
0;0x5c;0x1111;Desert Colossus - Silver Boulder Grotto;0x1011;Desert Colossus -> Silver Boulder Grotto;7.17966
0;0x5c;0x1111;Desert Colossus - Silver Boulder Grotto;0x365;Desert Colossus -> Haunted Wasteland;20.9944
0;0x5c;0x1111;Desert Colossus - Silver Boulder Grotto;0x3f0;Silver Gauntlet -> Spirit Temple;-1
0;0x5c;0x1111;Desert Colossus - Silver Boulder Grotto;0x3f4;Miror Shield -> Spirit Temple;-1
0;0x5c;0x1111;Desert Colossus - Silver Boulder Grotto;0x588;Desert Colossus -> Nayru's Love Fountain;11.756
0;0x5c;0x1111;Desert Colossus - Silver Boulder Grotto;0x82;Desert Colossus -> Spirit Temple;10.2291
0;0x5c;0x1111;Desert Colossus - Silver Boulder Grotto;0xfff03;Requiem of Spirit -> Requiem of Spirit;38.926
0;0x63;0x1112;Lon Lon's Ranch - Open Grotto;0x1012;Lon Lon's Ranch -> Open Grotto;3.34341
0;0x63;0x1112;Lon Lon's Ranch - Open Grotto;0x1f9;Lon Lon's Ranch -> Hyrule Field;23.6567
0;0x63;0x1112;Lon Lon's Ranch - Open Grotto;0x28a;Jump Middle Fence -> Hyrule Field - Jump Middle Fence;6.44257
0;0x63;0x1112;Lon Lon's Ranch - Open Grotto;0x28e;Jump Right Fence -> Hyrule Field - Jump Right Fence;18.3616
0;0x63;0x1112;Lon Lon's Ranch - Open Grotto;0x292;Jump Left Fence -> Hyrule Field - Jump Left Fence;5.53381
0;0x63;0x1112;Lon Lon's Ranch - Open Grotto;0x2f9;Lon Lon's Ranch -> Stables;20.8022
0;0x63;0x1112;Lon Lon's Ranch - Open Grotto;0x4f;Lon Lon's Ranch -> Lon Lon's Ranch House;20.8426
0;0x63;0x1112;Lon Lon's Ranch - Open Grotto;0x5d0;Lon Lon's Ranch -> Silo;15.1655
0;0x62;0x1113;Goron City - Open Grotto;0x1013;Goron City -> Open Grotto;2.84896
0;0x62;0x1113;Goron City - Open Grotto;0x1b9;Goron City -> Death Mountain Trail;14.3035
0;0x62;0x1113;Goron City - Open Grotto;0x246;Goron City -> Death Mountain Crater;19.439
0;0x62;0x1113;Goron City - Open Grotto;0x37c;Goron City -> Goron Shop;15.8442
0;0x62;0x1113;Goron City - Open Grotto;0x4d6;Goron City -> Lost Woods;19.0817
0;0x61;0x1114;Death Mountain Crater - Red Boulder Grotto;0x1004;Death Mountain Crater -> Boulder Grotto;22.0532
0;0x61;0x1114;Death Mountain Crater - Red Boulder Grotto;0x1014;Death Mountain Crater -> Red Boulder Grotto;6.09389
0;0x61;0x1114;Death Mountain Crater - Red Boulder Grotto;0x165;Death Mountain Crater -> Fire Temple;18.8175
0;0x61;0x1114;Death Mountain Crater - Red Boulder Grotto;0x1bd;Death Mountain Crater -> Death Mountain Trail;23.6084
0;0x61;0x1114;Death Mountain Crater - Red Boulder Grotto;0x1c1;Death Mountain Crater -> Goron City;4.53506
0;0x61;0x1114;Death Mountain Crater - Red Boulder Grotto;0x4be;Death Mountain Crater -> Large Magic Upgrade Fountain;8.13581
0;0x57;0x1115;Lake Hylia - Under Tomb Grotto;0x10;Lake Hylia -> Water Temple;21.729
0;0x57;0x1115;Lake Hylia - Under Tomb Grotto;0x1015;Lake Hylia -> Under Tomb Grotto;13.6413
0;0x57;0x1115;Lake Hylia - Under Tomb Grotto;0x189;Lake Hylia -> Hyrule Field;28.597
0;0x57;0x1115;Lake Hylia - Under Tomb Grotto;0x27e;Owl Drop -> Hyrule Field - Owl Drop;6.72855
0;0x57;0x1115;Lake Hylia - Under Tomb Grotto;0x328;Lake Hylia's Shortcut -> Zora Domain;23.6287
0;0x57;0x1115;Lake Hylia - Under Tomb Grotto;0x43;Lake Hylia -> Laboratory;17.7291
0;0x57;0x1115;Lake Hylia - Under Tomb Grotto;0x45f;Lake Hylia -> Fishing Pond;36.8869
0;0x5b;0x1116;Lost Woods - Scrub Upgrade Grotto;0x1001;Lost Woods -> Boulder Grotto Near Goron City;15.3999
0;0x5b;0x1116;Lost Woods - Scrub Upgrade Grotto;0x185;Lost Woods Bridge -> Hyrule Field;31.8969
0;0x5b;0x1116;Lost Woods - Scrub Upgrade Grotto;0x1dd;Lost Woods -> Zora River;16.8059
0;0x5b;0x1116;Lost Woods - Scrub Upgrade Grotto;0x20d;Lost Woods Bridge -> Kokiri Forest ;33.3602
0;0x5b;0x1116;Lost Woods - Scrub Upgrade Grotto;0x286;Lost Woods -> Kokiri Forest;4.39737
0;0x5b;0x1116;Lost Woods - Scrub Upgrade Grotto;0x4e2;Lost Woods -> Goron City;15.5948
0;0x5b;0x1116;Lost Woods - Scrub Upgrade Grotto;0x5b0;Lost Woods -> Scrub Upgrade Grotto;2.83195
0;0x5b;0x1116;Lost Woods - Scrub Upgrade Grotto;0x5c4;Lost Woods -> Deku's Theater;14.499
0;0x5b;0x1116;Lost Woods - Scrub Upgrade Grotto;0xfc;Lost Woods -> Sacred Forest Meadow;3.9341
0;0x51;0x1117;Hyrule Field - Scrub Grotto;0x1006;Hyrule Field -> Southeast Grotto;23.1202
0;0x51;0x1117;Hyrule Field - Scrub Grotto;0x1006;Hyrule Field -> Southeast Grotto;28.3449
0;0x51;0x1117;Hyrule Field - Scrub Grotto;0x1007;Hyrule Field -> Open Grotto;8.98035
0;0x51;0x1117;Hyrule Field - Scrub Grotto;0x1008;Hyrule Field -> Near Market Grotto;59.4133
0;0x51;0x1117;Hyrule Field - Scrub Grotto;0x100a;Hyrule Field -> Fairy Fountain Grotto;60.0325
0;0x51;0x1117;Hyrule Field - Scrub Grotto;0x102;Hyrule Field -> Lake Hylia;28.0672
0;0x51;0x1117;Hyrule Field - Scrub Grotto;0x102;Hyrule Field -> Lake Hylia;24.0947
0;0x51;0x1117;Hyrule Field - Scrub Grotto;0x117;Hyrule Field -> Gerudo Valley;37.4047
0;0x51;0x1117;Hyrule Field - Scrub Grotto;0x157;Hyrule Field -> Lon Lon's Ranch;38.6961
0;0x51;0x1117;Hyrule Field - Scrub Grotto;0x1d9;Hyrule Field Water -> Zora River;59.9953
0;0x51;0x1117;Hyrule Field - Scrub Grotto;0x276;Hyrule Field -> Market Entrance;61.3842
0;0x51;0x1117;Hyrule Field - Scrub Grotto;0x4de;Hyrule Field -> Lost Woods Bridge;52.0442
0;0x51;0x1117;Hyrule Field - Scrub Grotto;0x598;Hyrule Field -> Tree Grotto Near Kakariko;63.901
0;0x51;0x1117;Hyrule Field - Scrub Grotto;0x59c;Hyrule Field -> Scrub Grotto;4.95973
0;0x51;0x1117;Hyrule Field - Scrub Grotto;0x5a8;Hyrule Field -> Grotto Near Gerudo Valley;33.9663
0;0x51;0x1117;Hyrule Field - Scrub Grotto;0x5c0;Hyrule Field -> Tektite Grotto;45.3417
0;0x51;0x1117;Hyrule Field - Scrub Grotto;0xdb;Hyrule Field -> Kakariko;65.6119
0;0x51;0x1117;Hyrule Field - Scrub Grotto;0xea;Hyrule Field -> Zora River;62.8274
0;0x5b;0x1118;Lost Woods - Deku's Theater;0x1001;Lost Woods -> Boulder Grotto Near Goron City;13.187
0;0x5b;0x1118;Lost Woods - Deku's Theater;0x185;Lost Woods Bridge -> Hyrule Field;31.0327
0;0x5b;0x1118;Lost Woods - Deku's Theater;0x1dd;Lost Woods -> Zora River;15.6965
0;0x5b;0x1118;Lost Woods - Deku's Theater;0x20d;Lost Woods Bridge -> Kokiri Forest ;30.0548
0;0x5b;0x1118;Lost Woods - Deku's Theater;0x286;Lost Woods -> Kokiri Forest;9.53546
0;0x5b;0x1118;Lost Woods - Deku's Theater;0x4e2;Lost Woods -> Goron City;16.3114
0;0x5b;0x1118;Lost Woods - Deku's Theater;0x5b0;Lost Woods -> Scrub Upgrade Grotto;14.1089
0;0x5b;0x1118;Lost Woods - Deku's Theater;0x5c4;Lost Woods -> Deku's Theater;2.87309
0;0x5b;0x1118;Lost Woods - Deku's Theater;0xfc;Lost Woods -> Sacred Forest Meadow;14.0875
0;0x56;0x1119;Sacred Forest Meadow - Wolfos Grotto;0x1009;Sacred Forest Meadow -> Fairy Fountain Grotto;22.6011
0;0x56;0x1119;Sacred Forest Meadow - Wolfos Grotto;0x100e;Sacred Forest Meadow -> Storms Grotto;31.0673
0;0x56;0x1119;Sacred Forest Meadow - Wolfos Grotto;0x169;Sacred Forest Meadow -> Forest Temple;33.2849
0;0x56;0x1119;Sacred Forest Meadow - Wolfos Grotto;0x1a9;Sacred Forest Meadow -> Lost Woods;5.3459
0;0x56;0x1119;Sacred Forest Meadow - Wolfos Grotto;0x5b4;Sacred Forest Meadow -> Wolfos Grotto;4.09154
0;0x51;0x111a;Hyrule Field - Fairy Fountain Grotto;0x1006;Hyrule Field -> Southeast Grotto;58.8014
0;0x51;0x111a;Hyrule Field - Fairy Fountain Grotto;0x1007;Hyrule Field -> Open Grotto;55.2769
0;0x51;0x111a;Hyrule Field - Tektite Grotto;0x1008;Hyrule Field -> Near Market Grotto;22.8788
0;0x51;0x111a;Hyrule Field - Tektite Grotto;0x100a;Hyrule Field -> Fairy Fountain Grotto;17.5774
0;0x51;0x111a;Hyrule Field - Fairy Fountain Grotto;0x102;Hyrule Field -> Lake Hylia;67.8344
0;0x51;0x111a;Hyrule Field - Fairy Fountain Grotto;0x117;Hyrule Field -> Gerudo Valley;51.6318
0;0x51;0x111a;Hyrule Field - Fairy Fountain Grotto;0x157;Hyrule Field -> Lon Lon's Ranch;26.2314
0;0x51;0x111a;Hyrule Field - Fairy Fountain Grotto;0x1d9;Hyrule Field Water -> Zora River;57.3927
0;0x51;0x111a;Hyrule Field - Fairy Fountain Grotto;0x276;Hyrule Field -> Market Entrance;30.39
0;0x51;0x111a;Hyrule Field - Fairy Fountain Grotto;0x4de;Hyrule Field -> Lost Woods Bridge;54.9804
0;0x51;0x111a;Hyrule Field - Fairy Fountain Grotto;0x598;Hyrule Field -> Tree Grotto Near Kakariko;37.4985
0;0x51;0x111a;Hyrule Field - Fairy Fountain Grotto;0x59c;Hyrule Field -> Scrub Grotto;60.8656
0;0x51;0x111a;Hyrule Field - Fairy Fountain Grotto;0x5a8;Hyrule Field -> Grotto Near Gerudo Valley;49.4638
0;0x51;0x111a;Hyrule Field - Fairy Fountain Grotto;0x5c0;Hyrule Field -> Tektite Grotto;14.0659
0;0x51;0x111a;Hyrule Field - Tektite Grotto;0x5c0;Hyrule Field -> Tektite Grotto;5.33402
0;0x51;0x111a;Hyrule Field - Fairy Fountain Grotto;0xdb;Hyrule Field -> Kakariko;39.0052
0;0x51;0x111a;Hyrule Field - Fairy Fountain Grotto;0xea;Hyrule Field -> Zora River;50.5936
0;0x51;0x111b;Hyrule Field - Grotto Near Gerudo Valley;0x1006;Hyrule Field -> Southeast Grotto;37.9773
0;0x51;0x111b;Hyrule Field - Grotto Near Gerudo Valley;0x1007;Hyrule Field -> Open Grotto;30.5668
0;0x51;0x111b;Hyrule Field - Grotto Near Gerudo Valley;0x1008;Hyrule Field -> Near Market Grotto;43.7894
0;0x51;0x111b;Hyrule Field - Grotto Near Gerudo Valley;0x100a;Hyrule Field -> Fairy Fountain Grotto;41.2786
0;0x51;0x111b;Hyrule Field - Grotto Near Gerudo Valley;0x102;Hyrule Field -> Lake Hylia;41.3216
0;0x51;0x111b;Hyrule Field - Grotto Near Gerudo Valley;0x117;Hyrule Field -> Gerudo Valley;13.4647
0;0x51;0x111b;Hyrule Field - Grotto Near Gerudo Valley;0x157;Hyrule Field -> Lon Lon's Ranch;32.0125
0;0x51;0x111b;Hyrule Field - Grotto Near Gerudo Valley;0x1d9;Hyrule Field Water -> Zora River;62.19
0;0x51;0x111b;Hyrule Field - Grotto Near Gerudo Valley;0x276;Hyrule Field -> Market Entrance;45.8242
0;0x51;0x111b;Hyrule Field - Grotto Near Gerudo Valley;0x4de;Hyrule Field -> Lost Woods Bridge;61.2121
0;0x51;0x111b;Hyrule Field - Grotto Near Gerudo Valley;0x598;Hyrule Field -> Tree Grotto Near Kakariko;56.0248
0;0x51;0x111b;Hyrule Field - Grotto Near Gerudo Valley;0x59c;Hyrule Field -> Scrub Grotto;33.3278
0;0x51;0x111b;Hyrule Field - Grotto Near Gerudo Valley;0x5a8;Hyrule Field -> Grotto Near Gerudo Valley;4.85741
0;0x51;0x111b;Hyrule Field - Grotto Near Gerudo Valley;0x5c0;Hyrule Field -> Tektite Grotto;26.7858
0;0x51;0x111b;Hyrule Field - Grotto Near Gerudo Valley;0xdb;Hyrule Field -> Kakariko;58.4576
0;0x51;0x111b;Hyrule Field - Grotto Near Gerudo Valley;0xea;Hyrule Field -> Zora River;63.8903
0;0x51;0x111c;Hyrule Field - Tree Grotto Near Kakariko;0x1006;Hyrule Field -> Southeast Grotto;52.4285
0;0x51;0x111c;Hyrule Field - Tree Grotto Near Kakariko;0x1007;Hyrule Field -> Open Grotto;65.0377
0;0x51;0x111c;Hyrule Field - Tree Grotto Near Kakariko;0x1008;Hyrule Field -> Near Market Grotto;21.3003
0;0x51;0x111c;Hyrule Field - Tree Grotto Near Kakariko;0x100a;Hyrule Field -> Fairy Fountain Grotto;39.5483
0;0x51;0x111c;Hyrule Field - Tree Grotto Near Kakariko;0x102;Hyrule Field -> Lake Hylia;76.6196
0;0x51;0x111c;Hyrule Field - Tree Grotto Near Kakariko;0x117;Hyrule Field -> Gerudo Valley;67.1785
0;0x51;0x111c;Hyrule Field - Tree Grotto Near Kakariko;0x157;Hyrule Field -> Lon Lon's Ranch;30.6725
0;0x51;0x111c;Hyrule Field - Tree Grotto Near Kakariko;0x1d9;Hyrule Field Water -> Zora River;24.659
0;0x51;0x111c;Hyrule Field - Tree Grotto Near Kakariko;0x276;Hyrule Field -> Market Entrance;16.069
0;0x51;0x111c;Hyrule Field - Tree Grotto Near Kakariko;0x4de;Hyrule Field -> Lost Woods Bridge;39.9897
0;0x51;0x111c;Hyrule Field - Tree Grotto Near Kakariko;0x598;Hyrule Field -> Tree Grotto Near Kakariko;4.91884
0;0x51;0x111c;Hyrule Field - Tree Grotto Near Kakariko;0x59c;Hyrule Field -> Scrub Grotto;70.0096
0;0x51;0x111c;Hyrule Field - Tree Grotto Near Kakariko;0x5a8;Hyrule Field -> Grotto Near Gerudo Valley;63.9624
0;0x51;0x111c;Hyrule Field - Tree Grotto Near Kakariko;0x5c0;Hyrule Field -> Tektite Grotto;36.6713
0;0x51;0x111c;Hyrule Field - Tree Grotto Near Kakariko;0xdb;Hyrule Field -> Kakariko;11.1075
0;0x51;0x111c;Hyrule Field - Tree Grotto Near Kakariko;0xea;Hyrule Field -> Zora River;24.1593
0;0x60;0x111d;Death Mountain Trail - Cow Grotto;0x1003;Death Mountain Trail -> Storms Grotto;17.2507
0;0x60;0x111d;Death Mountain Trail - Cow Grotto;0x147;Death Mountain Trail -> Death Mountain Crater;36.7233
0;0x60;0x111d;Death Mountain Trail - Cow Grotto;0x14d;Death Mountain Trail -> Goron City;13.2816
0;0x60;0x111d;Death Mountain Trail - Cow Grotto;0x191;Death Mountain Trail -> Kakariko;19.6164
0;0x60;0x111d;Death Mountain Trail - Cow Grotto;0x315;Death Mountain Trail -> Magic Upgrade Fountain;39.1097
0;0x60;0x111d;Death Mountain Trail - Cow Grotto;0x4;Death Mountain Trail -> Dodongo Cavern;19.0668
0;0x60;0x111d;Death Mountain Trail - Cow Grotto;0x554;Owl Drop -> Kakariko - Owl Drop;39.9106
0;0x60;0x111d;Death Mountain Trail - Cow Grotto;0x5fc;Death Mountain Trail -> Cow Grotto;3.38735
0;0x60;0x111d;Death Mountain Trail - Cow Grotto;0xfff01;Bolero of Fire -> Bolero of Fire;12.6762
0;0x5f;0x111e;Hyrule Castle - Storms Grotto;0x25a;Hyrule Castle -> Market;19.425
0;0x5f;0x111e;Hyrule Castle - Storms Grotto;0x400;Hyrule Castle -> Castle Courtyard;13.4482
0;0x5f;0x111e;Hyrule Castle - Storms Grotto;0x47e0;Caught -> Hyrule Castle -> Caught;8.58117
0;0x5f;0x111e;Hyrule Castle - Storms Grotto;0x578;Hyrule Castle -> Din's Fire Fountain;22.761
0;0x5f;0x111e;Hyrule Castle - Storms Grotto;0x5b8;Hyrule Castle -> Storms Grotto;11.8222
0;0x52;0x111f;Kakariko - Redead Grotto;0x1002;Kakariko -> Open Grotto;20.3351
0;0x52;0x111f;Kakariko - Redead Grotto;0x13d;Kakariko -> Death Mountain Trail;14.3006
0;0x52;0x111f;Kakariko - Redead Grotto;0x17d;Kakariko -> Hyrule Field;10.9273
0;0x52;0x111f;Kakariko - Redead Grotto;0x2fd;Kakariko -> Carpenter's Boss House;6.3474
0;0x52;0x111f;Kakariko - Redead Grotto;0x384;Kakariko -> Potion Shop;9.92623
0;0x52;0x111f;Kakariko - Redead Grotto;0x39c;Kakariko -> Impa's House;12.0811
0;0x52;0x111f;Kakariko - Redead Grotto;0x3b;Kakariko -> Shooting;8.47976
0;0x52;0x111f;Kakariko - Redead Grotto;0x3ec;Kakariko Shop Back -> Potion Shop Back;25.901
0;0x52;0x111f;Kakariko - Redead Grotto;0x453;Kakariko -> Windmill;12.4086
0;0x52;0x111f;Kakariko - Redead Grotto;0x550;Kakariko -> House of Skulltula;7.01703
0;0x52;0x111f;Kakariko - Redead Grotto;0x5a0;Kakariko -> Redead Grotto;4.49867
0;0x52;0x111f;Kakariko - Redead Grotto;0x5c8;Kakariko -> Impa's House Back;13.4922
0;0x52;0x111f;Kakariko - Redead Grotto;0x72;Kakariko -> Granny Potion Shop;17.7988
0;0x52;0x111f;Kakariko - Redead Grotto;0x98;Kakariko -> Bottom of the Well;8.07452
0;0x52;0x111f;Kakariko - Redead Grotto;0xb7;Kakariko -> Bazaar;9.88148
0;0x52;0x111f;Kakariko - Redead Grotto;0xe4;Kakariko -> Graveyard;13.0964
0;0x5a;0x1120;Gerudo Valley - Octorok Grotto;0x1010;Gerudo Valley -> Storms Grotto;-1
0;0x5a;0x1120;Gerudo Valley - Octorok Grotto;0x129;Gerudo Valley -> Gerudo's Fortress;-1
0;0x5a;0x1120;Gerudo Valley - Octorok Grotto;0x18d;Gerudo Valley -> Hyrule Field;-1
0;0x5a;0x1120;Gerudo Valley - Octorok Grotto;0x1a50;Gerudo Valley -> Caught;-1
0;0x5a;0x1120;Gerudo Valley - Octorok Grotto;0x219;Waterfalls -> Lake Hylia - Waterfalls;10.2681
0;0x5a;0x1120;Gerudo Valley - Octorok Grotto;0x3a0;Gerudo Valley -> Carpenter's Tent;-1
0;0x5a;0x1120;Gerudo Valley - Octorok Grotto;0x5ac;Gerudo Valley -> Octorok Grotto;6.64823
0;0x5a;0x117;Gerudo Valley - Hyrule Field;0x1010;Gerudo Valley -> Storms Grotto;29.0873
0;0x5a;0x117;Gerudo Valley - Hyrule Field;0x129;Gerudo Valley -> Gerudo's Fortress;25.0821
0;0x5a;0x117;Gerudo Valley - Hyrule Field;0x18d;Gerudo Valley -> Hyrule Field;3.30645
0;0x5a;0x117;Gerudo Valley - Hyrule Field;0x1a50;Caught -> Gerudo's Valley -> Caught;20.5737
0;0x5a;0x117;Gerudo Valley - Hyrule Field;0x219;Waterfalls -> Lake Hylia - Waterfalls;26.0273
0;0x5a;0x117;Gerudo Valley - Hyrule Field;0x3a0;Gerudo Valley -> Carpenter's Tent;17.4104
0;0x5a;0x117;Gerudo Valley - Hyrule Field;0x5ac;Gerudo Valley -> Octorok Grotto;19.8292
0;0x5b;0x11e;Lost Woods - Kokiri Forest;0x1001;Lost Woods -> Boulder Grotto Near Goron City;8.76036
0;0x5b;0x11e;Lost Woods - Kokiri Forest;0x185;Lost Woods Bridge -> Hyrule Field;14.3187
0;0x5b;0x11e;Lost Woods - Kokiri Forest;0x1dd;Lost Woods -> Zora River;18.3604
0;0x5b;0x11e;Lost Woods - Kokiri Forest;0x20d;Lost Woods Bridge -> Kokiri Forest ;15.0936
0;0x5b;0x11e;Lost Woods - Kokiri Forest;0x286;Lost Woods -> Kokiri Forest;3.10694
0;0x5b;0x11e;Lost Woods - Kokiri Forest;0x4e2;Lost Woods -> Goron City;9.83764
0;0x5b;0x11e;Lost Woods - Kokiri Forest;0x5b0;Lost Woods -> Scrub Upgrade Grotto;19.445
0;0x5b;0x11e;Lost Woods - Kokiri Forest;0x5c4;Lost Woods -> Deku's Theater;18.4602
0;0x5b;0x11e;Lost Woods - Kokiri Forest;0xfc;Lost Woods -> Sacred Forest Meadow;19.2429
0;0x5c;0x123;Desert Colossus - Haunted Wasteland;0x1011;Desert Colossus -> Silver Boulder Grotto;18.8906
0;0x5c;0x123;Desert Colossus - Haunted Wasteland;0x365;Desert Colossus -> Haunted Wasteland;4.57965
0;0x5c;0x123;Desert Colossus - Haunted Wasteland;0x3f0;Silver Gauntlet -> Spirit Temple;-1
0;0x5c;0x123;Desert Colossus - Haunted Wasteland;0x3f4;Miror Shield -> Spirit Temple;-1
0;0x5c;0x123;Desert Colossus - Haunted Wasteland;0x588;Desert Colossus -> Nayru's Love Fountain;8.61184
0;0x5c;0x123;Desert Colossus - Haunted Wasteland;0x82;Desert Colossus -> Spirit Temple;20.1152
0;0x5d;0x129;Gerudo's Fortress - Gerudo Valley;0x100d;Gerudo's Fortress -> Fairy Fountain Grotto;20.5658
0;0x5d;0x129;Gerudo's Fortress - Gerudo Valley;0x130;Gerudo's Fortress -> Haunted Wasteland;16.7301
0;0x5d;0x129;Gerudo's Fortress - Gerudo Valley;0x22d;Gerudo's Fortress -> Gerudo Valley;3.06518
0;0x5d;0x129;Gerudo's Fortress - Gerudo Valley;0x486;Gerudo's Fortress Jail 1 Left -> Thieves' Hideout Jail 1 Left;13.3525
0;0x5d;0x129;Gerudo's Fortress - Gerudo Valley;0x48a;Gerudo's Fortress Jail 1 Right -> Thieves' Hideout Jail 1 Right;12.4443
0;0x5d;0x129;Gerudo's Fortress - Gerudo Valley;0x48e;Gerudo's Fortress Kitchen Bottom -> Thieves' Hideout Kitchen Bottom;12.8421
0;0x5d;0x129;Gerudo's Fortress - Gerudo Valley;0x492;Gerudo's Fortress Kitchen Bottom to Top -> Thieves' Hideout Kitchen Bottom to Top;18.1299
0;0x5d;0x129;Gerudo's Fortress - Gerudo Valley;0x496;Gerudo's Fortress Jail 3 Bottom -> Thieves' Hideout Jail 3 Bottom;11.3445
0;0x5d;0x129;Gerudo's Fortress - Gerudo Valley;0x49a;Gerudo's Fortress Jail 3 Top -> Thieves' Hideout Jail 3 Top;22.0469
0;0x5d;0x129;Gerudo's Fortress - Gerudo Valley;0x49e;Gerudo's Fortress Jail 2 Bottom -> Thieves' Hideout Jail 2 Bottom;16.0668
0;0x5d;0x129;Gerudo's Fortress - Gerudo Valley;0x4a2;Gerudo's Fortress Jail 2 Top -> Thieves' Hideout Jail 2 Top;25.5632
0;0x5d;0x129;Gerudo's Fortress - Gerudo Valley;0x4a6;Gerudo's Fortress Kitchen Top Right -> Thieves' Hideout Kitchen Top Right;24.9238
0;0x5d;0x129;Gerudo's Fortress - Gerudo Valley;0x4aa;Gerudo's Fortress Kitchen Top Left -> Thieves' Hideout Kitchen Top Left;28.0058
0;0x5d;0x129;Gerudo's Fortress - Gerudo Valley;0x4ae;Gerudo's Fortress Breakout Bottom -> Thieves' Hideout Breakout Bottom;25.1324
0;0x5d;0x129;Gerudo's Fortress - Gerudo Valley;0x4b2;Gerudo's Fortress Breakout Top -> Thieves' Hideout Breakout Top;-1
0;0x5d;0x129;Gerudo's Fortress - Gerudo Valley;0x570;Gerudo's Fortress Jail 4 -> Thieves' Hideout Jail 4;28.708
0;0x5d;0x129;Gerudo's Fortress - Gerudo Valley;0x5f80;Caught -> Gerudo's Fortress -> Caught;11.4358
0;0x5d;0x129;Gerudo's Fortress - Gerudo Valley;0x8;Gerudo's Fortress -> Gerudo Training Ground;17.2846
0;0x5e;0x130;Haunted Wasteland - Gerudo's Fortress;0x123;Haunted Wasteland -> Desert Colossus;72.7358
0;0x5e;0x130;Haunted Wasteland - Gerudo's Fortress;0x3ac;Haunted Wasteland -> Gerudo's Fortress;5.03474
0;0x5f;0x138;Hyrule Castle - Market;0x25a;Hyrule Castle -> Market;3.45742
0;0x5f;0x138;Hyrule Castle - Market;0x400;Hyrule Castle -> Castle Courtyard;60.616
0;0x5f;0x138;Hyrule Castle - Market;0x47e0;Caught -> Hyrule Castle -> Caught;17.7356
0;0x5f;0x138;Hyrule Castle - Market;0x578;Hyrule Castle -> Din's Fire Fountain;24.3023
0;0x5f;0x138;Hyrule Castle - Market;0x5b8;Hyrule Castle -> Storms Grotto;64.2684
0;0x64;0x1381;Ganon Castle Exterior - Market;0x25a1;Ganon Castle Exterior -> Market;3.4221
0;0x64;0x1381;Ganon Castle Exterior - Market;0x467;Ganon Castle Exterior -> Inside Ganon Castle;12.7579
0;0x64;0x1381;Ganon Castle Exterior - Market;0x4c2;Ganon Castle Exterior -> Defense Upgrade Fountain;18.5791
0;0x60;0x13d;Death Mountain Trail - Kakariko;0x1003;Death Mountain Trail -> Storms Grotto;37.4266
0;0x60;0x13d;Death Mountain Trail - Kakariko;0x147;Death Mountain Trail -> Death Mountain Crater;65.9969
0;0x60;0x13d;Death Mountain Trail - Kakariko;0x14d;Death Mountain Trail -> Goron City;30.3242
0;0x60;0x13d;Death Mountain Trail - Kakariko;0x191;Death Mountain Trail -> Kakariko;2.89467
0;0x60;0x13d;Death Mountain Trail - Kakariko;0x315;Death Mountain Trail -> Magic Upgrade Fountain;66.3031
0;0x60;0x13d;Death Mountain Trail - Kakariko;0x4;Death Mountain Trail -> Dodongo Cavern;14.947
0;0x60;0x13d;Death Mountain Trail - Kakariko;0x554;Owl Drop -> Kakariko - Owl Drop;74.4808
0;0x60;0x13d;Death Mountain Trail - Kakariko;0x5fc;Death Mountain Trail -> Cow Grotto;32.409
0;0x61;0x147;Death Mountain Crater - Death Mountain Trail;0x1004;Death Mountain Crater -> Boulder Grotto;6.30687
0;0x61;0x147;Death Mountain Crater - Death Mountain Trail;0x1014;Death Mountain Crater -> Red Boulder Grotto;17.5765
0;0x61;0x147;Death Mountain Crater - Death Mountain Trail;0x165;Death Mountain Crater -> Fire Temple;27.6162
0;0x61;0x147;Death Mountain Crater - Death Mountain Trail;0x1bd;Death Mountain Crater -> Death Mountain Trail;2.94509
0;0x61;0x147;Death Mountain Crater - Death Mountain Trail;0x1c1;Death Mountain Crater -> Goron City;13.0672
0;0x61;0x147;Death Mountain Crater - Death Mountain Trail;0x4be;Death Mountain Crater -> Large Magic Upgrade Fountain;10.2527
0;0x62;0x14d;Goron City - Death Mountain Trail;0x1013;Goron City -> Open Grotto;18.4668
0;0x62;0x14d;Goron City - Death Mountain Trail;0x1b9;Goron City -> Death Mountain Trail;3.34371
0;0x62;0x14d;Goron City - Death Mountain Trail;0x246;Goron City -> Death Mountain Crater;11.8918
0;0x62;0x14d;Goron City - Death Mountain Trail;0x37c;Goron City -> Goron Shop;7.10158
0;0x62;0x14d;Goron City - Death Mountain Trail;0x4d6;Goron City -> Lost Woods;9.67275
0;0x63;0x157;Lon Lon's Ranch - Hyrule Field;0x1012;Lon Lon's Ranch -> Open Grotto;23.8567
0;0x63;0x157;Lon Lon's Ranch - Hyrule Field;0x1f9;Lon Lon's Ranch -> Hyrule Field;2.95913
0;0x63;0x157;Lon Lon's Ranch - Hyrule Field;0x28a;Jump Middle Fence -> Hyrule Field - Jump Middle Fence;25.6139
0;0x63;0x157;Lon Lon's Ranch - Hyrule Field;0x28e;Jump Right Fence -> Hyrule Field - Jump Right Fence;22.1341
0;0x63;0x157;Lon Lon's Ranch - Hyrule Field;0x292;Jump Left Fence -> Hyrule Field - Jump Left Fence;14.1075
0;0x63;0x157;Lon Lon's Ranch - Hyrule Field;0x2f9;Lon Lon's Ranch -> Stables;7.80124
0;0x63;0x157;Lon Lon's Ranch - Hyrule Field;0x4f;Lon Lon's Ranch -> Lon Lon's Ranch House;5.0165
0;0x63;0x157;Lon Lon's Ranch - Hyrule Field;0x5d0;Lon Lon's Ranch -> Silo;28.1713
0;0x4;0x165;Fire Temple - Death Mountain Crater;0x24a;Fire Temple -> Death Mountain Crater;2.72154
0;0x4;0x165;Fire Temple - Death Mountain Crater;0x305;Fire Temple -> Volvagia's Lair - Fire Temple;28.7888
0;0x3;0x169;Forest Temple - Sacred Forest Meadow;0x215;Forest Temple -> Sacred Forest Meadow;3.48065
0;0x3;0x169;Forest Temple - Sacred Forest Meadow;0xc;Forest Temple -> Phantom Ganon's Lair - Forest Temple;35.7964
0;0x3;0x169;Forest Temple - Sacred Forest Meadow;0xf10;Forest Temple -> Wallmaster - West Corridor;97.829
0;0x3;0x169;Forest Temple - Sacred Forest Meadow;0xf11;Forest Temple -> Wallmaster - East Corridor;111.286
0;0x90;0x16d;Shooting - Market;0x1cd;Shooting -> Market;2.47649
0;0x94;0x171;Temple of Time Entryway - Market;0x25e;Temple of Time Entryway Entrance -> Market;3.4321
0;0x94;0x171;Temple of Time Entryway - Market;0x53;Temple of Time Entryway -> Temple of Time;5.6957
0;0x51;0x17d;Hyrule Field - Kakariko;0x1006;Hyrule Field -> Southeast Grotto;52.4285
0;0x51;0x17d;Hyrule Field - Kakariko;0x1007;Hyrule Field -> Open Grotto;65.0377
0;0x51;0x17d;Hyrule Field - Kakariko;0x1008;Hyrule Field -> Near Market Grotto;28.3003
0;0x51;0x17d;Hyrule Field - Kakariko;0x100a;Hyrule Field -> Fairy Fountain Grotto;47.5483
0;0x51;0x17d;Hyrule Field - Kakariko;0x102;Hyrule Field -> Lake Hylia;76.6196
0;0x51;0x17d;Hyrule Field - Kakariko;0x117;Hyrule Field -> Gerudo Valley;75.1785
0;0x51;0x17d;Hyrule Field - Kakariko;0x157;Hyrule Field -> Lon Lon's Ranch;37.3112
0;0x51;0x17d;Hyrule Field - Kakariko;0x1d9;Hyrule Field Water -> Zora River;24.659
0;0x51;0x17d;Hyrule Field - Kakariko;0x276;Hyrule Field -> Market Entrance;21.069
0;0x51;0x17d;Hyrule Field - Kakariko;0x4de;Hyrule Field -> Lost Woods Bridge;39.9897
0;0x51;0x17d;Hyrule Field - Kakariko;0x598;Hyrule Field -> Tree Grotto Near Kakariko;11.8799
0;0x51;0x17d;Hyrule Field - Kakariko;0x59c;Hyrule Field -> Scrub Grotto;70.0096
0;0x51;0x17d;Hyrule Field - Kakariko;0x5a8;Hyrule Field -> Grotto Near Gerudo Valley;71.9624
0;0x51;0x17d;Hyrule Field - Kakariko;0x5c0;Hyrule Field -> Tektite Grotto;44.6713
0;0x51;0x17d;Hyrule Field - Kakariko;0xdb;Hyrule Field -> Kakariko;2.57131
0;0x51;0x17d;Hyrule Field - Kakariko;0xea;Hyrule Field -> Zora River;24.1593
0;0x51;0x17d;Hyrule Field - Kakariko;0xfff02;Serenade of Water -> Serenade of Water;12.2211
0;0x51;0x181;Hyrule Field - Zora River;0x1006;Hyrule Field -> Southeast Grotto;46.9104
0;0x51;0x181;Hyrule Field - Zora River;0x1007;Hyrule Field -> Open Grotto;59.1293
0;0x51;0x181;Hyrule Field - Zora River;0x1008;Hyrule Field -> Near Market Grotto;35.7762
0;0x51;0x181;Hyrule Field - Zora River;0x100a;Hyrule Field -> Fairy Fountain Grotto;54.1703
0;0x51;0x181;Hyrule Field - Zora River;0x102;Hyrule Field -> Lake Hylia;76.2311
0;0x51;0x181;Hyrule Field - Zora River;0x117;Hyrule Field -> Gerudo Valley;75.2631
0;0x51;0x181;Hyrule Field - Zora River;0x157;Hyrule Field -> Lon Lon's Ranch;34.273
0;0x51;0x181;Hyrule Field - Zora River;0x1d9;Hyrule Field Water -> Zora River;6.73298
0;0x51;0x181;Hyrule Field - Zora River;0x276;Hyrule Field -> Market Entrance;33.8402
0;0x51;0x181;Hyrule Field - Zora River;0x4de;Hyrule Field -> Lost Woods Bridge;29.4934
0;0x51;0x181;Hyrule Field - Zora River;0x598;Hyrule Field -> Tree Grotto Near Kakariko;25.4024
0;0x51;0x181;Hyrule Field - Zora River;0x59c;Hyrule Field -> Scrub Grotto;65.996
0;0x51;0x181;Hyrule Field - Zora River;0x5a8;Hyrule Field -> Grotto Near Gerudo Valley;72.8521
0;0x51;0x181;Hyrule Field - Zora River;0x5c0;Hyrule Field -> Tektite Grotto;46.5119
0;0x51;0x181;Hyrule Field - Zora River;0xdb;Hyrule Field -> Kakariko;19.3181
0;0x51;0x181;Hyrule Field - Zora River;0xea;Hyrule Field -> Zora River;2.76533
0;0x51;0x185;Hyrule Field - Lost Woods Bridge;0x1006;Hyrule Field -> Southeast Grotto;37.1351
0;0x51;0x185;Hyrule Field - Lost Woods Bridge;0x1007;Hyrule Field -> Open Grotto;47.6654
0;0x51;0x185;Hyrule Field - Lost Woods Bridge;0x1008;Hyrule Field -> Near Market Grotto;41.8611
0;0x51;0x185;Hyrule Field - Lost Woods Bridge;0x100a;Hyrule Field -> Fairy Fountain Grotto;55.1584
0;0x51;0x185;Hyrule Field - Lost Woods Bridge;0x102;Hyrule Field -> Lake Hylia;68.4523
0;0x51;0x185;Hyrule Field - Lost Woods Bridge;0x117;Hyrule Field -> Gerudo Valley;65.7103
0;0x51;0x185;Hyrule Field - Lost Woods Bridge;0x157;Hyrule Field -> Lon Lon's Ranch;32.5441
0;0x51;0x185;Hyrule Field - Lost Woods Bridge;0x1d9;Hyrule Field Water -> Zora River;27.8525
0;0x51;0x185;Hyrule Field - Lost Woods Bridge;0x276;Hyrule Field -> Market Entrance;38.6675
0;0x51;0x185;Hyrule Field - Lost Woods Bridge;0x4de;Hyrule Field -> Lost Woods Bridge;3.52654
0;0x51;0x185;Hyrule Field - Lost Woods Bridge;0x598;Hyrule Field -> Tree Grotto Near Kakariko;42.7908
0;0x51;0x185;Hyrule Field - Lost Woods Bridge;0x59c;Hyrule Field -> Scrub Grotto;53.6601
0;0x51;0x185;Hyrule Field - Lost Woods Bridge;0x5a8;Hyrule Field -> Grotto Near Gerudo Valley;63.4764
0;0x51;0x185;Hyrule Field - Lost Woods Bridge;0x5c0;Hyrule Field -> Tektite Grotto;49.4007
0;0x51;0x185;Hyrule Field - Lost Woods Bridge;0xdb;Hyrule Field -> Kakariko;37.8452
0;0x51;0x185;Hyrule Field - Lost Woods Bridge;0xea;Hyrule Field -> Zora River;30.0532
0;0x51;0x189;Hyrule Field - Lake Hylia;0x1006;Hyrule Field -> Southeast Grotto;35.1202
0;0x51;0x189;Hyrule Field - Lake Hylia;0x1007;Hyrule Field -> Open Grotto;20.853
0;0x51;0x189;Hyrule Field - Lake Hylia;0x1008;Hyrule Field -> Near Market Grotto;71.4133
0;0x51;0x189;Hyrule Field - Lake Hylia;0x100a;Hyrule Field -> Fairy Fountain Grotto;72.0325
0;0x51;0x189;Hyrule Field - Lake Hylia;0x102;Hyrule Field -> Lake Hylia;4.73014
0;0x51;0x189;Hyrule Field - Lake Hylia;0x102;Hyrule Field -> Lake Hylia;4.72596
0;0x51;0x189;Hyrule Field - Lake Hylia;0x117;Hyrule Field -> Gerudo Valley;46.6141
0;0x51;0x189;Hyrule Field - Lake Hylia;0x157;Hyrule Field -> Lon Lon's Ranch;50.6961
0;0x51;0x189;Hyrule Field - Lake Hylia;0x1d9;Hyrule Field Water -> Zora River;71.9953
0;0x51;0x189;Hyrule Field - Lake Hylia;0x276;Hyrule Field -> Market Entrance;73.3842
0;0x51;0x189;Hyrule Field - Lake Hylia;0x4de;Hyrule Field -> Lost Woods Bridge;64.0442
0;0x51;0x189;Hyrule Field - Lake Hylia;0x598;Hyrule Field -> Tree Grotto Near Kakariko;75.901
0;0x51;0x189;Hyrule Field - Lake Hylia;0x59c;Hyrule Field -> Scrub Grotto;18.3833
0;0x51;0x189;Hyrule Field - Lake Hylia;0x5a8;Hyrule Field -> Grotto Near Gerudo Valley;45.9663
0;0x51;0x189;Hyrule Field - Lake Hylia;0x5c0;Hyrule Field -> Tektite Grotto;57.3417
0;0x51;0x189;Hyrule Field - Lake Hylia;0xdb;Hyrule Field -> Kakariko;77.6119
0;0x51;0x189;Hyrule Field - Lake Hylia;0xea;Hyrule Field -> Zora River;74.8274
0;0x51;0x18d;Hyrule Field - Gerudo Valley;0x1006;Hyrule Field -> Southeast Grotto;44.9773
0;0x51;0x18d;Hyrule Field - Gerudo Valley;0x1007;Hyrule Field -> Open Grotto;37.5668
0;0x51;0x18d;Hyrule Field - Gerudo Valley;0x1008;Hyrule Field -> Near Market Grotto;50.7894
0;0x51;0x18d;Hyrule Field - Gerudo Valley;0x100a;Hyrule Field -> Fairy Fountain Grotto;48.2786
0;0x51;0x18d;Hyrule Field - Gerudo Valley;0x102;Hyrule Field -> Lake Hylia;48.3216
0;0x51;0x18d;Hyrule Field - Gerudo Valley;0x117;Hyrule Field -> Gerudo Valley;2.97991
0;0x51;0x18d;Hyrule Field - Gerudo Valley;0x157;Hyrule Field -> Lon Lon's Ranch;39.3931
0;0x51;0x18d;Hyrule Field - Gerudo Valley;0x1d9;Hyrule Field Water -> Zora River;69.19
0;0x51;0x18d;Hyrule Field - Gerudo Valley;0x276;Hyrule Field -> Market Entrance;52.8242
0;0x51;0x18d;Hyrule Field - Gerudo Valley;0x4de;Hyrule Field -> Lost Woods Bridge;68.2121
0;0x51;0x18d;Hyrule Field - Gerudo Valley;0x598;Hyrule Field -> Tree Grotto Near Kakariko;63.0248
0;0x51;0x18d;Hyrule Field - Gerudo Valley;0x59c;Hyrule Field -> Scrub Grotto;40.3278
0;0x51;0x18d;Hyrule Field - Gerudo Valley;0x5a8;Hyrule Field -> Grotto Near Gerudo Valley;12.8464
0;0x51;0x18d;Hyrule Field - Gerudo Valley;0x5c0;Hyrule Field -> Tektite Grotto;33.7858
0;0x51;0x18d;Hyrule Field - Gerudo Valley;0xdb;Hyrule Field -> Kakariko;65.4576
0;0x51;0x18d;Hyrule Field - Gerudo Valley;0xea;Hyrule Field -> Zora River;70.8903
0;0x52;0x191;Kakariko - Death Mountain Trail;0x1002;Kakariko -> Open Grotto;12.8892
0;0x52;0x191;Kakariko - Death Mountain Trail;0x13d;Kakariko -> Death Mountain Trail;2.79283
0;0x52;0x191;Kakariko - Death Mountain Trail;0x17d;Kakariko -> Hyrule Field;18.381
0;0x52;0x191;Kakariko - Death Mountain Trail;0x2fd;Kakariko -> Carpenter's Boss House;11.3206
0;0x52;0x191;Kakariko - Death Mountain Trail;0x384;Kakariko -> Potion Shop;6.86281
0;0x52;0x191;Kakariko - Death Mountain Trail;0x39c;Kakariko -> Impa's House;19.5167
0;0x52;0x191;Kakariko - Death Mountain Trail;0x3b;Kakariko -> Shooting;14.2463
0;0x52;0x191;Kakariko - Death Mountain Trail;0x3ec;Kakariko Shop Back -> Potion Shop Back;15.413
0;0x52;0x191;Kakariko - Death Mountain Trail;0x453;Kakariko -> Windmill;19.5415
0;0x52;0x191;Kakariko - Death Mountain Trail;0x550;Kakariko -> House of Skulltula;15.0987
0;0x52;0x191;Kakariko - Death Mountain Trail;0x5a0;Kakariko -> Redead Grotto;12.0901
0;0x52;0x191;Kakariko - Death Mountain Trail;0x5c8;Kakariko -> Impa's House Back;20.2162
0;0x52;0x191;Kakariko - Death Mountain Trail;0x72;Kakariko -> Granny Potion Shop;16.1565
0;0x52;0x191;Kakariko - Death Mountain Trail;0x98;Kakariko -> Bottom of the Well;17.1502
0;0x52;0x191;Kakariko - Death Mountain Trail;0xb7;Kakariko -> Bazaar;6.16458
0;0x52;0x191;Kakariko - Death Mountain Trail;0xe4;Kakariko -> Graveyard;18.9912
0;0x52;0x195;Kakariko - Graveyard;0x1002;Kakariko -> Open Grotto;13.3575
0;0x52;0x195;Kakariko - Graveyard;0x13d;Kakariko -> Death Mountain Trail;21.5311
0;0x52;0x195;Kakariko - Graveyard;0x17d;Kakariko -> Hyrule Field;19.638
0;0x52;0x195;Kakariko - Graveyard;0x2fd;Kakariko -> Carpenter's Boss House;10.9423
0;0x52;0x195;Kakariko - Graveyard;0x384;Kakariko -> Potion Shop;17.4062
0;0x52;0x195;Kakariko - Graveyard;0x39c;Kakariko -> Impa's House;15.8756
0;0x52;0x195;Kakariko - Graveyard;0x3b;Kakariko -> Shooting;10.2421
0;0x52;0x195;Kakariko - Graveyard;0x3ec;Kakariko Shop Back -> Potion Shop Back;20.8818
0;0x52;0x195;Kakariko - Graveyard;0x453;Kakariko -> Windmill;8.07675
0;0x52;0x195;Kakariko - Graveyard;0x550;Kakariko -> House of Skulltula;9.74286
0;0x52;0x195;Kakariko - Graveyard;0x5a0;Kakariko -> Redead Grotto;13.0929
0;0x52;0x195;Kakariko - Graveyard;0x5c8;Kakariko -> Impa's House Back;12.9495
0;0x52;0x195;Kakariko - Graveyard;0x72;Kakariko -> Granny Potion Shop;10.7263
0;0x52;0x195;Kakariko - Graveyard;0x98;Kakariko -> Bottom of the Well;11.2958
0;0x52;0x195;Kakariko - Graveyard;0xb7;Kakariko -> Bazaar;16.7666
0;0x52;0x195;Kakariko - Graveyard;0xe4;Kakariko -> Graveyard;3.13299
0;0x54;0x19d;Zora River - Zora Domain;0x1005;Zora River -> Open Grotto;31.5735
0;0x54;0x19d;Zora River - Zora Domain;0x100b;Zora River -> Fairy Fountain Grotto;32.7027
0;0x54;0x19d;Zora River - Zora Domain;0x100f;Zora River -> Storms Grotto;41.7192
0;0x54;0x19d;Zora River - Zora Domain;0x108;Zora River -> Zora Domain;3.01699
0;0x54;0x19d;Zora River - Zora Domain;0x181;Zora River -> Hyrule Field;39.7443
0;0x54;0x19d;Zora River - Zora Domain;0x311;Zora River Water -> Hyrule Field;39.6611
0;0x54;0x19d;Zora River - Zora Domain;0x4da;Zora River -> Lost Woods;8.41374
0;0x58;0x1a1;Zora Domain - Zora Fountain;0x100c;Zora Domain -> Fairy Fountain Grotto;27.0677
0;0x58;0x1a1;Zora Domain - Zora Fountain;0x19d;Zora Domain -> Zora River;20.2856
0;0x58;0x1a1;Zora Domain - Zora Fountain;0x225;Zora Domain -> Zora Fountain;2.85166
0;0x58;0x1a1;Zora Domain - Zora Fountain;0x380;Zora Domain -> Zora Shop;16.4911
0;0x58;0x1a1;Zora Domain - Zora Fountain;0x560;Zora's Domain Shortcut -> Lake Hylia;14.5294
0;0x5a;0x1a5;Gerudo's Valley - Trapdoor - Trapdoor;0x1010;Gerudo Valley -> Storms Grotto;-1
0;0x5a;0x1a5;Gerudo's Valley - Trapdoor - Trapdoor;0x129;Gerudo Valley -> Gerudo's Fortress;-1
0;0x5a;0x1a5;Gerudo's Valley - Trapdoor - Trapdoor;0x18d;Gerudo Valley -> Hyrule Field;-1
0;0x5a;0x1a5;Gerudo's Valley - Trapdoor - Trapdoor;0x1a50;Caught -> Gerudo's Valley -> Caught;-1
0;0x5a;0x1a5;Gerudo's Valley - Trapdoor - Trapdoor;0x219;Waterfalls -> Lake Hylia - Waterfalls;6.60773
0;0x5a;0x1a5;Gerudo's Valley - Trapdoor - Trapdoor;0x3a0;Gerudo Valley -> Carpenter's Tent;-1
0;0x5a;0x1a5;Gerudo's Valley - Trapdoor - Trapdoor;0x5ac;Gerudo Valley -> Octorok Grotto;-1
0;0x5b;0x1a9;Lost Woods - Sacred Forest Meadow;0x1001;Lost Woods -> Boulder Grotto Near Goron City;14.0747
0;0x5b;0x1a9;Lost Woods - Sacred Forest Meadow;0x185;Lost Woods Bridge -> Hyrule Field;30.8883
0;0x5b;0x1a9;Lost Woods - Sacred Forest Meadow;0x1dd;Lost Woods -> Zora River;16.0787
0;0x5b;0x1a9;Lost Woods - Sacred Forest Meadow;0x20d;Lost Woods Bridge -> Kokiri Forest ;30.5946
0;0x5b;0x1a9;Lost Woods - Sacred Forest Meadow;0x286;Lost Woods -> Kokiri Forest;6.18854
0;0x5b;0x1a9;Lost Woods - Sacred Forest Meadow;0x286;Lost Woods -> Kokiri Forest;5.64169
0;0x5b;0x1a9;Lost Woods - Sacred Forest Meadow;0x4e2;Lost Woods -> Goron City;15.8362
0;0x5b;0x1a9;Lost Woods - Sacred Forest Meadow;0x5b0;Lost Woods -> Scrub Upgrade Grotto;3.00531
0;0x5b;0x1a9;Lost Woods - Sacred Forest Meadow;0x5c4;Lost Woods -> Deku's Theater;13.6262
0;0x5b;0x1a9;Lost Woods - Sacred Forest Meadow;0xfc;Lost Woods -> Sacred Forest Meadow;4.45863
0;0x60;0x1b9;Death Mountain Trail - Goron City;0x1003;Death Mountain Trail -> Storms Grotto;16.3738
0;0x60;0x1b9;Death Mountain Trail - Goron City;0x147;Death Mountain Trail -> Death Mountain Crater;62.4244
0;0x60;0x1b9;Death Mountain Trail - Goron City;0x14d;Death Mountain Trail -> Goron City;2.93313
0;0x60;0x1b9;Death Mountain Trail - Goron City;0x191;Death Mountain Trail -> Kakariko;25.107
0;0x60;0x1b9;Death Mountain Trail - Goron City;0x315;Death Mountain Trail -> Magic Upgrade Fountain;60.4361
0;0x60;0x1b9;Death Mountain Trail - Goron City;0x4;Death Mountain Trail -> Dodongo Cavern;14.9532
0;0x60;0x1b9;Death Mountain Trail - Goron City;0x554;Owl Drop -> Kakariko - Owl Drop;64.156
0;0x60;0x1b9;Death Mountain Trail - Goron City;0x5fc;Death Mountain Trail -> Cow Grotto;30.9468
0;0x60;0x1bd;Death Mountain Trail - Death Mountain Crater;0x1003;Death Mountain Trail -> Storms Grotto;33.2135
0;0x60;0x1bd;Death Mountain Trail - Death Mountain Crater;0x147;Death Mountain Trail -> Death Mountain Crater;3.15546
0;0x60;0x1bd;Death Mountain Trail - Death Mountain Crater;0x14d;Death Mountain Trail -> Goron City;23.529
0;0x60;0x1bd;Death Mountain Trail - Death Mountain Crater;0x191;Death Mountain Trail -> Kakariko;40.8281
0;0x60;0x1bd;Death Mountain Trail - Death Mountain Crater;0x315;Death Mountain Trail -> Magic Upgrade Fountain;4.26528
0;0x60;0x1bd;Death Mountain Trail - Death Mountain Crater;0x4;Death Mountain Trail -> Dodongo Cavern;38.7468
0;0x60;0x1bd;Death Mountain Trail - Death Mountain Crater;0x554;Owl Drop -> Kakariko - Owl Drop;7.13192
0;0x60;0x1bd;Death Mountain Trail - Death Mountain Crater;0x5fc;Death Mountain Trail -> Cow Grotto;22.5564
0;0x62;0x1c1;Goron City - Death Mountain Crater;0x1013;Goron City -> Open Grotto;36.6913
0;0x62;0x1c1;Goron City - Death Mountain Crater;0x1b9;Goron City -> Death Mountain Trail;24.4255
0;0x62;0x1c1;Goron City - Death Mountain Crater;0x246;Goron City -> Death Mountain Crater;2.51991
0;0x62;0x1c1;Goron City - Death Mountain Crater;0x37c;Goron City -> Goron Shop;9.20901
0;0x62;0x1c1;Goron City - Death Mountain Crater;0x4d6;Goron City -> Lost Woods;19.1592
0;0x98;0x1cd;Market - Shooting;0x138;Market -> Hyrule Castle;4.19005
0;0x98;0x1cd;Market - Shooting;0x1381;Market -> Ganon Castle Exterior;4.19005
0;0x98;0x1cd;Market - Shooting;0x16d;Market -> Shooting;2.86915
0;0x98;0x1cd;Market - Shooting;0x171;Market -> Temple of Time Entryway;5.39793
0;0x98;0x1cd;Market - Shooting;0x29a;Market Treasure Game Side -> Back Alley Treasure Game Side;6.53771
0;0x98;0x1cd;Market - Shooting;0x33;Market -> Market Entrance;8.56244
0;0x98;0x1cd;Market - Shooting;0x388;Market -> Potion Shop;6.84935
0;0x98;0x1cd;Market - Shooting;0x507;Market -> Bombchu Bowling;5.03457
0;0x98;0x1cd;Market - Shooting;0x52c;Market -> Bazaar;6.83559
0;0x98;0x1cd;Market - Shooting;0x530;Market -> Mask Shop;5.74052
0;0x98;0x1cd;Market - Shooting;0x63;Market -> Treasure Game;17.9119
0;0x98;0x1cd;Market - Shooting;0xad;Market Shooting Side -> Back Alley Shooting Side;3.13288
0;0x98;0x1d1;Market - Mask Shop;0x138;Market -> Hyrule Castle;4.50194
0;0x98;0x1d1;Market - Mask Shop;0x1381;Market -> Ganon Castle Exterior;4.64977
0;0x98;0x1d1;Market - Mask Shop;0x16d;Market -> Shooting;5.21568
0;0x98;0x1d1;Market - Mask Shop;0x171;Market -> Temple of Time Entryway;3.2518
0;0x98;0x1d1;Market - Mask Shop;0x29a;Market Treasure Game Side -> Back Alley Treasure Game Side;7.61269
0;0x98;0x1d1;Market - Mask Shop;0x33;Market -> Market Entrance;7.05338
0;0x98;0x1d1;Market - Mask Shop;0x388;Market -> Potion Shop;4.52705
0;0x98;0x1d1;Market - Mask Shop;0x507;Market -> Bombchu Bowling;7.4715
0;0x98;0x1d1;Market - Mask Shop;0x52c;Market -> Bazaar;5.71458
0;0x98;0x1d1;Market - Mask Shop;0x530;Market -> Mask Shop;2.86316
0;0x98;0x1d1;Market - Mask Shop;0x63;Market -> Treasure Game;8.66063
0;0x98;0x1d1;Market - Mask Shop;0xad;Market Shooting Side -> Back Alley Shooting Side;5.66668
0;0x98;0x1d5;Market - Treasure Game;0x138;Market -> Hyrule Castle;7.64776
0;0x98;0x1d5;Market - Treasure Game;0x1381;Market -> Ganon Castle Exterior;7.64776
0;0x98;0x1d5;Market - Treasure Game;0x16d;Market -> Shooting;17.164
0;0x98;0x1d5;Market - Treasure Game;0x171;Market -> Temple of Time Entryway;8.30423
0;0x98;0x1d5;Market - Treasure Game;0x29a;Market Treasure Game Side -> Back Alley Treasure Game Side;2.3326
0;0x98;0x1d5;Market - Treasure Game;0x33;Market -> Market Entrance;4.83541
0;0x98;0x1d5;Market - Treasure Game;0x388;Market -> Potion Shop;17.4191
0;0x98;0x1d5;Market - Treasure Game;0x507;Market -> Bombchu Bowling;16.8884
0;0x98;0x1d5;Market - Treasure Game;0x52c;Market -> Bazaar;16.4124
0;0x98;0x1d5;Market - Treasure Game;0x530;Market -> Mask Shop;8.7686
0;0x98;0x1d5;Market - Treasure Game;0x530;Market -> Mask Shop;186.245
0;0x98;0x1d5;Market - Treasure Game;0x63;Market -> Treasure Game;2.84358
0;0x98;0x1d5;Market - Treasure Game;0xad;Market Shooting Side -> Back Alley Shooting Side;6.84386
0;0x54;0x1d9;Zora River - Hyrule Field Water;0x1005;Zora River -> Open Grotto;41.5885
0;0x54;0x1d9;Zora River - Hyrule Field Water;0x100b;Zora River -> Fairy Fountain Grotto;46.572
0;0x54;0x1d9;Zora River - Hyrule Field Water;0x100f;Zora River -> Storms Grotto;18.2434
0;0x54;0x1d9;Zora River - Hyrule Field Water;0x108;Zora River -> Zora Domain;66.9764
0;0x54;0x1d9;Zora River - Hyrule Field Water;0x181;Zora River -> Hyrule Field;3.74743
0;0x54;0x1d9;Zora River - Hyrule Field Water;0x311;Zora River Water -> Hyrule Field;3.91428
0;0x54;0x1d9;Zora River - Hyrule Field Water;0x4da;Zora River -> Lost Woods;52.236
0;0x54;0x1dd;Zora River - Lost Woods;0x1005;Zora River -> Open Grotto;36.5735
0;0x54;0x1dd;Zora River - Lost Woods;0x100b;Zora River -> Fairy Fountain Grotto;37.5692
0;0x54;0x1dd;Zora River - Lost Woods;0x100f;Zora River -> Storms Grotto;46.7192
0;0x54;0x1dd;Zora River - Lost Woods;0x108;Zora River -> Zora Domain;16.5579
0;0x54;0x1dd;Zora River - Lost Woods;0x181;Zora River -> Hyrule Field;44.7443
0;0x54;0x1dd;Zora River - Lost Woods;0x311;Zora River Water -> Hyrule Field;44.6611
0;0x54;0x1dd;Zora River - Lost Woods;0x4da;Zora River -> Lost Woods;3.7627
0;0x5c;0x1e1;Desert Colossus - Spirit Temple;0x1011;Desert Colossus -> Silver Boulder Grotto;12.5431
0;0x5c;0x1e1;Desert Colossus - Spirit Temple;0x365;Desert Colossus -> Haunted Wasteland;22.8353
0;0x5c;0x1e1;Desert Colossus - Spirit Temple;0x3f0;Silver Gauntlet -> Spirit Temple;-1
0;0x5c;0x1e1;Desert Colossus - Spirit Temple;0x3f4;Miror Shield -> Spirit Temple;-1
0;0x5c;0x1e1;Desert Colossus - Spirit Temple;0x588;Desert Colossus -> Nayru's Love Fountain;17.7589
0;0x5c;0x1e1;Desert Colossus - Spirit Temple;0x82;Desert Colossus -> Spirit Temple;3.01853
0;0x5c;0x1e5;Desert Colossus - Silver Gauntlet;0x1011;Desert Colossus -> Silver Boulder Grotto;15.9641
0;0x5c;0x1e5;Desert Colossus - Silver Gauntlet;0x365;Desert Colossus -> Haunted Wasteland;24.4366
0;0x5c;0x1e5;Desert Colossus - Silver Gauntlet;0x3f0;Silver Gauntlet -> Spirit Temple;2.40171
0;0x5c;0x1e5;Desert Colossus - Silver Gauntlet;0x3f4;Miror Shield -> Spirit Temple;8.0572
0;0x5c;0x1e5;Desert Colossus - Silver Gauntlet;0x588;Desert Colossus -> Nayru's Love Fountain;18.9205
0;0x5c;0x1e5;Desert Colossus - Silver Gauntlet;0x82;Desert Colossus -> Spirit Temple;6.89247
0;0x5c;0x1e9;Desert Colossus - Miror Shield;0x1011;Desert Colossus -> Silver Boulder Grotto;14.1104
0;0x5c;0x1e9;Desert Colossus - Miror Shield;0x365;Desert Colossus -> Haunted Wasteland;24.7569
0;0x5c;0x1e9;Desert Colossus - Miror Shield;0x3f0;Silver Gauntlet -> Spirit Temple;9.12694
0;0x5c;0x1e9;Desert Colossus - Miror Shield;0x3f4;Miror Shield -> Spirit Temple;2.97395
0;0x5c;0x1e9;Desert Colossus - Miror Shield;0x588;Desert Colossus -> Nayru's Love Fountain;18.7808
0;0x5c;0x1e9;Desert Colossus - Miror Shield;0x82;Desert Colossus -> Spirit Temple;6.59874
0;0x5c;0x1f1;Desert Colossus - Warp Song - Requiem of Spirit;0x1011;Desert Colossus -> Silver Boulder Grotto;9.81912
0;0x5c;0x1f1;Desert Colossus - Warp Song - Requiem of Spirit;0x365;Desert Colossus -> Haunted Wasteland;21.8457
0;0x5c;0x1f1;Desert Colossus - Warp Song - Requiem of Spirit;0x3f0;Silver Gauntlet -> Spirit Temple;-1
0;0x5c;0x1f1;Desert Colossus - Warp Song - Requiem of Spirit;0x3f4;Miror Shield -> Spirit Temple;-1
0;0x5c;0x1f1;Desert Colossus - Warp Song - Requiem of Spirit;0x588;Desert Colossus -> Nayru's Love Fountain;14.793
0;0x5c;0x1f1;Desert Colossus - Warp Song - Requiem of Spirit;0x82;Desert Colossus -> Spirit Temple;11.5452
0;0x51;0x1f9;Hyrule Field - Lon Lon's Ranch;0x1006;Hyrule Field -> Southeast Grotto;30.6333
0;0x51;0x1f9;Hyrule Field - Lon Lon's Ranch;0x1007;Hyrule Field -> Open Grotto;39.6342
0;0x51;0x1f9;Hyrule Field - Lon Lon's Ranch;0x1008;Hyrule Field -> Near Market Grotto;22.6499
0;0x51;0x1f9;Hyrule Field - Lon Lon's Ranch;0x100a;Hyrule Field -> Fairy Fountain Grotto;31.4853
0;0x51;0x1f9;Hyrule Field - Lon Lon's Ranch;0x102;Hyrule Field -> Lake Hylia;54.2706
0;0x51;0x1f9;Hyrule Field - Lon Lon's Ranch;0x117;Hyrule Field -> Gerudo Valley;44.9194
0;0x51;0x1f9;Hyrule Field - Lon Lon's Ranch;0x157;Hyrule Field -> Lon Lon's Ranch;2.65531
0;0x51;0x1f9;Hyrule Field - Lon Lon's Ranch;0x1d9;Hyrule Field Water -> Zora River;38.9073
0;0x51;0x1f9;Hyrule Field - Lon Lon's Ranch;0x276;Hyrule Field -> Market Entrance;24.1015
0;0x51;0x1f9;Hyrule Field - Lon Lon's Ranch;0x4de;Hyrule Field -> Lost Woods Bridge;33.8646
0;0x51;0x1f9;Hyrule Field - Lon Lon's Ranch;0x598;Hyrule Field -> Tree Grotto Near Kakariko;32.9534
0;0x51;0x1f9;Hyrule Field - Lon Lon's Ranch;0x59c;Hyrule Field -> Scrub Grotto;44.3315
0;0x51;0x1f9;Hyrule Field - Lon Lon's Ranch;0x5a8;Hyrule Field -> Grotto Near Gerudo Valley;42.5876
0;0x51;0x1f9;Hyrule Field - Lon Lon's Ranch;0x5c0;Hyrule Field -> Tektite Grotto;21.7991
0;0x51;0x1f9;Hyrule Field - Lon Lon's Ranch;0xdb;Hyrule Field -> Kakariko;37.6538
0;0x51;0x1f9;Hyrule Field - Lon Lon's Ranch;0xea;Hyrule Field -> Zora River;38.3584
0;0x51;0x1fd;Hyrule Field - Market Entrance;0x1006;Hyrule Field -> Southeast Grotto;46.5997
0;0x51;0x1fd;Hyrule Field - Market Entrance;0x1007;Hyrule Field -> Open Grotto;56.3803
0;0x51;0x1fd;Hyrule Field - Market Entrance;0x1008;Hyrule Field -> Near Market Grotto;9.80144
0;0x51;0x1fd;Hyrule Field - Market Entrance;0x100a;Hyrule Field -> Fairy Fountain Grotto;28.3409
0;0x51;0x1fd;Hyrule Field - Market Entrance;0x102;Hyrule Field -> Lake Hylia;71.1428
0;0x51;0x1fd;Hyrule Field - Market Entrance;0x117;Hyrule Field -> Gerudo Valley;58.3283
0;0x51;0x1fd;Hyrule Field - Market Entrance;0x157;Hyrule Field -> Lon Lon's Ranch;22.8216
0;0x51;0x1fd;Hyrule Field - Market Entrance;0x1d9;Hyrule Field Water -> Zora River;34.3452
0;0x51;0x1fd;Hyrule Field - Market Entrance;0x276;Hyrule Field -> Market Entrance;2.96331
0;0x51;0x1fd;Hyrule Field - Market Entrance;0x4de;Hyrule Field -> Lost Woods Bridge;39.1482
0;0x51;0x1fd;Hyrule Field - Market Entrance;0x598;Hyrule Field -> Tree Grotto Near Kakariko;16.9643
0;0x51;0x1fd;Hyrule Field - Market Entrance;0x59c;Hyrule Field -> Scrub Grotto;60.4601
0;0x51;0x1fd;Hyrule Field - Market Entrance;0x5a8;Hyrule Field -> Grotto Near Gerudo Valley;56.0042
0;0x51;0x1fd;Hyrule Field - Market Entrance;0x5c0;Hyrule Field -> Tektite Grotto;25.912
0;0x51;0x1fd;Hyrule Field - Market Entrance;0xdb;Hyrule Field -> Kakariko;19.0363
0;0x51;0x1fd;Hyrule Field - Market Entrance;0xea;Hyrule Field -> Zora River;31.1731
0;0x52;0x201;Kakariko - Bazaar;0x1002;Kakariko -> Open Grotto;17.8892
0;0x52;0x201;Kakariko - Bazaar;0x13d;Kakariko -> Death Mountain Trail;6.71332
0;0x52;0x201;Kakariko - Bazaar;0x17d;Kakariko -> Hyrule Field;13.381
0;0x52;0x201;Kakariko - Bazaar;0x2fd;Kakariko -> Carpenter's Boss House;5.3206
0;0x52;0x201;Kakariko - Bazaar;0x384;Kakariko -> Potion Shop;4.96095
0;0x52;0x201;Kakariko - Bazaar;0x39c;Kakariko -> Impa's House;14.5167
0;0x52;0x201;Kakariko - Bazaar;0x3b;Kakariko -> Shooting;9.2463
0;0x52;0x201;Kakariko - Bazaar;0x3ec;Kakariko Shop Back -> Potion Shop Back;20.413
0;0x52;0x201;Kakariko - Bazaar;0x453;Kakariko -> Windmill;14.5415
0;0x52;0x201;Kakariko - Bazaar;0x550;Kakariko -> House of Skulltula;10.0987
0;0x52;0x201;Kakariko - Bazaar;0x5a0;Kakariko -> Redead Grotto;9.2741
0;0x52;0x201;Kakariko - Bazaar;0x5c8;Kakariko -> Impa's House Back;15.2162
0;0x52;0x201;Kakariko - Bazaar;0x72;Kakariko -> Granny Potion Shop;21.1565
0;0x52;0x201;Kakariko - Bazaar;0x98;Kakariko -> Bottom of the Well;12.1502
0;0x52;0x201;Kakariko - Bazaar;0xb7;Kakariko -> Bazaar;2.89493
0;0x52;0x201;Kakariko - Bazaar;0xe4;Kakariko -> Graveyard;13.9912
0;0x53;0x205;Graveyard - Shadow Temple;0x195;Graveyard -> Kakariko;19.941
0;0x53;0x205;Graveyard - Shadow Temple;0x2d;Graveyard -> Royal Family Tomb;11.223
0;0x53;0x205;Graveyard - Shadow Temple;0x30d;Graveyard -> Dampe's House;19.4142
0;0x53;0x205;Graveyard - Shadow Temple;0x31c;Graveyard -> Redead Tomb;19.1394
0;0x53;0x205;Graveyard - Shadow Temple;0x37;Graveyard -> Shadow Temple;2.99357
0;0x53;0x205;Graveyard - Shadow Temple;0x44f;Graveyard -> Dampe's Tomb;23.6348
0;0x53;0x205;Graveyard - Shadow Temple;0x4b;Graveyard -> Fairy Fountain Tomb;22.5434
0;0x55;0x209;Kokiri Forest - Deku Tree;0x0;Kokiri Forest -> Deku Tree;3.80128
0;0x55;0x209;Kokiri Forest - Deku Tree;0x1000;Kokiri Forest -> Storms Grotto;44.9625
0;0x55;0x209;Kokiri Forest - Deku Tree;0x11e;Kokiri Forest -> Lost Woods;35.203
0;0x55;0x209;Kokiri Forest - Deku Tree;0x272;Kokiri Forest -> Link's House;29.6669
0;0x55;0x209;Kokiri Forest - Deku Tree;0x433;Kokiri Forest -> Mido's House;22.3386
0;0x55;0x209;Kokiri Forest - Deku Tree;0x437;Kokiri Forest -> Saria's House;19.7025
0;0x55;0x209;Kokiri Forest - Deku Tree;0x5e0;Kokiri Forest Bridge -> Lost Woods;26.5041
0;0x55;0x209;Kokiri Forest - Deku Tree;0x9c;Kokiri Forest -> Twin's House;15.9549
0;0x55;0x209;Kokiri Forest - Deku Tree;0xc1;Kokiri Forest -> Kokiri Shop;16.2121
0;0x55;0x209;Kokiri Forest - Deku Tree;0xc9;Kokiri Forest -> Know-It-All Brothers;24.7542
0;0x55;0x20d;Kokiri Forest  - Lost Woods Bridge;0x0;Kokiri Forest -> Deku Tree;26.3081
0;0x55;0x20d;Kokiri Forest  - Lost Woods Bridge;0x1000;Kokiri Forest -> Storms Grotto;25.4746
0;0x55;0x20d;Kokiri Forest  - Lost Woods Bridge;0x11e;Kokiri Forest -> Lost Woods;18.9355
0;0x55;0x20d;Kokiri Forest  - Lost Woods Bridge;0x272;Kokiri Forest -> Link's House;14.8124
0;0x55;0x20d;Kokiri Forest  - Lost Woods Bridge;0x433;Kokiri Forest -> Mido's House;5.84016
0;0x55;0x20d;Kokiri Forest  - Lost Woods Bridge;0x437;Kokiri Forest -> Saria's House;9.64559
0;0x55;0x20d;Kokiri Forest  - Lost Woods Bridge;0x5e0;Kokiri Forest Bridge -> Lost Woods;3.58211
0;0x55;0x20d;Kokiri Forest  - Lost Woods Bridge;0x9c;Kokiri Forest -> Twin's House;11.1237
0;0x55;0x20d;Kokiri Forest  - Lost Woods Bridge;0xc1;Kokiri Forest -> Kokiri Shop;10.8976
0;0x55;0x20d;Kokiri Forest  - Lost Woods Bridge;0xc9;Kokiri Forest -> Know-It-All Brothers;6.10287
0;0x55;0x211;Kokiri Forest  - Link's House;0x0;Kokiri Forest -> Deku Tree;24.7823
0;0x55;0x211;Kokiri Forest  - Link's House;0x1000;Kokiri Forest -> Storms Grotto;32.389
0;0x55;0x211;Kokiri Forest  - Link's House;0x11e;Kokiri Forest -> Lost Woods;24.0838
0;0x55;0x211;Kokiri Forest  - Link's House;0x272;Kokiri Forest -> Link's House;2.05736
0;0x55;0x211;Kokiri Forest  - Link's House;0x433;Kokiri Forest -> Mido's House;9.05705
0;0x55;0x211;Kokiri Forest  - Link's House;0x437;Kokiri Forest -> Saria's House;8.3998
0;0x55;0x211;Kokiri Forest  - Link's House;0x5e0;Kokiri Forest Bridge -> Lost Woods;15.7837
0;0x55;0x211;Kokiri Forest  - Link's House;0x9c;Kokiri Forest -> Twin's House;9.13233
0;0x55;0x211;Kokiri Forest  - Link's House;0xc1;Kokiri Forest -> Kokiri Shop;11.1474
0;0x55;0x211;Kokiri Forest  - Link's House;0xc9;Kokiri Forest -> Know-It-All Brothers;11.9845
0;0x56;0x215;Sacred Forest Meadow - Forest Temple;0x1009;Sacred Forest Meadow -> Fairy Fountain Grotto;20.5518
0;0x56;0x215;Sacred Forest Meadow - Forest Temple;0x100e;Sacred Forest Meadow -> Storms Grotto;14.7571
0;0x56;0x215;Sacred Forest Meadow - Forest Temple;0x169;Sacred Forest Meadow -> Forest Temple;3.19559
0;0x56;0x215;Sacred Forest Meadow - Forest Temple;0x1a9;Sacred Forest Meadow -> Lost Woods;29.9442
0;0x56;0x215;Sacred Forest Meadow - Forest Temple;0x5b4;Sacred Forest Meadow -> Wolfos Grotto;30.5522
0;0x57;0x219;Lake Hylia - Waterfalls - Waterfalls;0x10;Lake Hylia -> Water Temple;31.9211
0;0x57;0x219;Lake Hylia - Waterfalls - Waterfalls;0x1015;Lake Hylia -> Under Tomb Grotto;29.5519
0;0x57;0x219;Lake Hylia - Waterfalls - Waterfalls;0x189;Lake Hylia -> Hyrule Field;24.7819
0;0x57;0x219;Lake Hylia - Waterfalls - Waterfalls;0x27e;Owl Drop -> Hyrule Field - Owl Drop;25.3761
0;0x57;0x219;Lake Hylia - Waterfalls - Waterfalls;0x328;Lake Hylia's Shortcut -> Zora Domain;24.3308
0;0x57;0x219;Lake Hylia - Waterfalls - Waterfalls;0x43;Lake Hylia -> Laboratory;19.4395
0;0x57;0x219;Lake Hylia - Waterfalls - Waterfalls;0x45f;Lake Hylia -> Fishing Pond;37.2866
0;0x57;0x21d;Lake Hylia - Water Temple;0x10;Lake Hylia -> Water Temple;14.1999
0;0x57;0x21d;Lake Hylia - Water Temple;0x1015;Lake Hylia -> Under Tomb Grotto;26.9753
0;0x57;0x21d;Lake Hylia - Water Temple;0x189;Lake Hylia -> Hyrule Field;39.22
0;0x57;0x21d;Lake Hylia - Water Temple;0x27e;Owl Drop -> Hyrule Field - Owl Drop;23.6282
0;0x57;0x21d;Lake Hylia - Water Temple;0x328;Lake Hylia's Shortcut -> Zora Domain;26.3535
0;0x57;0x21d;Lake Hylia - Water Temple;0x43;Lake Hylia -> Laboratory;33.7127
0;0x57;0x21d;Lake Hylia - Water Temple;0x45f;Lake Hylia -> Fishing Pond;33.9202
0;0x59;0x221;Zora Fountain - Jabu-Jabu;0x1a1;Zora Fountain -> Zora Domain;6.26973
0;0x59;0x221;Zora Fountain - Jabu-Jabu;0x28;Zora Fountain -> Inside Jabu-Jabu;3.01191
0;0x59;0x221;Zora Fountain - Jabu-Jabu;0x371;Zora Fountain -> Farore's Wind Fountain;18.1856
0;0x59;0x221;Zora Fountain - Jabu-Jabu;0x88;Zora Fountain -> Ice Cavern;27.2014
0;0x59;0x225;Zora Fountain - Zora Domain;0x1a1;Zora Fountain -> Zora Domain;3.47247
0;0x59;0x225;Zora Fountain - Zora Domain;0x28;Zora Fountain -> Inside Jabu-Jabu;7.02337
0;0x59;0x225;Zora Fountain - Zora Domain;0x371;Zora Fountain -> Farore's Wind Fountain;21.3982
0;0x59;0x225;Zora Fountain - Zora Domain;0x88;Zora Fountain -> Ice Cavern;29.4782
0;0x5a;0x22d;Gerudo Valley - Gerudo's Fortress;0x1010;Gerudo Valley -> Storms Grotto;18.0732
0;0x5a;0x22d;Gerudo Valley - Gerudo's Fortress;0x129;Gerudo Valley -> Gerudo's Fortress;3.2315
0;0x5a;0x22d;Gerudo Valley - Gerudo's Fortress;0x18d;Gerudo Valley -> Hyrule Field;24.4337
0;0x5a;0x22d;Gerudo Valley - Gerudo's Fortress;0x18d;Gerudo Valley -> Hyrule Field;24.2712
0;0x5a;0x22d;Gerudo Valley - Gerudo's Fortress;0x1a50;Caught -> Gerudo's Valley -> Caught;15.3502
0;0x5a;0x22d;Gerudo Valley - Gerudo's Fortress;0x219;Waterfalls -> Lake Hylia - Waterfalls;24.1007
0;0x5a;0x22d;Gerudo Valley - Gerudo's Fortress;0x3a0;Gerudo Valley -> Carpenter's Tent;9.24119
0;0x5a;0x22d;Gerudo Valley - Gerudo's Fortress;0x5ac;Gerudo Valley -> Octorok Grotto;25.1135
0;0x5d;0x231;Gerudo's Fortress Jail 1 Left - Thieves' Hideout Jail 1 Left;0x100d;Gerudo's Fortress -> Fairy Fountain Grotto;14.482
0;0x5d;0x231;Gerudo's Fortress Jail 1 Left - Thieves' Hideout Jail 1 Left;0x130;Gerudo's Fortress -> Haunted Wasteland;12.4168
0;0x5d;0x231;Gerudo's Fortress Jail 1 Left - Thieves' Hideout Jail 1 Left;0x22d;Gerudo's Fortress -> Gerudo Valley;13.4728
0;0x5d;0x231;Gerudo's Fortress Jail 1 Left - Thieves' Hideout Jail 1 Left;0x486;Gerudo's Fortress Jail 1 Left -> Thieves' Hideout Jail 1 Left;3.02244
0;0x5d;0x231;Gerudo's Fortress Jail 1 Left - Thieves' Hideout Jail 1 Left;0x48a;Gerudo's Fortress Jail 1 Right -> Thieves' Hideout Jail 1 Right;7.49959
0;0x5d;0x231;Gerudo's Fortress Jail 1 Left - Thieves' Hideout Jail 1 Left;0x48e;Gerudo's Fortress Kitchen Bottom -> Thieves' Hideout Kitchen Bottom;7.24322
0;0x5d;0x231;Gerudo's Fortress Jail 1 Left - Thieves' Hideout Jail 1 Left;0x48e;Gerudo's Fortress Kitchen Bottom -> Thieves' Hideout Kitchen Bottom;9.75978
0;0x5d;0x231;Gerudo's Fortress Jail 1 Left - Thieves' Hideout Jail 1 Left;0x492;Gerudo's Fortress Kitchen Bottom to Top -> Thieves' Hideout Kitchen Bottom to Top;15.1797
0;0x5d;0x231;Gerudo's Fortress Jail 1 Left - Thieves' Hideout Jail 1 Left;0x496;Gerudo's Fortress Jail 3 Bottom -> Thieves' Hideout Jail 3 Bottom;7.18494
0;0x5d;0x231;Gerudo's Fortress Jail 1 Left - Thieves' Hideout Jail 1 Left;0x49a;Gerudo's Fortress Jail 3 Top -> Thieves' Hideout Jail 3 Top;17.6045
0;0x5d;0x231;Gerudo's Fortress Jail 1 Left - Thieves' Hideout Jail 1 Left;0x49e;Gerudo's Fortress Jail 2 Bottom -> Thieves' Hideout Jail 2 Bottom;13.5844
0;0x5d;0x231;Gerudo's Fortress Jail 1 Left - Thieves' Hideout Jail 1 Left;0x4a2;Gerudo's Fortress Jail 2 Top -> Thieves' Hideout Jail 2 Top;23.1565
0;0x5d;0x231;Gerudo's Fortress Jail 1 Left - Thieves' Hideout Jail 1 Left;0x4a6;Gerudo's Fortress Kitchen Top Right -> Thieves' Hideout Kitchen Top Right;21.8334
0;0x5d;0x231;Gerudo's Fortress Jail 1 Left - Thieves' Hideout Jail 1 Left;0x4aa;Gerudo's Fortress Kitchen Top Left -> Thieves' Hideout Kitchen Top Left;23.0933
0;0x5d;0x231;Gerudo's Fortress Jail 1 Left - Thieves' Hideout Jail 1 Left;0x4ae;Gerudo's Fortress Breakout Bottom -> Thieves' Hideout Breakout Bottom;14.4391
0;0x5d;0x231;Gerudo's Fortress Jail 1 Left - Thieves' Hideout Jail 1 Left;0x4b2;Gerudo's Fortress Breakout Top -> Thieves' Hideout Breakout Top;-1
0;0x5d;0x231;Gerudo's Fortress Jail 1 Left - Thieves' Hideout Jail 1 Left;0x570;Gerudo's Fortress Jail 4 -> Thieves' Hideout Jail 4;25.0751
0;0x5d;0x231;Gerudo's Fortress Jail 1 Left - Thieves' Hideout Jail 1 Left;0x5f80;Caught -> Gerudo's Fortress -> Caught;6.8791
0;0x5d;0x231;Gerudo's Fortress Jail 1 Left - Thieves' Hideout Jail 1 Left;0x5f80;Caught -> Gerudo's Fortress -> Caught;7.80592
0;0x5d;0x231;Gerudo's Fortress Jail 1 Left - Thieves' Hideout Jail 1 Left;0x8;Gerudo's Fortress -> Gerudo Training Ground;14.5208
0;0x5d;0x235;Gerudo's Fortress Jail 1 Right - Thieves' Hideout Jail 1 Right;0x100d;Gerudo's Fortress -> Fairy Fountain Grotto;12.1873
0;0x5d;0x235;Gerudo's Fortress Jail 1 Right - Thieves' Hideout Jail 1 Right;0x130;Gerudo's Fortress -> Haunted Wasteland;14.8317
0;0x5d;0x235;Gerudo's Fortress Jail 1 Right - Thieves' Hideout Jail 1 Right;0x22d;Gerudo's Fortress -> Gerudo Valley;12.3318
0;0x5d;0x235;Gerudo's Fortress Jail 1 Right - Thieves' Hideout Jail 1 Right;0x486;Gerudo's Fortress Jail 1 Left -> Thieves' Hideout Jail 1 Left;6.33445
0;0x5d;0x235;Gerudo's Fortress Jail 1 Right - Thieves' Hideout Jail 1 Right;0x48a;Gerudo's Fortress Jail 1 Right -> Thieves' Hideout Jail 1 Right;2.62856
0;0x5d;0x235;Gerudo's Fortress Jail 1 Right - Thieves' Hideout Jail 1 Right;0x48e;Gerudo's Fortress Kitchen Bottom -> Thieves' Hideout Kitchen Bottom;3.43138
0;0x5d;0x235;Gerudo's Fortress Jail 1 Right - Thieves' Hideout Jail 1 Right;0x492;Gerudo's Fortress Kitchen Bottom to Top -> Thieves' Hideout Kitchen Bottom to Top;12.3204
0;0x5d;0x235;Gerudo's Fortress Jail 1 Right - Thieves' Hideout Jail 1 Right;0x496;Gerudo's Fortress Jail 3 Bottom -> Thieves' Hideout Jail 3 Bottom;4.29755
0;0x5d;0x235;Gerudo's Fortress Jail 1 Right - Thieves' Hideout Jail 1 Right;0x49a;Gerudo's Fortress Jail 3 Top -> Thieves' Hideout Jail 3 Top;14.9426
0;0x5d;0x235;Gerudo's Fortress Jail 1 Right - Thieves' Hideout Jail 1 Right;0x49e;Gerudo's Fortress Jail 2 Bottom -> Thieves' Hideout Jail 2 Bottom;10.1103
0;0x5d;0x235;Gerudo's Fortress Jail 1 Right - Thieves' Hideout Jail 1 Right;0x4a2;Gerudo's Fortress Jail 2 Top -> Thieves' Hideout Jail 2 Top;20.226
0;0x5d;0x235;Gerudo's Fortress Jail 1 Right - Thieves' Hideout Jail 1 Right;0x4a6;Gerudo's Fortress Kitchen Top Right -> Thieves' Hideout Kitchen Top Right;19.0484
0;0x5d;0x235;Gerudo's Fortress Jail 1 Right - Thieves' Hideout Jail 1 Right;0x4aa;Gerudo's Fortress Kitchen Top Left -> Thieves' Hideout Kitchen Top Left;22.8389
0;0x5d;0x235;Gerudo's Fortress Jail 1 Right - Thieves' Hideout Jail 1 Right;0x4ae;Gerudo's Fortress Breakout Bottom -> Thieves' Hideout Breakout Bottom;23.5348
0;0x5d;0x235;Gerudo's Fortress Jail 1 Right - Thieves' Hideout Jail 1 Right;0x4b2;Gerudo's Fortress Breakout Top -> Thieves' Hideout Breakout Top;-1
0;0x5d;0x235;Gerudo's Fortress Jail 1 Right - Thieves' Hideout Jail 1 Right;0x570;Gerudo's Fortress Jail 4 -> Thieves' Hideout Jail 4;23.0314
0;0x5d;0x235;Gerudo's Fortress Jail 1 Right - Thieves' Hideout Jail 1 Right;0x5f80;Caught -> Gerudo's Fortress -> Caught;6.51678
0;0x5d;0x235;Gerudo's Fortress Jail 1 Right - Thieves' Hideout Jail 1 Right;0x8;Gerudo's Fortress -> Gerudo Training Ground;12.2536
0;0x5d;0x239;Gerudo's Fortress Kitchen Bottom - Thieves' Hideout Kitchen Bottom;0x100d;Gerudo's Fortress -> Fairy Fountain Grotto;16.5201
0;0x5d;0x239;Gerudo's Fortress Kitchen Bottom - Thieves' Hideout Kitchen Bottom;0x130;Gerudo's Fortress -> Haunted Wasteland;15.546
0;0x5d;0x239;Gerudo's Fortress Kitchen Bottom - Thieves' Hideout Kitchen Bottom;0x22d;Gerudo's Fortress -> Gerudo Valley;13.0356
0;0x5d;0x239;Gerudo's Fortress Kitchen Bottom - Thieves' Hideout Kitchen Bottom;0x486;Gerudo's Fortress Jail 1 Left -> Thieves' Hideout Jail 1 Left;7.04303
0;0x5d;0x239;Gerudo's Fortress Kitchen Bottom - Thieves' Hideout Kitchen Bottom;0x48a;Gerudo's Fortress Jail 1 Right -> Thieves' Hideout Jail 1 Right;3.33167
0;0x5d;0x239;Gerudo's Fortress Kitchen Bottom - Thieves' Hideout Kitchen Bottom;0x48e;Gerudo's Fortress Kitchen Bottom -> Thieves' Hideout Kitchen Bottom;2.6274
0;0x5d;0x239;Gerudo's Fortress Kitchen Bottom - Thieves' Hideout Kitchen Bottom;0x492;Gerudo's Fortress Kitchen Bottom to Top -> Thieves' Hideout Kitchen Bottom to Top;13.0395
0;0x5d;0x239;Gerudo's Fortress Kitchen Bottom - Thieves' Hideout Kitchen Bottom;0x496;Gerudo's Fortress Jail 3 Bottom -> Thieves' Hideout Jail 3 Bottom;5.01102
0;0x5d;0x239;Gerudo's Fortress Kitchen Bottom - Thieves' Hideout Kitchen Bottom;0x49a;Gerudo's Fortress Jail 3 Top -> Thieves' Hideout Jail 3 Top;15.9024
0;0x5d;0x239;Gerudo's Fortress Kitchen Bottom - Thieves' Hideout Kitchen Bottom;0x49e;Gerudo's Fortress Jail 2 Bottom -> Thieves' Hideout Jail 2 Bottom;10.8654
0;0x5d;0x239;Gerudo's Fortress Kitchen Bottom - Thieves' Hideout Kitchen Bottom;0x4a2;Gerudo's Fortress Jail 2 Top -> Thieves' Hideout Jail 2 Top;21.7126
0;0x5d;0x239;Gerudo's Fortress Kitchen Bottom - Thieves' Hideout Kitchen Bottom;0x4a6;Gerudo's Fortress Kitchen Top Right -> Thieves' Hideout Kitchen Top Right;19.5205
0;0x5d;0x239;Gerudo's Fortress Kitchen Bottom - Thieves' Hideout Kitchen Bottom;0x4aa;Gerudo's Fortress Kitchen Top Left -> Thieves' Hideout Kitchen Top Left;26.5674
0;0x5d;0x239;Gerudo's Fortress Kitchen Bottom - Thieves' Hideout Kitchen Bottom;0x4ae;Gerudo's Fortress Breakout Bottom -> Thieves' Hideout Breakout Bottom;17.601
0;0x5d;0x239;Gerudo's Fortress Kitchen Bottom - Thieves' Hideout Kitchen Bottom;0x4b2;Gerudo's Fortress Breakout Top -> Thieves' Hideout Breakout Top;-1
0;0x5d;0x239;Gerudo's Fortress Kitchen Bottom - Thieves' Hideout Kitchen Bottom;0x570;Gerudo's Fortress Jail 4 -> Thieves' Hideout Jail 4;23.3518
0;0x5d;0x239;Gerudo's Fortress Kitchen Bottom - Thieves' Hideout Kitchen Bottom;0x5f80;Caught -> Gerudo's Fortress -> Caught;8.54792
0;0x5d;0x239;Gerudo's Fortress Kitchen Bottom - Thieves' Hideout Kitchen Bottom;0x8;Gerudo's Fortress -> Gerudo Training Ground;12.6274
0;0x64;0x23d;Ganon Castle Exterior - Ganon Castle;0x25a1;Ganon Castle Exterior -> Market;8.04393
0;0x64;0x23d;Ganon Castle Exterior - Ganon Castle;0x467;Ganon Castle Exterior -> Inside Ganon Castle;2.55607
0;0x64;0x23d;Ganon Castle Exterior - Ganon Castle;0x4c2;Ganon Castle Exterior -> Defense Upgrade Fountain;16.4352
0;0x60;0x242;Death Mountain Trail - Dodongo Cavern;0x1003;Death Mountain Trail -> Storms Grotto;31.2726
0;0x60;0x242;Death Mountain Trail - Dodongo Cavern;0x147;Death Mountain Trail -> Death Mountain Crater;63.7395
0;0x60;0x242;Death Mountain Trail - Dodongo Cavern;0x14d;Death Mountain Trail -> Goron City;21.7508
0;0x60;0x242;Death Mountain Trail - Dodongo Cavern;0x191;Death Mountain Trail -> Kakariko;15.7995
0;0x60;0x242;Death Mountain Trail - Dodongo Cavern;0x315;Death Mountain Trail -> Magic Upgrade Fountain;59.9068
0;0x60;0x242;Death Mountain Trail - Dodongo Cavern;0x4;Death Mountain Trail -> Dodongo Cavern;4.7038
0;0x60;0x242;Death Mountain Trail - Dodongo Cavern;0x554;Owl Drop -> Kakariko - Owl Drop;63.5148
0;0x60;0x242;Death Mountain Trail - Dodongo Cavern;0x5fc;Death Mountain Trail -> Cow Grotto;28.9041
0;0x61;0x246;Death Mountain Crater - Goron City;0x1004;Death Mountain Crater -> Boulder Grotto;17.4043
0;0x61;0x246;Death Mountain Crater - Goron City;0x1014;Death Mountain Crater -> Red Boulder Grotto;8.24193
0;0x61;0x246;Death Mountain Crater - Goron City;0x165;Death Mountain Crater -> Fire Temple;18.7551
0;0x61;0x246;Death Mountain Crater - Goron City;0x1bd;Death Mountain Crater -> Death Mountain Trail;21.7522
0;0x61;0x246;Death Mountain Crater - Goron City;0x1c1;Death Mountain Crater -> Goron City;2.91487
0;0x61;0x246;Death Mountain Crater - Goron City;0x4be;Death Mountain Crater -> Large Magic Upgrade Fountain;6.12812
0;0x61;0x24a;Death Mountain Crater - Fire Temple;0x1004;Death Mountain Crater -> Boulder Grotto;53.1719
0;0x61;0x24a;Death Mountain Crater - Fire Temple;0x1014;Death Mountain Crater -> Red Boulder Grotto;37.359
0;0x61;0x24a;Death Mountain Crater - Fire Temple;0x165;Death Mountain Crater -> Fire Temple;2.56714
0;0x61;0x24a;Death Mountain Crater - Fire Temple;0x1bd;Death Mountain Crater -> Death Mountain Trail;54.771
0;0x61;0x24a;Death Mountain Crater - Fire Temple;0x1c1;Death Mountain Crater -> Goron City;34.9344
0;0x61;0x24a;Death Mountain Crater - Fire Temple;0x4be;Death Mountain Crater -> Large Magic Upgrade Fountain;38.4133
0;0x98;0x25a;Market - Hyrule Castle;0x138;Market -> Hyrule Castle;3.03988
0;0x98;0x25a;Market - Hyrule Castle;0x1381;Market -> Ganon Castle Exterior;-1
0;0x98;0x25a;Market - Hyrule Castle;0x16d;Market -> Shooting;4.12937
0;0x98;0x25a;Market - Hyrule Castle;0x171;Market -> Temple of Time Entryway;5.45234
0;0x98;0x25a;Market - Hyrule Castle;0x29a;Market Treasure Game Side -> Back Alley Treasure Game Side;6.98656
0;0x98;0x25a;Market - Hyrule Castle;0x33;Market -> Market Entrance;7.46971
0;0x98;0x25a;Market - Hyrule Castle;0x388;Market -> Potion Shop;5.746
0;0x98;0x25a;Market - Hyrule Castle;0x507;Market -> Bombchu Bowling;5.95975
0;0x98;0x25a;Market - Hyrule Castle;0x52c;Market -> Bazaar;7.20522
0;0x98;0x25a;Market - Hyrule Castle;0x530;Market -> Mask Shop;5.14647
0;0x98;0x25a;Market - Hyrule Castle;0x63;Market -> Treasure Game;8.52092
0;0x98;0x25a;Market - Hyrule Castle;0xad;Market Shooting Side -> Back Alley Shooting Side;4.23208
0;0x98;0x25a1;Market - Ganon Castle Exterior;0x138;Market -> Hyrule Castle;-1
0;0x98;0x25a1;Market - Ganon Castle Exterior;0x1381;Market -> Ganon Castle Exterior;2.94887
0;0x98;0x25a1;Market - Ganon Castle Exterior;0x16d;Market -> Shooting;-1
0;0x98;0x25a1;Market - Ganon Castle Exterior;0x171;Market -> Temple of Time Entryway;4.0978
0;0x98;0x25a1;Market - Ganon Castle Exterior;0x29a;Market Treasure Game Side -> Back Alley Treasure Game Side;-1
0;0x98;0x25a1;Market - Ganon Castle Exterior;0x33;Market -> Market Entrance;7.44305
0;0x98;0x25a1;Market - Ganon Castle Exterior;0x388;Market -> Potion Shop;-1
0;0x98;0x25a1;Market - Ganon Castle Exterior;0x507;Market -> Bombchu Bowling;-1
0;0x98;0x25a1;Market - Ganon Castle Exterior;0x52c;Market -> Bazaar;-1
0;0x98;0x25a1;Market - Ganon Castle Exterior;0x530;Market -> Mask Shop;-1
0;0x98;0x25a1;Market - Ganon Castle Exterior;0x63;Market -> Treasure Game;-1
0;0x98;0x25a1;Market - Ganon Castle Exterior;0xad;Market Shooting Side -> Back Alley Shooting Side;-1
0;0x98;0x25e;Market - Temple of Time Entryway Entrance;0x138;Market -> Hyrule Castle;5.35562
0;0x98;0x25e;Market - Temple of Time Entryway Entrance;0x1381;Market -> Ganon Castle Exterior;4.67695
0;0x98;0x25e;Market - Temple of Time Entryway Entrance;0x16d;Market -> Shooting;6.49753
0;0x98;0x25e;Market - Temple of Time Entryway Entrance;0x171;Market -> Temple of Time Entryway;2.48948
0;0x98;0x25e;Market - Temple of Time Entryway Entrance;0x29a;Market Treasure Game Side -> Back Alley Treasure Game Side;7.65168
0;0x98;0x25e;Market - Temple of Time Entryway Entrance;0x33;Market -> Market Entrance;6.21678
0;0x98;0x25e;Market - Temple of Time Entryway Entrance;0x388;Market -> Potion Shop;3.85604
0;0x98;0x25e;Market - Temple of Time Entryway Entrance;0x507;Market -> Bombchu Bowling;6.16593
0;0x98;0x25e;Market - Temple of Time Entryway Entrance;0x52c;Market -> Bazaar;5.01343
0;0x98;0x25e;Market - Temple of Time Entryway Entrance;0x530;Market -> Mask Shop;4.2332
0;0x98;0x25e;Market - Temple of Time Entryway Entrance;0x63;Market -> Treasure Game;7.4527
0;0x98;0x25e;Market - Temple of Time Entryway Entrance;0xad;Market Shooting Side -> Back Alley Shooting Side;6.22094
0;0x98;0x262;Market Shooting Side - Back Alley Shooting Side;0x138;Market -> Hyrule Castle;4.34074
0;0x98;0x262;Market Shooting Side - Back Alley Shooting Side;0x1381;Market -> Ganon Castle Exterior;4.34074
0;0x98;0x262;Market Shooting Side - Back Alley Shooting Side;0x16d;Market -> Shooting;3.1824
0;0x98;0x262;Market Shooting Side - Back Alley Shooting Side;0x171;Market -> Temple of Time Entryway;5.94584
0;0x98;0x262;Market Shooting Side - Back Alley Shooting Side;0x171;Market -> Temple of Time Entryway;5.52411
0;0x98;0x262;Market Shooting Side - Back Alley Shooting Side;0x29a;Market Treasure Game Side -> Back Alley Treasure Game Side;6.61905
0;0x98;0x262;Market Shooting Side - Back Alley Shooting Side;0x33;Market -> Market Entrance;7.40993
0;0x98;0x262;Market Shooting Side - Back Alley Shooting Side;0x388;Market -> Potion Shop;6.98633
0;0x98;0x262;Market Shooting Side - Back Alley Shooting Side;0x507;Market -> Bombchu Bowling;4.72047
0;0x98;0x262;Market Shooting Side - Back Alley Shooting Side;0x52c;Market -> Bazaar;6.37036
0;0x98;0x262;Market Shooting Side - Back Alley Shooting Side;0x530;Market -> Mask Shop;6.53505
0;0x98;0x262;Market Shooting Side - Back Alley Shooting Side;0x63;Market -> Treasure Game;7.62535
0;0x98;0x262;Market Shooting Side - Back Alley Shooting Side;0xad;Market Shooting Side -> Back Alley Shooting Side;2.93555
0;0x55;0x266;Kokiri Forest - Kokiri Shop;0x0;Kokiri Forest -> Deku Tree;19.0499
0;0x55;0x266;Kokiri Forest - Kokiri Shop;0x1000;Kokiri Forest -> Storms Grotto;30.8366
0;0x55;0x266;Kokiri Forest - Kokiri Shop;0x11e;Kokiri Forest -> Lost Woods;22.5447
0;0x55;0x266;Kokiri Forest - Kokiri Shop;0x272;Kokiri Forest -> Link's House;14.4935
0;0x55;0x266;Kokiri Forest - Kokiri Shop;0x433;Kokiri Forest -> Mido's House;8.23272
0;0x55;0x266;Kokiri Forest - Kokiri Shop;0x437;Kokiri Forest -> Saria's House;5.16357
0;0x55;0x266;Kokiri Forest - Kokiri Shop;0x5e0;Kokiri Forest Bridge -> Lost Woods;13.3618
0;0x55;0x266;Kokiri Forest - Kokiri Shop;0x9c;Kokiri Forest -> Twin's House;4.90204
0;0x55;0x266;Kokiri Forest - Kokiri Shop;0xc1;Kokiri Forest -> Kokiri Shop;2.11556
0;0x55;0x266;Kokiri Forest - Kokiri Shop;0xc9;Kokiri Forest -> Know-It-All Brothers;13.2219
0;0x55;0x26a;Kokiri Forest - Know-It-All Brothers;0x0;Kokiri Forest -> Deku Tree;25.1142
0;0x55;0x26a;Kokiri Forest - Know-It-All Brothers;0x1000;Kokiri Forest -> Storms Grotto;28.5711
0;0x55;0x26a;Kokiri Forest - Know-It-All Brothers;0x11e;Kokiri Forest -> Lost Woods;19.4532
0;0x55;0x26a;Kokiri Forest - Know-It-All Brothers;0x272;Kokiri Forest -> Link's House;12.8545
0;0x55;0x26a;Kokiri Forest - Know-It-All Brothers;0x433;Kokiri Forest -> Mido's House;5.87147
0;0x55;0x26a;Kokiri Forest - Know-It-All Brothers;0x437;Kokiri Forest -> Saria's House;8.43798
0;0x55;0x26a;Kokiri Forest - Know-It-All Brothers;0x5e0;Kokiri Forest Bridge -> Lost Woods;7.41968
0;0x55;0x26a;Kokiri Forest - Know-It-All Brothers;0x9c;Kokiri Forest -> Twin's House;10.0983
0;0x55;0x26a;Kokiri Forest - Know-It-All Brothers;0xc1;Kokiri Forest -> Kokiri Shop;11.0604
0;0x55;0x26a;Kokiri Forest - Know-It-All Brothers;0xc9;Kokiri Forest -> Know-It-All Brothers;2.05919
0;0x93;0x26e;Market Entrance - Pot House;0x1fd;Market Entrance -> Hyrule Field;3.59703
0;0x93;0x26e;Market Entrance - Pot House;0x7e;Market Entrance -> Pot House;2.83676
0;0x93;0x26e;Market Entrance - Pot House;0xb1;Market Entrance -> Market;4.34892
0;0x34;0x272;Link's House - Kokiri Forest;0x211;Link's House -> Kokiri Forest ;1.98315
0;0x93;0x276;Market Entrance - Hyrule Field;0x1fd;Market Entrance -> Hyrule Field;5.58081
0;0x93;0x276;Market Entrance - Hyrule Field;0x7e;Market Entrance -> Pot House;3.27785
0;0x93;0x276;Market Entrance - Hyrule Field;0xb1;Market Entrance -> Market;4.89766
0;0x51;0x27e;Hyrule Field - Owl Drop - Owl Drop;0x1006;Hyrule Field -> Southeast Grotto;46.5997
0;0x51;0x27e;Hyrule Field - Owl Drop - Owl Drop;0x1007;Hyrule Field -> Open Grotto;56.3803
0;0x51;0x27e;Hyrule Field - Owl Drop - Owl Drop;0x1008;Hyrule Field -> Near Market Grotto;9.80144
0;0x51;0x27e;Hyrule Field - Owl Drop - Owl Drop;0x100a;Hyrule Field -> Fairy Fountain Grotto;28.3409
0;0x51;0x27e;Hyrule Field - Owl Drop - Owl Drop;0x102;Hyrule Field -> Lake Hylia;71.1428
0;0x51;0x27e;Hyrule Field - Owl Drop - Owl Drop;0x117;Hyrule Field -> Gerudo Valley;58.3283
0;0x51;0x27e;Hyrule Field - Owl Drop - Owl Drop;0x157;Hyrule Field -> Lon Lon's Ranch;23.6164
0;0x51;0x27e;Hyrule Field - Owl Drop - Owl Drop;0x1d9;Hyrule Field Water -> Zora River;34.3452
0;0x51;0x27e;Hyrule Field - Owl Drop - Owl Drop;0x276;Hyrule Field -> Market Entrance;5.19988
0;0x51;0x27e;Hyrule Field - Owl Drop - Owl Drop;0x4de;Hyrule Field -> Lost Woods Bridge;39.1482
0;0x51;0x27e;Hyrule Field - Owl Drop - Owl Drop;0x598;Hyrule Field -> Tree Grotto Near Kakariko;16.9643
0;0x51;0x27e;Hyrule Field - Owl Drop - Owl Drop;0x59c;Hyrule Field -> Scrub Grotto;60.4601
0;0x51;0x27e;Hyrule Field - Owl Drop - Owl Drop;0x5a8;Hyrule Field -> Grotto Near Gerudo Valley;56.0042
0;0x51;0x27e;Hyrule Field - Owl Drop - Owl Drop;0x5c0;Hyrule Field -> Tektite Grotto;25.912
0;0x51;0x27e;Hyrule Field - Owl Drop - Owl Drop;0xdb;Hyrule Field -> Kakariko;19.0363
0;0x51;0x27e;Hyrule Field - Owl Drop - Owl Drop;0xea;Hyrule Field -> Zora River;31.1731
0;0x2;0x28;Inside Jabu-Jabu - Zora Fountain;0x221;Jabu-Jabu -> Zora Fountain;2.58575
0;0x2;0x28;Inside Jabu-Jabu - Zora Fountain;0x301;Inside Jabu-Jabu -> Barinade's Lair - Inside Jabu-Jabu;24.6797
0;0x55;0x286;Kokiri Forest - Lost Woods;0x0;Kokiri Forest -> Deku Tree;26.8792
0;0x55;0x286;Kokiri Forest - Lost Woods;0x1000;Kokiri Forest -> Storms Grotto;12.1201
0;0x55;0x286;Kokiri Forest - Lost Woods;0x11e;Kokiri Forest -> Lost Woods;3.36963
0;0x55;0x286;Kokiri Forest - Lost Woods;0x272;Kokiri Forest -> Link's House;22.581
0;0x55;0x286;Kokiri Forest - Lost Woods;0x433;Kokiri Forest -> Mido's House;7.69219
0;0x55;0x286;Kokiri Forest - Lost Woods;0x437;Kokiri Forest -> Saria's House;11.8528
0;0x55;0x286;Kokiri Forest - Lost Woods;0x5e0;Kokiri Forest Bridge -> Lost Woods;9.7989
0;0x55;0x286;Kokiri Forest - Lost Woods;0x9c;Kokiri Forest -> Twin's House;12.2278
0;0x55;0x286;Kokiri Forest - Lost Woods;0xc1;Kokiri Forest -> Kokiri Shop;10.093
0;0x55;0x286;Kokiri Forest - Lost Woods;0xc9;Kokiri Forest -> Know-It-All Brothers;11.0054
0;0x51;0x28a;Hyrule Field - Jump Middle Fence - Jump Middle Fence;0x1006;Hyrule Field -> Southeast Grotto;10.1757
0;0x51;0x28a;Hyrule Field - Jump Middle Fence - Jump Middle Fence;0x1007;Hyrule Field -> Open Grotto;23.4705
0;0x51;0x28a;Hyrule Field - Jump Middle Fence - Jump Middle Fence;0x1008;Hyrule Field -> Near Market Grotto;35.0481
0;0x51;0x28a;Hyrule Field - Jump Middle Fence - Jump Middle Fence;0x100a;Hyrule Field -> Fairy Fountain Grotto;43.1372
0;0x51;0x28a;Hyrule Field - Jump Middle Fence - Jump Middle Fence;0x102;Hyrule Field -> Lake Hylia;37.4968
0;0x51;0x28a;Hyrule Field - Jump Middle Fence - Jump Middle Fence;0x117;Hyrule Field -> Gerudo Valley;33.3716
0;0x51;0x28a;Hyrule Field - Jump Middle Fence - Jump Middle Fence;0x157;Hyrule Field -> Lon Lon's Ranch;17.6921
0;0x51;0x28a;Hyrule Field - Jump Middle Fence - Jump Middle Fence;0x1d9;Hyrule Field Water -> Zora River;44.0751
0;0x51;0x28a;Hyrule Field - Jump Middle Fence - Jump Middle Fence;0x276;Hyrule Field -> Market Entrance;36.0002
0;0x51;0x28a;Hyrule Field - Jump Middle Fence - Jump Middle Fence;0x4de;Hyrule Field -> Lost Woods Bridge;35.0075
0;0x51;0x28a;Hyrule Field - Jump Middle Fence - Jump Middle Fence;0x598;Hyrule Field -> Tree Grotto Near Kakariko;50.1559
0;0x51;0x28a;Hyrule Field - Jump Middle Fence - Jump Middle Fence;0x59c;Hyrule Field -> Scrub Grotto;27.783
0;0x51;0x28a;Hyrule Field - Jump Middle Fence - Jump Middle Fence;0x5a8;Hyrule Field -> Grotto Near Gerudo Valley;31.5946
0;0x51;0x28a;Hyrule Field - Jump Middle Fence - Jump Middle Fence;0x5c0;Hyrule Field -> Tektite Grotto;34.4206
0;0x51;0x28a;Hyrule Field - Jump Middle Fence - Jump Middle Fence;0xdb;Hyrule Field -> Kakariko;51.1389
0;0x51;0x28a;Hyrule Field - Jump Middle Fence - Jump Middle Fence;0xea;Hyrule Field -> Zora River;44.4639
0;0x51;0x28e;Hyrule Field - Jump Right Fence - Jump Right Fence;0x1006;Hyrule Field -> Southeast Grotto;32.8017
0;0x51;0x28e;Hyrule Field - Jump Right Fence - Jump Right Fence;0x1007;Hyrule Field -> Open Grotto;30.3001
0;0x51;0x28e;Hyrule Field - Jump Right Fence - Jump Right Fence;0x1008;Hyrule Field -> Near Market Grotto;31.7791
0;0x51;0x28e;Hyrule Field - Jump Right Fence - Jump Right Fence;0x100a;Hyrule Field -> Fairy Fountain Grotto;32.1934
0;0x51;0x28e;Hyrule Field - Jump Right Fence - Jump Right Fence;0x102;Hyrule Field -> Lake Hylia;43.042
0;0x51;0x28e;Hyrule Field - Jump Right Fence - Jump Right Fence;0x117;Hyrule Field -> Gerudo Valley;26.5659
0;0x51;0x28e;Hyrule Field - Jump Right Fence - Jump Right Fence;0x157;Hyrule Field -> Lon Lon's Ranch;20.9253
0;0x51;0x28e;Hyrule Field - Jump Right Fence - Jump Right Fence;0x1d9;Hyrule Field Water -> Zora River;49.2289
0;0x51;0x28e;Hyrule Field - Jump Right Fence - Jump Right Fence;0x276;Hyrule Field -> Market Entrance;35.1531
0;0x51;0x28e;Hyrule Field - Jump Right Fence - Jump Right Fence;0x4de;Hyrule Field -> Lost Woods Bridge;52.3536
0;0x51;0x28e;Hyrule Field - Jump Right Fence - Jump Right Fence;0x598;Hyrule Field -> Tree Grotto Near Kakariko;43.5332
0;0x51;0x28e;Hyrule Field - Jump Right Fence - Jump Right Fence;0x59c;Hyrule Field -> Scrub Grotto;33.7787
0;0x51;0x28e;Hyrule Field - Jump Right Fence - Jump Right Fence;0x5a8;Hyrule Field -> Grotto Near Gerudo Valley;24.2973
0;0x51;0x28e;Hyrule Field - Jump Right Fence - Jump Right Fence;0x5c0;Hyrule Field -> Tektite Grotto;19.3673
0;0x51;0x28e;Hyrule Field - Jump Right Fence - Jump Right Fence;0xdb;Hyrule Field -> Kakariko;45.7709
0;0x51;0x28e;Hyrule Field - Jump Right Fence - Jump Right Fence;0xea;Hyrule Field -> Zora River;50.1569
0;0x51;0x292;Hyrule Field - Jump Left Fence - Jump Left Fence;0x1006;Hyrule Field -> Southeast Grotto;30.6333
0;0x51;0x292;Hyrule Field - Jump Left Fence - Jump Left Fence;0x1007;Hyrule Field -> Open Grotto;39.6342
0;0x51;0x292;Hyrule Field - Jump Left Fence - Jump Left Fence;0x1008;Hyrule Field -> Near Market Grotto;25.9957
0;0x51;0x292;Hyrule Field - Jump Left Fence - Jump Left Fence;0x100a;Hyrule Field -> Fairy Fountain Grotto;34.789
0;0x51;0x292;Hyrule Field - Jump Left Fence - Jump Left Fence;0x102;Hyrule Field -> Lake Hylia;54.2706
0;0x51;0x292;Hyrule Field - Jump Left Fence - Jump Left Fence;0x117;Hyrule Field -> Gerudo Valley;44.9194
0;0x51;0x292;Hyrule Field - Jump Left Fence - Jump Left Fence;0x157;Hyrule Field -> Lon Lon's Ranch;8.86252
0;0x51;0x292;Hyrule Field - Jump Left Fence - Jump Left Fence;0x1d9;Hyrule Field Water -> Zora River;36.7263
0;0x51;0x292;Hyrule Field - Jump Left Fence - Jump Left Fence;0x276;Hyrule Field -> Market Entrance;30.6586
0;0x51;0x292;Hyrule Field - Jump Left Fence - Jump Left Fence;0x4de;Hyrule Field -> Lost Woods Bridge;29.0695
0;0x51;0x292;Hyrule Field - Jump Left Fence - Jump Left Fence;0x598;Hyrule Field -> Tree Grotto Near Kakariko;34.6311
0;0x51;0x292;Hyrule Field - Jump Left Fence - Jump Left Fence;0x59c;Hyrule Field -> Scrub Grotto;44.3315
0;0x51;0x292;Hyrule Field - Jump Left Fence - Jump Left Fence;0x5a8;Hyrule Field -> Grotto Near Gerudo Valley;42.5876
0;0x51;0x292;Hyrule Field - Jump Left Fence - Jump Left Fence;0x5c0;Hyrule Field -> Tektite Grotto;31.3598
0;0x51;0x292;Hyrule Field - Jump Left Fence - Jump Left Fence;0xdb;Hyrule Field -> Kakariko;37.2423
0;0x51;0x292;Hyrule Field - Jump Left Fence - Jump Left Fence;0xea;Hyrule Field -> Zora River;37.8809
0;0x5f;0x296;Hyrule Castle - Castle Courtyard;0x25a;Hyrule Castle -> Market;24.9691
0;0x5f;0x296;Hyrule Castle - Castle Courtyard;0x400;Hyrule Castle -> Castle Courtyard;4.77149
0;0x5f;0x296;Hyrule Castle - Castle Courtyard;0x47e0;Caught -> Hyrule Castle -> Caught;14.4584
0;0x5f;0x296;Hyrule Castle - Castle Courtyard;0x578;Hyrule Castle -> Din's Fire Fountain;27.0376
0;0x5f;0x296;Hyrule Castle - Castle Courtyard;0x5b8;Hyrule Castle -> Storms Grotto;18.5287
0;0x5f;0x296;Hyrule Castle - Castle Courtyard;0xfff02;Serenade of Water -> Serenade of Water;15.467
0;0x95;0x29a;Back Alley Treasure Game Side - Market Treasure Game Side;0x262;Back Alley Shooting Side -> Market Shooting Side;10.76
0;0x95;0x29a;Back Alley Treasure Game Side - Market Treasure Game Side;0x29e;Back Alley Treasure Game Side -> Market Treasure Game Side;3.14887
0;0x95;0x29a;Back Alley Treasure Game Side - Market Treasure Game Side;0x398;Back Alley -> Dog Lady's House;3.15999
0;0x95;0x29a;Back Alley Treasure Game Side - Market Treasure Game Side;0x43b;Back Alley -> Alley House;10.9491
0;0x95;0x29a;Back Alley Treasure Game Side - Market Treasure Game Side;0x528;Back Alley -> Bombchu Shop;3.10707
0;0x98;0x29e;Market Treasure Game Side - Back Alley Treasure Game Side;0x138;Market -> Hyrule Castle;10.0473
0;0x98;0x29e;Market Treasure Game Side - Back Alley Treasure Game Side;0x1381;Market -> Ganon Castle Exterior;10.0473
0;0x98;0x29e;Market Treasure Game Side - Back Alley Treasure Game Side;0x16d;Market -> Shooting;6.83928
0;0x98;0x29e;Market Treasure Game Side - Back Alley Treasure Game Side;0x171;Market -> Temple of Time Entryway;6.59251
0;0x98;0x29e;Market Treasure Game Side - Back Alley Treasure Game Side;0x29a;Market Treasure Game Side -> Back Alley Treasure Game Side;3.08489
0;0x98;0x29e;Market Treasure Game Side - Back Alley Treasure Game Side;0x33;Market -> Market Entrance;3.92417
0;0x98;0x29e;Market Treasure Game Side - Back Alley Treasure Game Side;0x388;Market -> Potion Shop;6.6704
0;0x98;0x29e;Market Treasure Game Side - Back Alley Treasure Game Side;0x507;Market -> Bombchu Bowling;5.38243
0;0x98;0x29e;Market Treasure Game Side - Back Alley Treasure Game Side;0x52c;Market -> Bazaar;6.13369
0;0x98;0x29e;Market Treasure Game Side - Back Alley Treasure Game Side;0x530;Market -> Mask Shop;7.75293
0;0x98;0x29e;Market Treasure Game Side - Back Alley Treasure Game Side;0x63;Market -> Treasure Game;3.44309
0;0x98;0x29e;Market Treasure Game Side - Back Alley Treasure Game Side;0xad;Market Shooting Side -> Back Alley Shooting Side;1.9309
0;0x98;0x2a2;Market - Potion Shop;0x138;Market -> Hyrule Castle;5.64253
0;0x98;0x2a2;Market - Potion Shop;0x1381;Market -> Ganon Castle Exterior;5.64253
0;0x98;0x2a2;Market - Potion Shop;0x16d;Market -> Shooting;6.07686
0;0x98;0x2a2;Market - Potion Shop;0x171;Market -> Temple of Time Entryway;3.33094
0;0x98;0x2a2;Market - Potion Shop;0x29a;Market Treasure Game Side -> Back Alley Treasure Game Side;7.11531
0;0x98;0x2a2;Market - Potion Shop;0x33;Market -> Market Entrance;6.35398
0;0x98;0x2a2;Market - Potion Shop;0x388;Market -> Potion Shop;2.72418
0;0x98;0x2a2;Market - Potion Shop;0x507;Market -> Bombchu Bowling;6.07229
0;0x98;0x2a2;Market - Potion Shop;0x52c;Market -> Bazaar;4.25241
0;0x98;0x2a2;Market - Potion Shop;0x530;Market -> Mask Shop;4.28615
0;0x98;0x2a2;Market - Potion Shop;0x63;Market -> Treasure Game;17.6127
0;0x98;0x2a2;Market - Potion Shop;0xad;Market Shooting Side -> Back Alley Shooting Side;6.31257
0;0x52;0x2a6;Kakariko - Bottom of the Well;0x1002;Kakariko -> Open Grotto;29.4955
0;0x52;0x2a6;Kakariko - Bottom of the Well;0x13d;Kakariko -> Death Mountain Trail;28.986
0;0x52;0x2a6;Kakariko - Bottom of the Well;0x17d;Kakariko -> Hyrule Field;27.3731
0;0x52;0x2a6;Kakariko - Bottom of the Well;0x2fd;Kakariko -> Carpenter's Boss House;19.2262
0;0x52;0x2a6;Kakariko - Bottom of the Well;0x384;Kakariko -> Potion Shop;25.5543
0;0x52;0x2a6;Kakariko - Bottom of the Well;0x39c;Kakariko -> Impa's House;26.8206
0;0x52;0x2a6;Kakariko - Bottom of the Well;0x3b;Kakariko -> Shooting;17.1676
0;0x52;0x2a6;Kakariko - Bottom of the Well;0x3ec;Kakariko Shop Back -> Potion Shop Back;34.3474
0;0x52;0x2a6;Kakariko - Bottom of the Well;0x453;Kakariko -> Windmill;22.3032
0;0x52;0x2a6;Kakariko - Bottom of the Well;0x550;Kakariko -> House of Skulltula;20.8319
0;0x52;0x2a6;Kakariko - Bottom of the Well;0x5a0;Kakariko -> Redead Grotto;21.4487
0;0x52;0x2a6;Kakariko - Bottom of the Well;0x5c8;Kakariko -> Impa's House Back;24.0397
0;0x52;0x2a6;Kakariko - Bottom of the Well;0x72;Kakariko -> Granny Potion Shop;27.6192
0;0x52;0x2a6;Kakariko - Bottom of the Well;0x98;Kakariko -> Bottom of the Well;2.17745
0;0x52;0x2a6;Kakariko - Bottom of the Well;0xb7;Kakariko -> Bazaar;24.864
0;0x52;0x2a6;Kakariko - Bottom of the Well;0xe4;Kakariko -> Graveyard;22.4102
0;0x52;0x2a6;Kakariko - Bottom of the Well;0xfff04;Nocturne of Shadow -> Nocturne of Shadow;169.231
0;0x5d;0x2aa;Gerudo's Fortress Kitchen Bottom to Top - Thieves' Hideout Kitchen Bottom to Top;0x100d;Gerudo's Fortress -> Fairy Fountain Grotto;12.8278
0;0x5d;0x2aa;Gerudo's Fortress Kitchen Bottom to Top - Thieves' Hideout Kitchen Bottom to Top;0x130;Gerudo's Fortress -> Haunted Wasteland;16.8211
0;0x5d;0x2aa;Gerudo's Fortress Kitchen Bottom to Top - Thieves' Hideout Kitchen Bottom to Top;0x22d;Gerudo's Fortress -> Gerudo Valley;12.7046
0;0x5d;0x2aa;Gerudo's Fortress Kitchen Bottom to Top - Thieves' Hideout Kitchen Bottom to Top;0x486;Gerudo's Fortress Jail 1 Left -> Thieves' Hideout Jail 1 Left;8.1637
0;0x5d;0x2aa;Gerudo's Fortress Kitchen Bottom to Top - Thieves' Hideout Kitchen Bottom to Top;0x48a;Gerudo's Fortress Jail 1 Right -> Thieves' Hideout Jail 1 Right;5.3624
0;0x5d;0x2aa;Gerudo's Fortress Kitchen Bottom to Top - Thieves' Hideout Kitchen Bottom to Top;0x48e;Gerudo's Fortress Kitchen Bottom -> Thieves' Hideout Kitchen Bottom;4.3387
0;0x5d;0x2aa;Gerudo's Fortress Kitchen Bottom to Top - Thieves' Hideout Kitchen Bottom to Top;0x492;Gerudo's Fortress Kitchen Bottom to Top -> Thieves' Hideout Kitchen Bottom to Top;2.55702
0;0x5d;0x2aa;Gerudo's Fortress Kitchen Bottom to Top - Thieves' Hideout Kitchen Bottom to Top;0x496;Gerudo's Fortress Jail 3 Bottom -> Thieves' Hideout Jail 3 Bottom;5.45355
0;0x5d;0x2aa;Gerudo's Fortress Kitchen Bottom to Top - Thieves' Hideout Kitchen Bottom to Top;0x49a;Gerudo's Fortress Jail 3 Top -> Thieves' Hideout Jail 3 Top;7.42206
0;0x5d;0x2aa;Gerudo's Fortress Kitchen Bottom to Top - Thieves' Hideout Kitchen Bottom to Top;0x49e;Gerudo's Fortress Jail 2 Bottom -> Thieves' Hideout Jail 2 Bottom;5.33275
0;0x5d;0x2aa;Gerudo's Fortress Kitchen Bottom to Top - Thieves' Hideout Kitchen Bottom to Top;0x4a2;Gerudo's Fortress Jail 2 Top -> Thieves' Hideout Jail 2 Top;11.2894
0;0x5d;0x2aa;Gerudo's Fortress Kitchen Bottom to Top - Thieves' Hideout Kitchen Bottom to Top;0x4a6;Gerudo's Fortress Kitchen Top Right -> Thieves' Hideout Kitchen Top Right;11.1391
0;0x5d;0x2aa;Gerudo's Fortress Kitchen Bottom to Top - Thieves' Hideout Kitchen Bottom to Top;0x4aa;Gerudo's Fortress Kitchen Top Left -> Thieves' Hideout Kitchen Top Left;24.6429
0;0x5d;0x2aa;Gerudo's Fortress Kitchen Bottom to Top - Thieves' Hideout Kitchen Bottom to Top;0x4ae;Gerudo's Fortress Breakout Bottom -> Thieves' Hideout Breakout Bottom;18.1692
0;0x5d;0x2aa;Gerudo's Fortress Kitchen Bottom to Top - Thieves' Hideout Kitchen Bottom to Top;0x4b2;Gerudo's Fortress Breakout Top -> Thieves' Hideout Breakout Top;-1
0;0x5d;0x2aa;Gerudo's Fortress Kitchen Bottom to Top - Thieves' Hideout Kitchen Bottom to Top;0x570;Gerudo's Fortress Jail 4 -> Thieves' Hideout Jail 4;15.6656
0;0x5d;0x2aa;Gerudo's Fortress Kitchen Bottom to Top - Thieves' Hideout Kitchen Bottom to Top;0x5f80;Caught -> Gerudo's Fortress -> Caught;8.45867
0;0x5d;0x2aa;Gerudo's Fortress Kitchen Bottom to Top - Thieves' Hideout Kitchen Bottom to Top;0x8;Gerudo's Fortress -> Gerudo Training Ground;12.3703
0;0x5d;0x2ba;Gerudo's Fortress Jail 3 Bottom - Thieves' Hideout Jail 3 Bottom;0x100d;Gerudo's Fortress -> Fairy Fountain Grotto;13.3395
0;0x5d;0x2ba;Gerudo's Fortress Jail 3 Bottom - Thieves' Hideout Jail 3 Bottom;0x130;Gerudo's Fortress -> Haunted Wasteland;15.7503
0;0x5d;0x2ba;Gerudo's Fortress Jail 3 Bottom - Thieves' Hideout Jail 3 Bottom;0x22d;Gerudo's Fortress -> Gerudo Valley;11.5235
0;0x5d;0x2ba;Gerudo's Fortress Jail 3 Bottom - Thieves' Hideout Jail 3 Bottom;0x486;Gerudo's Fortress Jail 1 Left -> Thieves' Hideout Jail 1 Left;6.97152
0;0x5d;0x2ba;Gerudo's Fortress Jail 3 Bottom - Thieves' Hideout Jail 3 Bottom;0x48a;Gerudo's Fortress Jail 1 Right -> Thieves' Hideout Jail 1 Right;4.47282
0;0x5d;0x2ba;Gerudo's Fortress Jail 3 Bottom - Thieves' Hideout Jail 3 Bottom;0x48e;Gerudo's Fortress Kitchen Bottom -> Thieves' Hideout Kitchen Bottom;4.74881
0;0x5d;0x2ba;Gerudo's Fortress Jail 3 Bottom - Thieves' Hideout Jail 3 Bottom;0x492;Gerudo's Fortress Kitchen Bottom to Top -> Thieves' Hideout Kitchen Bottom to Top;10.7798
0;0x5d;0x2ba;Gerudo's Fortress Jail 3 Bottom - Thieves' Hideout Jail 3 Bottom;0x496;Gerudo's Fortress Jail 3 Bottom -> Thieves' Hideout Jail 3 Bottom;2.63281
0;0x5d;0x2ba;Gerudo's Fortress Jail 3 Bottom - Thieves' Hideout Jail 3 Bottom;0x49a;Gerudo's Fortress Jail 3 Top -> Thieves' Hideout Jail 3 Top;13.2248
0;0x5d;0x2ba;Gerudo's Fortress Jail 3 Bottom - Thieves' Hideout Jail 3 Bottom;0x49e;Gerudo's Fortress Jail 2 Bottom -> Thieves' Hideout Jail 2 Bottom;8.27269
0;0x5d;0x2ba;Gerudo's Fortress Jail 3 Bottom - Thieves' Hideout Jail 3 Bottom;0x49e;Gerudo's Fortress Jail 2 Bottom -> Thieves' Hideout Jail 2 Bottom;8.18652
0;0x5d;0x2ba;Gerudo's Fortress Jail 3 Bottom - Thieves' Hideout Jail 3 Bottom;0x4a2;Gerudo's Fortress Jail 2 Top -> Thieves' Hideout Jail 2 Top;17.9696
0;0x5d;0x2ba;Gerudo's Fortress Jail 3 Bottom - Thieves' Hideout Jail 3 Bottom;0x4a6;Gerudo's Fortress Kitchen Top Right -> Thieves' Hideout Kitchen Top Right;16.8217
0;0x5d;0x2ba;Gerudo's Fortress Jail 3 Bottom - Thieves' Hideout Jail 3 Bottom;0x4aa;Gerudo's Fortress Kitchen Top Left -> Thieves' Hideout Kitchen Top Left;24.6798
0;0x5d;0x2ba;Gerudo's Fortress Jail 3 Bottom - Thieves' Hideout Jail 3 Bottom;0x4ae;Gerudo's Fortress Breakout Bottom -> Thieves' Hideout Breakout Bottom;16.5114
0;0x5d;0x2ba;Gerudo's Fortress Jail 3 Bottom - Thieves' Hideout Jail 3 Bottom;0x4b2;Gerudo's Fortress Breakout Top -> Thieves' Hideout Breakout Top;-1
0;0x5d;0x2ba;Gerudo's Fortress Jail 3 Bottom - Thieves' Hideout Jail 3 Bottom;0x570;Gerudo's Fortress Jail 4 -> Thieves' Hideout Jail 4;21.8258
0;0x5d;0x2ba;Gerudo's Fortress Jail 3 Bottom - Thieves' Hideout Jail 3 Bottom;0x5f80;Caught -> Gerudo's Fortress -> Caught;6.29548
0;0x5d;0x2ba;Gerudo's Fortress Jail 3 Bottom - Thieves' Hideout Jail 3 Bottom;0x8;Gerudo's Fortress -> Gerudo Training Ground;11.3554
0;0x5d;0x2be;Gerudo's Fortress Jail 3 Top - Thieves' Hideout Jail 3 Top;0x100d;Gerudo's Fortress -> Fairy Fountain Grotto;13.7934
0;0x5d;0x2be;Gerudo's Fortress Jail 3 Top - Thieves' Hideout Jail 3 Top;0x130;Gerudo's Fortress -> Haunted Wasteland;15.2013
0;0x5d;0x2be;Gerudo's Fortress Jail 3 Top - Thieves' Hideout Jail 3 Top;0x22d;Gerudo's Fortress -> Gerudo Valley;13.9346
0;0x5d;0x2be;Gerudo's Fortress Jail 3 Top - Thieves' Hideout Jail 3 Top;0x486;Gerudo's Fortress Jail 1 Left -> Thieves' Hideout Jail 1 Left;7.38282
0;0x5d;0x2be;Gerudo's Fortress Jail 3 Top - Thieves' Hideout Jail 3 Top;0x48a;Gerudo's Fortress Jail 1 Right -> Thieves' Hideout Jail 1 Right;4.78605
0;0x5d;0x2be;Gerudo's Fortress Jail 3 Top - Thieves' Hideout Jail 3 Top;0x48e;Gerudo's Fortress Kitchen Bottom -> Thieves' Hideout Kitchen Bottom;4.88254
0;0x5d;0x2be;Gerudo's Fortress Jail 3 Top - Thieves' Hideout Jail 3 Top;0x492;Gerudo's Fortress Kitchen Bottom to Top -> Thieves' Hideout Kitchen Bottom to Top;5.38968
0;0x5d;0x2be;Gerudo's Fortress Jail 3 Top - Thieves' Hideout Jail 3 Top;0x496;Gerudo's Fortress Jail 3 Bottom -> Thieves' Hideout Jail 3 Bottom;6.4997
0;0x5d;0x2be;Gerudo's Fortress Jail 3 Top - Thieves' Hideout Jail 3 Top;0x49a;Gerudo's Fortress Jail 3 Top -> Thieves' Hideout Jail 3 Top;2.73344
0;0x5d;0x2be;Gerudo's Fortress Jail 3 Top - Thieves' Hideout Jail 3 Top;0x49e;Gerudo's Fortress Jail 2 Bottom -> Thieves' Hideout Jail 2 Bottom;8.46663
0;0x5d;0x2be;Gerudo's Fortress Jail 3 Top - Thieves' Hideout Jail 3 Top;0x4a2;Gerudo's Fortress Jail 2 Top -> Thieves' Hideout Jail 2 Top;10.3934
0;0x5d;0x2be;Gerudo's Fortress Jail 3 Top - Thieves' Hideout Jail 3 Top;0x4a6;Gerudo's Fortress Kitchen Top Right -> Thieves' Hideout Kitchen Top Right;9.57203
0;0x5d;0x2be;Gerudo's Fortress Jail 3 Top - Thieves' Hideout Jail 3 Top;0x4aa;Gerudo's Fortress Kitchen Top Left -> Thieves' Hideout Kitchen Top Left;21.3833
0;0x5d;0x2be;Gerudo's Fortress Jail 3 Top - Thieves' Hideout Jail 3 Top;0x4ae;Gerudo's Fortress Breakout Bottom -> Thieves' Hideout Breakout Bottom;18.2649
0;0x5d;0x2be;Gerudo's Fortress Jail 3 Top - Thieves' Hideout Jail 3 Top;0x4b2;Gerudo's Fortress Breakout Top -> Thieves' Hideout Breakout Top;-1
0;0x5d;0x2be;Gerudo's Fortress Jail 3 Top - Thieves' Hideout Jail 3 Top;0x570;Gerudo's Fortress Jail 4 -> Thieves' Hideout Jail 4;15.5873
0;0x5d;0x2be;Gerudo's Fortress Jail 3 Top - Thieves' Hideout Jail 3 Top;0x5f80;Caught -> Gerudo's Fortress -> Caught;7.63077
0;0x5d;0x2be;Gerudo's Fortress Jail 3 Top - Thieves' Hideout Jail 3 Top;0x8;Gerudo's Fortress -> Gerudo Training Ground;13.8578
0;0x5d;0x2c2;Gerudo's Fortress Jail 2 Bottom - Thieves' Hideout Jail 2 Bottom;0x100d;Gerudo's Fortress -> Fairy Fountain Grotto;14.6592
0;0x5d;0x2c2;Gerudo's Fortress Jail 2 Bottom - Thieves' Hideout Jail 2 Bottom;0x130;Gerudo's Fortress -> Haunted Wasteland;17.0483
0;0x5d;0x2c2;Gerudo's Fortress Jail 2 Bottom - Thieves' Hideout Jail 2 Bottom;0x22d;Gerudo's Fortress -> Gerudo Valley;11.7876
0;0x5d;0x2c2;Gerudo's Fortress Jail 2 Bottom - Thieves' Hideout Jail 2 Bottom;0x486;Gerudo's Fortress Jail 1 Left -> Thieves' Hideout Jail 1 Left;9.1629
0;0x5d;0x2c2;Gerudo's Fortress Jail 2 Bottom - Thieves' Hideout Jail 2 Bottom;0x48a;Gerudo's Fortress Jail 1 Right -> Thieves' Hideout Jail 1 Right;6.84159
0;0x5d;0x2c2;Gerudo's Fortress Jail 2 Bottom - Thieves' Hideout Jail 2 Bottom;0x48e;Gerudo's Fortress Kitchen Bottom -> Thieves' Hideout Kitchen Bottom;7.44724
0;0x5d;0x2c2;Gerudo's Fortress Jail 2 Bottom - Thieves' Hideout Jail 2 Bottom;0x492;Gerudo's Fortress Kitchen Bottom to Top -> Thieves' Hideout Kitchen Bottom to Top;4.90242
0;0x5d;0x2c2;Gerudo's Fortress Jail 2 Bottom - Thieves' Hideout Jail 2 Bottom;0x492;Gerudo's Fortress Kitchen Bottom to Top -> Thieves' Hideout Kitchen Bottom to Top;4.93921
0;0x5d;0x2c2;Gerudo's Fortress Jail 2 Bottom - Thieves' Hideout Jail 2 Bottom;0x496;Gerudo's Fortress Jail 3 Bottom -> Thieves' Hideout Jail 3 Bottom;4.98927
0;0x5d;0x2c2;Gerudo's Fortress Jail 2 Bottom - Thieves' Hideout Jail 2 Bottom;0x49a;Gerudo's Fortress Jail 3 Top -> Thieves' Hideout Jail 3 Top;7.7622
0;0x5d;0x2c2;Gerudo's Fortress Jail 2 Bottom - Thieves' Hideout Jail 2 Bottom;0x49e;Gerudo's Fortress Jail 2 Bottom -> Thieves' Hideout Jail 2 Bottom;2.62944
0;0x5d;0x2c2;Gerudo's Fortress Jail 2 Bottom - Thieves' Hideout Jail 2 Bottom;0x49e;Gerudo's Fortress Jail 2 Bottom -> Thieves' Hideout Jail 2 Bottom;2.70788
0;0x5d;0x2c2;Gerudo's Fortress Jail 2 Bottom - Thieves' Hideout Jail 2 Bottom;0x4a2;Gerudo's Fortress Jail 2 Top -> Thieves' Hideout Jail 2 Top;12.3253
0;0x5d;0x2c2;Gerudo's Fortress Jail 2 Bottom - Thieves' Hideout Jail 2 Bottom;0x4a6;Gerudo's Fortress Kitchen Top Right -> Thieves' Hideout Kitchen Top Right;11.2611
0;0x5d;0x2c2;Gerudo's Fortress Jail 2 Bottom - Thieves' Hideout Jail 2 Bottom;0x4aa;Gerudo's Fortress Kitchen Top Left -> Thieves' Hideout Kitchen Top Left;23.6485
0;0x5d;0x2c2;Gerudo's Fortress Jail 2 Bottom - Thieves' Hideout Jail 2 Bottom;0x4ae;Gerudo's Fortress Breakout Bottom -> Thieves' Hideout Breakout Bottom;19.2006
0;0x5d;0x2c2;Gerudo's Fortress Jail 2 Bottom - Thieves' Hideout Jail 2 Bottom;0x4b2;Gerudo's Fortress Breakout Top -> Thieves' Hideout Breakout Top;-1
0;0x5d;0x2c2;Gerudo's Fortress Jail 2 Bottom - Thieves' Hideout Jail 2 Bottom;0x570;Gerudo's Fortress Jail 4 -> Thieves' Hideout Jail 4;20.5579
0;0x5d;0x2c2;Gerudo's Fortress Jail 2 Bottom - Thieves' Hideout Jail 2 Bottom;0x5f80;Caught -> Gerudo's Fortress -> Caught;6.37064
0;0x5d;0x2c2;Gerudo's Fortress Jail 2 Bottom - Thieves' Hideout Jail 2 Bottom;0x8;Gerudo's Fortress -> Gerudo Training Ground;11.4685
0;0x5d;0x2c6;Gerudo's Fortress Jail 2 Top - Thieves' Hideout Jail 2 Top;0x100d;Gerudo's Fortress -> Fairy Fountain Grotto;16.4445
0;0x5d;0x2c6;Gerudo's Fortress Jail 2 Top - Thieves' Hideout Jail 2 Top;0x130;Gerudo's Fortress -> Haunted Wasteland;18.6882
0;0x5d;0x2c6;Gerudo's Fortress Jail 2 Top - Thieves' Hideout Jail 2 Top;0x22d;Gerudo's Fortress -> Gerudo Valley;14.6338
0;0x5d;0x2c6;Gerudo's Fortress Jail 2 Top - Thieves' Hideout Jail 2 Top;0x486;Gerudo's Fortress Jail 1 Left -> Thieves' Hideout Jail 1 Left;9.68056
0;0x5d;0x2c6;Gerudo's Fortress Jail 2 Top - Thieves' Hideout Jail 2 Top;0x48a;Gerudo's Fortress Jail 1 Right -> Thieves' Hideout Jail 1 Right;6.69744
0;0x5d;0x2c6;Gerudo's Fortress Jail 2 Top - Thieves' Hideout Jail 2 Top;0x48e;Gerudo's Fortress Kitchen Bottom -> Thieves' Hideout Kitchen Bottom;6.25627
0;0x5d;0x2c6;Gerudo's Fortress Jail 2 Top - Thieves' Hideout Jail 2 Top;0x492;Gerudo's Fortress Kitchen Bottom to Top -> Thieves' Hideout Kitchen Bottom to Top;5.5818
0;0x5d;0x2c6;Gerudo's Fortress Jail 2 Top - Thieves' Hideout Jail 2 Top;0x496;Gerudo's Fortress Jail 3 Bottom -> Thieves' Hideout Jail 3 Bottom;7.49539
0;0x5d;0x2c6;Gerudo's Fortress Jail 2 Top - Thieves' Hideout Jail 2 Top;0x49a;Gerudo's Fortress Jail 3 Top -> Thieves' Hideout Jail 3 Top;6.73137
0;0x5d;0x2c6;Gerudo's Fortress Jail 2 Top - Thieves' Hideout Jail 2 Top;0x49e;Gerudo's Fortress Jail 2 Bottom -> Thieves' Hideout Jail 2 Bottom;9.6007
0;0x5d;0x2c6;Gerudo's Fortress Jail 2 Top - Thieves' Hideout Jail 2 Top;0x4a2;Gerudo's Fortress Jail 2 Top -> Thieves' Hideout Jail 2 Top;2.68738
0;0x5d;0x2c6;Gerudo's Fortress Jail 2 Top - Thieves' Hideout Jail 2 Top;0x4a6;Gerudo's Fortress Kitchen Top Right -> Thieves' Hideout Kitchen Top Right;3.27273
0;0x5d;0x2c6;Gerudo's Fortress Jail 2 Top - Thieves' Hideout Jail 2 Top;0x4aa;Gerudo's Fortress Kitchen Top Left -> Thieves' Hideout Kitchen Top Left;26.098
0;0x5d;0x2c6;Gerudo's Fortress Jail 2 Top - Thieves' Hideout Jail 2 Top;0x4ae;Gerudo's Fortress Breakout Bottom -> Thieves' Hideout Breakout Bottom;21.8783
0;0x5d;0x2c6;Gerudo's Fortress Jail 2 Top - Thieves' Hideout Jail 2 Top;0x4b2;Gerudo's Fortress Breakout Top -> Thieves' Hideout Breakout Top;-1
0;0x5d;0x2c6;Gerudo's Fortress Jail 2 Top - Thieves' Hideout Jail 2 Top;0x570;Gerudo's Fortress Jail 4 -> Thieves' Hideout Jail 4;7.16343
0;0x5d;0x2c6;Gerudo's Fortress Jail 2 Top - Thieves' Hideout Jail 2 Top;0x5f80;Caught -> Gerudo's Fortress -> Caught;11.4422
0;0x5d;0x2c6;Gerudo's Fortress Jail 2 Top - Thieves' Hideout Jail 2 Top;0x8;Gerudo's Fortress -> Gerudo Training Ground;14.3204
0;0x43;0x2ca;Temple of Time - Master Sword;0x472;Temple of Time -> Temple of Time Entryway;6.84144
0;0x41;0x2d;Royal Family Tomb - Graveyard;0x50b;Royal Family Tomb -> Graveyard;2.40616
0;0x5d;0x2d2;Gerudo's Fortress Kitchen Top Right - Thieves' Hideout Kitchen Top Right;0x100d;Gerudo's Fortress -> Fairy Fountain Grotto;13.8296
0;0x5d;0x2d2;Gerudo's Fortress Kitchen Top Right - Thieves' Hideout Kitchen Top Right;0x130;Gerudo's Fortress -> Haunted Wasteland;17.7901
0;0x5d;0x2d2;Gerudo's Fortress Kitchen Top Right - Thieves' Hideout Kitchen Top Right;0x22d;Gerudo's Fortress -> Gerudo Valley;14.1411
0;0x5d;0x2d2;Gerudo's Fortress Kitchen Top Right - Thieves' Hideout Kitchen Top Right;0x486;Gerudo's Fortress Jail 1 Left -> Thieves' Hideout Jail 1 Left;9.50941
0;0x5d;0x2d2;Gerudo's Fortress Kitchen Top Right - Thieves' Hideout Kitchen Top Right;0x48a;Gerudo's Fortress Jail 1 Right -> Thieves' Hideout Jail 1 Right;5.94982
0;0x5d;0x2d2;Gerudo's Fortress Kitchen Top Right - Thieves' Hideout Kitchen Top Right;0x48e;Gerudo's Fortress Kitchen Bottom -> Thieves' Hideout Kitchen Bottom;6.08012
0;0x5d;0x2d2;Gerudo's Fortress Kitchen Top Right - Thieves' Hideout Kitchen Top Right;0x492;Gerudo's Fortress Kitchen Bottom to Top -> Thieves' Hideout Kitchen Bottom to Top;5.08803
0;0x5d;0x2d2;Gerudo's Fortress Kitchen Top Right - Thieves' Hideout Kitchen Top Right;0x496;Gerudo's Fortress Jail 3 Bottom -> Thieves' Hideout Jail 3 Bottom;8.15924
0;0x5d;0x2d2;Gerudo's Fortress Kitchen Top Right - Thieves' Hideout Kitchen Top Right;0x49a;Gerudo's Fortress Jail 3 Top -> Thieves' Hideout Jail 3 Top;6.34575
0;0x5d;0x2d2;Gerudo's Fortress Kitchen Top Right - Thieves' Hideout Kitchen Top Right;0x49e;Gerudo's Fortress Jail 2 Bottom -> Thieves' Hideout Jail 2 Bottom;7.76345
0;0x5d;0x2d2;Gerudo's Fortress Kitchen Top Right - Thieves' Hideout Kitchen Top Right;0x4a2;Gerudo's Fortress Jail 2 Top -> Thieves' Hideout Jail 2 Top;3.62791
0;0x5d;0x2d2;Gerudo's Fortress Kitchen Top Right - Thieves' Hideout Kitchen Top Right;0x4a2;Gerudo's Fortress Jail 2 Top -> Thieves' Hideout Jail 2 Top;4.11208
0;0x5d;0x2d2;Gerudo's Fortress Kitchen Top Right - Thieves' Hideout Kitchen Top Right;0x4a6;Gerudo's Fortress Kitchen Top Right -> Thieves' Hideout Kitchen Top Right;2.56996
0;0x5d;0x2d2;Gerudo's Fortress Kitchen Top Right - Thieves' Hideout Kitchen Top Right;0x4aa;Gerudo's Fortress Kitchen Top Left -> Thieves' Hideout Kitchen Top Left;27.1469
0;0x5d;0x2d2;Gerudo's Fortress Kitchen Top Right - Thieves' Hideout Kitchen Top Right;0x4ae;Gerudo's Fortress Breakout Bottom -> Thieves' Hideout Breakout Bottom;22.4902
0;0x5d;0x2d2;Gerudo's Fortress Kitchen Top Right - Thieves' Hideout Kitchen Top Right;0x4b2;Gerudo's Fortress Breakout Top -> Thieves' Hideout Breakout Top;-1
0;0x5d;0x2d2;Gerudo's Fortress Kitchen Top Right - Thieves' Hideout Kitchen Top Right;0x570;Gerudo's Fortress Jail 4 -> Thieves' Hideout Jail 4;7.43215
0;0x5d;0x2d2;Gerudo's Fortress Kitchen Top Right - Thieves' Hideout Kitchen Top Right;0x5f80;Caught -> Gerudo's Fortress -> Caught;9.18335
0;0x5d;0x2d2;Gerudo's Fortress Kitchen Top Right - Thieves' Hideout Kitchen Top Right;0x8;Gerudo's Fortress -> Gerudo Training Ground;14.1241
0;0x5d;0x2d6;Gerudo's Fortress Kitchen Top Left - Thieves' Hideout Kitchen Top Left;0x100d;Gerudo's Fortress -> Fairy Fountain Grotto;16.3121
0;0x5d;0x2d6;Gerudo's Fortress Kitchen Top Left - Thieves' Hideout Kitchen Top Left;0x130;Gerudo's Fortress -> Haunted Wasteland;18.2149
0;0x5d;0x2d6;Gerudo's Fortress Kitchen Top Left - Thieves' Hideout Kitchen Top Left;0x22d;Gerudo's Fortress -> Gerudo Valley;15.6921
0;0x5d;0x2d6;Gerudo's Fortress Kitchen Top Left - Thieves' Hideout Kitchen Top Left;0x486;Gerudo's Fortress Jail 1 Left -> Thieves' Hideout Jail 1 Left;10.9275
0;0x5d;0x2d6;Gerudo's Fortress Kitchen Top Left - Thieves' Hideout Kitchen Top Left;0x48a;Gerudo's Fortress Jail 1 Right -> Thieves' Hideout Jail 1 Right;6.74452
0;0x5d;0x2d6;Gerudo's Fortress Kitchen Top Left - Thieves' Hideout Kitchen Top Left;0x48e;Gerudo's Fortress Kitchen Bottom -> Thieves' Hideout Kitchen Bottom;9.12879
0;0x5d;0x2d6;Gerudo's Fortress Kitchen Top Left - Thieves' Hideout Kitchen Top Left;0x492;Gerudo's Fortress Kitchen Bottom to Top -> Thieves' Hideout Kitchen Bottom to Top;7.9202
0;0x5d;0x2d6;Gerudo's Fortress Kitchen Top Left - Thieves' Hideout Kitchen Top Left;0x496;Gerudo's Fortress Jail 3 Bottom -> Thieves' Hideout Jail 3 Bottom;9.76627
0;0x5d;0x2d6;Gerudo's Fortress Kitchen Top Left - Thieves' Hideout Kitchen Top Left;0x49a;Gerudo's Fortress Jail 3 Top -> Thieves' Hideout Jail 3 Top;5.69061
0;0x5d;0x2d6;Gerudo's Fortress Kitchen Top Left - Thieves' Hideout Kitchen Top Left;0x49e;Gerudo's Fortress Jail 2 Bottom -> Thieves' Hideout Jail 2 Bottom;10.163
0;0x5d;0x2d6;Gerudo's Fortress Kitchen Top Left - Thieves' Hideout Kitchen Top Left;0x4a2;Gerudo's Fortress Jail 2 Top -> Thieves' Hideout Jail 2 Top;7.51818
0;0x5d;0x2d6;Gerudo's Fortress Kitchen Top Left - Thieves' Hideout Kitchen Top Left;0x4a6;Gerudo's Fortress Kitchen Top Right -> Thieves' Hideout Kitchen Top Right;5.19486
0;0x5d;0x2d6;Gerudo's Fortress Kitchen Top Left - Thieves' Hideout Kitchen Top Left;0x4aa;Gerudo's Fortress Kitchen Top Left -> Thieves' Hideout Kitchen Top Left;2.55492
0;0x5d;0x2d6;Gerudo's Fortress Kitchen Top Left - Thieves' Hideout Kitchen Top Left;0x4ae;Gerudo's Fortress Breakout Bottom -> Thieves' Hideout Breakout Bottom;7.60535
0;0x5d;0x2d6;Gerudo's Fortress Kitchen Top Left - Thieves' Hideout Kitchen Top Left;0x4b2;Gerudo's Fortress Kitchen Top Left -> Thieves' Hideout Kitchen Top Left;-1
0;0x5d;0x2d6;Gerudo's Fortress Kitchen Top Left - Thieves' Hideout Kitchen Top Left;0x570;Gerudo's Fortress Jail 4 -> Thieves' Hideout Jail 4;4.43072
0;0x5d;0x2d6;Gerudo's Fortress Kitchen Top Left - Thieves' Hideout Kitchen Top Left;0x5f80;Caught -> Gerudo's Fortress -> Caught;10.6085
0;0x5d;0x2d6;Gerudo's Fortress Kitchen Top Left - Thieves' Hideout Kitchen Top Left;0x8;Gerudo's Fortress -> Gerudo Training Ground;15.683
0;0x5d;0x2da;Gerudo's Fortress Breakout Bottom - Thieves' Hideout Breakout Bottom;0x100d;Gerudo's Fortress -> Fairy Fountain Grotto;17.4696
0;0x5d;0x2da;Gerudo's Fortress Breakout Bottom - Thieves' Hideout Breakout Bottom;0x130;Gerudo's Fortress -> Haunted Wasteland;15.1353
0;0x5d;0x2da;Gerudo's Fortress Breakout Bottom - Thieves' Hideout Breakout Bottom;0x22d;Gerudo's Fortress -> Gerudo Valley;16.6731
0;0x5d;0x2da;Gerudo's Fortress Breakout Bottom - Thieves' Hideout Breakout Bottom;0x486;Gerudo's Fortress Jail 1 Left -> Thieves' Hideout Jail 1 Left;6.40894
0;0x5d;0x2da;Gerudo's Fortress Breakout Bottom - Thieves' Hideout Breakout Bottom;0x48a;Gerudo's Fortress Jail 1 Right -> Thieves' Hideout Jail 1 Right;9.16687
0;0x5d;0x2da;Gerudo's Fortress Breakout Bottom - Thieves' Hideout Breakout Bottom;0x48e;Gerudo's Fortress Kitchen Bottom -> Thieves' Hideout Kitchen Bottom;10.1251
0;0x5d;0x2da;Gerudo's Fortress Breakout Bottom - Thieves' Hideout Breakout Bottom;0x492;Gerudo's Fortress Kitchen Bottom to Top -> Thieves' Hideout Kitchen Bottom to Top;17.2149
0;0x5d;0x2da;Gerudo's Fortress Breakout Bottom - Thieves' Hideout Breakout Bottom;0x496;Gerudo's Fortress Jail 3 Bottom -> Thieves' Hideout Jail 3 Bottom;9.62585
0;0x5d;0x2da;Gerudo's Fortress Breakout Bottom - Thieves' Hideout Breakout Bottom;0x49a;Gerudo's Fortress Jail 3 Top -> Thieves' Hideout Jail 3 Top;20.5615
0;0x5d;0x2da;Gerudo's Fortress Breakout Bottom - Thieves' Hideout Breakout Bottom;0x49e;Gerudo's Fortress Jail 2 Bottom -> Thieves' Hideout Jail 2 Bottom;15.5659
0;0x5d;0x2da;Gerudo's Fortress Breakout Bottom - Thieves' Hideout Breakout Bottom;0x4a2;Gerudo's Fortress Jail 2 Top -> Thieves' Hideout Jail 2 Top;24.8555
0;0x5d;0x2da;Gerudo's Fortress Breakout Bottom - Thieves' Hideout Breakout Bottom;0x4a6;Gerudo's Fortress Kitchen Top Right -> Thieves' Hideout Kitchen Top Right;23.902
0;0x5d;0x2da;Gerudo's Fortress Breakout Bottom - Thieves' Hideout Breakout Bottom;0x4aa;Gerudo's Fortress Kitchen Top Left -> Thieves' Hideout Kitchen Top Left;22.1787
0;0x5d;0x2da;Gerudo's Fortress Breakout Bottom - Thieves' Hideout Breakout Bottom;0x4ae;Gerudo's Fortress Breakout Bottom -> Thieves' Hideout Breakout Bottom;2.57741
0;0x5d;0x2da;Gerudo's Fortress Breakout Bottom - Thieves' Hideout Breakout Bottom;0x4b2;Gerudo's Fortress Breakout Top -> Thieves' Hideout Breakout Top;-1
0;0x5d;0x2da;Gerudo's Fortress Breakout Bottom - Thieves' Hideout Breakout Bottom;0x570;Gerudo's Fortress Jail 4 -> Thieves' Hideout Jail 4;30.5659
0;0x5d;0x2da;Gerudo's Fortress Breakout Bottom - Thieves' Hideout Breakout Bottom;0x5f80;Caught -> Gerudo's Fortress -> Caught;10.242
0;0x5d;0x2da;Gerudo's Fortress Breakout Bottom - Thieves' Hideout Breakout Bottom;0x8;Gerudo's Fortress -> Gerudo Training Ground;16.939
0;0x5d;0x2de;Gerudo's Fortress Breakout Top - Thieves' Hideout Breakout Top;0x100d;Gerudo's Fortress -> Fairy Fountain Grotto;19.3931
0;0x5d;0x2de;Gerudo's Fortress Breakout Top - Thieves' Hideout Breakout Top;0x130;Gerudo's Fortress -> Haunted Wasteland;17.5523
0;0x5d;0x2de;Gerudo's Fortress Breakout Top - Thieves' Hideout Breakout Top;0x22d;Gerudo's Fortress -> Gerudo Valley;17.9736
0;0x5d;0x2de;Gerudo's Fortress Breakout Top - Thieves' Hideout Breakout Top;0x486;Gerudo's Fortress Jail 1 Left -> Thieves' Hideout Jail 1 Left;9.21813
0;0x5d;0x2de;Gerudo's Fortress Breakout Top - Thieves' Hideout Breakout Top;0x48a;Gerudo's Fortress Jail 1 Right -> Thieves' Hideout Jail 1 Right;11.3335
0;0x5d;0x2de;Gerudo's Fortress Breakout Top - Thieves' Hideout Breakout Top;0x48e;Gerudo's Fortress Kitchen Bottom -> Thieves' Hideout Kitchen Bottom;11.6914
0;0x5d;0x2de;Gerudo's Fortress Breakout Top - Thieves' Hideout Breakout Top;0x492;Gerudo's Fortress Kitchen Bottom to Top -> Thieves' Hideout Kitchen Bottom to Top;18.84
0;0x5d;0x2de;Gerudo's Fortress Breakout Top - Thieves' Hideout Breakout Top;0x496;Gerudo's Fortress Jail 3 Bottom -> Thieves' Hideout Jail 3 Bottom;11.7558
0;0x5d;0x2de;Gerudo's Fortress Breakout Top - Thieves' Hideout Breakout Top;0x49a;Gerudo's Fortress Jail 3 Top -> Thieves' Hideout Jail 3 Top;16.8127
0;0x5d;0x2de;Gerudo's Fortress Breakout Top - Thieves' Hideout Breakout Top;0x49e;Gerudo's Fortress Jail 2 Bottom -> Thieves' Hideout Jail 2 Bottom;20.6591
0;0x5d;0x2de;Gerudo's Fortress Breakout Top - Thieves' Hideout Breakout Top;0x4a2;Gerudo's Fortress Jail 2 Top -> Thieves' Hideout Jail 2 Top;19.9826
0;0x5d;0x2de;Gerudo's Fortress Breakout Top - Thieves' Hideout Breakout Top;0x4a6;Gerudo's Fortress Kitchen Top Right -> Thieves' Hideout Kitchen Top Right;18.2001
0;0x5d;0x2de;Gerudo's Fortress Breakout Top - Thieves' Hideout Breakout Top;0x4aa;Gerudo's Fortress Kitchen Top Left -> Thieves' Hideout Kitchen Top Left;21.2415
0;0x5d;0x2de;Gerudo's Fortress Breakout Top - Thieves' Hideout Breakout Top;0x4ae;Gerudo's Fortress Breakout Bottom -> Thieves' Hideout Breakout Bottom;8.47829
0;0x5d;0x2de;Gerudo's Fortress Breakout Top - Thieves' Hideout Breakout Top;0x4b2;Gerudo's Fortress Breakout Top -> Thieves' Hideout Breakout Top;2.72331
0;0x5d;0x2de;Gerudo's Fortress Breakout Top - Thieves' Hideout Breakout Top;0x4b2;Gerudo's Fortress Breakout Top -> Thieves' Hideout Breakout Top;2.62378
0;0x5d;0x2de;Gerudo's Fortress Breakout Top - Thieves' Hideout Breakout Top;0x570;Gerudo's Fortress Jail 4 -> Thieves' Hideout Jail 4;18.8416
0;0x5d;0x2de;Gerudo's Fortress Breakout Top - Thieves' Hideout Breakout Top;0x5f80;Caught -> Gerudo's Fortress -> Caught;11.9053
0;0x5d;0x2de;Gerudo's Fortress Breakout Top - Thieves' Hideout Breakout Top;0x8;Gerudo's Fortress -> Gerudo Training Ground;18.6832
0;0x36;0x2f9;Stables - Lon Lon's Ranch;0x42f;Stables -> Lon Lon's Ranch;2.65624
0;0x2a;0x2fd;Carpenter's Boss House - Kakariko;0x349;Carpenter's Boss House -> Kakariko;2.89281
0;0x13;0x301;Barinade's Lair - Inside Jabu-Jabu - Inside Jabu-Jabu;0x22100;Warp Boss -> Barinade's Lair -> Warp Boss;5.60846
0;0x15;0x305;Volvagia's Lair - Fire Temple - Fire Temple;0x27200;Warp Boss -> Volvagia's Lair -> Warp Boss;5.81208
0;0x57;0x309;Lake Hylia - Fishing Pond;0x10;Lake Hylia -> Water Temple;22.3003
0;0x57;0x309;Lake Hylia - Fishing Pond;0x1015;Lake Hylia -> Under Tomb Grotto;42.0429
0;0x57;0x309;Lake Hylia - Fishing Pond;0x189;Lake Hylia -> Hyrule Field;23.4271
0;0x57;0x309;Lake Hylia - Fishing Pond;0x27e;Owl Drop -> Hyrule Field - Owl Drop;36.4574
0;0x57;0x309;Lake Hylia - Fishing Pond;0x328;Lake Hylia's Shortcut -> Zora Domain;15.4716
0;0x57;0x309;Lake Hylia - Fishing Pond;0x43;Lake Hylia -> Laboratory;22.5923
0;0x57;0x309;Lake Hylia - Fishing Pond;0x45f;Lake Hylia -> Fishing Pond;2.89688
0;0x3a;0x30d;Dampe's House - Graveyard;0x355;Dampe's House -> Graveyard;3.05675
0;0x3a;0x30d;Dampe's House - Graveyard;0x355;Dampe's House -> Graveyard;2.74893
0;0x51;0x311;Hyrule Field - Zora River Water;0x1006;Hyrule Field -> Southeast Grotto;46.9104
0;0x51;0x311;Hyrule Field - Zora River Water;0x1007;Hyrule Field -> Open Grotto;59.1293
0;0x51;0x311;Hyrule Field - Zora River Water;0x1008;Hyrule Field -> Near Market Grotto;35.7762
0;0x51;0x311;Hyrule Field - Zora River Water;0x100a;Hyrule Field -> Fairy Fountain Grotto;54.1703
0;0x51;0x311;Hyrule Field - Zora River Water;0x102;Hyrule Field -> Lake Hylia;76.2311
0;0x51;0x311;Hyrule Field - Zora River Water;0x117;Hyrule Field -> Gerudo Valley;75.2631
0;0x51;0x311;Hyrule Field - Zora River Water;0x157;Hyrule Field -> Lon Lon's Ranch;35.442
0;0x51;0x311;Hyrule Field - Zora River Water;0x1d9;Hyrule Field Water -> Zora River;5.48288
0;0x51;0x311;Hyrule Field - Zora River Water;0x1d9;Hyrule Field Water -> Zora River;6.22886
0;0x51;0x311;Hyrule Field - Zora River Water;0x276;Hyrule Field -> Market Entrance;33.8402
0;0x51;0x311;Hyrule Field - Zora River Water;0x4de;Hyrule Field -> Lost Woods Bridge;29.4934
0;0x51;0x311;Hyrule Field - Zora River Water;0x598;Hyrule Field -> Tree Grotto Near Kakariko;25.4024
0;0x51;0x311;Hyrule Field - Zora River Water;0x59c;Hyrule Field -> Scrub Grotto;65.996
0;0x51;0x311;Hyrule Field - Zora River Water;0x5a8;Hyrule Field -> Grotto Near Gerudo Valley;72.8521
0;0x51;0x311;Hyrule Field - Zora River Water;0x5c0;Hyrule Field -> Tektite Grotto;46.5119
0;0x51;0x311;Hyrule Field - Zora River Water;0xdb;Hyrule Field -> Kakariko;21.1188
0;0x51;0x311;Hyrule Field - Zora River Water;0xea;Hyrule Field -> Zora River;4.35969
0;0x8a;0x315;Magic Upgrade Fountain - Death Mountain Trail;0x45b;Magic Upgrade Fountain -> Death Mountain Trail;2.89551
0;0x3f;0x31c;Redead Tomb - Graveyard;0x361;Redead Tomb -> Graveyard;2.34246
0;0x58;0x328;Zora Domain - Lake Hylia's Shortcut;0x100c;Zora Domain -> Fairy Fountain Grotto;18.8005
0;0x58;0x328;Zora Domain - Lake Hylia's Shortcut;0x19d;Zora Domain -> Zora River;16.3005
0;0x58;0x328;Zora Domain - Lake Hylia's Shortcut;0x225;Zora Domain -> Zora Fountain;28.4976
0;0x58;0x328;Zora Domain - Lake Hylia's Shortcut;0x380;Zora Domain -> Zora Shop;12.7692
0;0x58;0x328;Zora Domain - Lake Hylia's Shortcut;0x560;Zora's Domain Shortcut -> Lake Hylia;3.6653
0;0x93;0x33;Market Entrance - Market;0x1fd;Market Entrance -> Hyrule Field;4.76041
0;0x93;0x33;Market Entrance - Market;0x7e;Market Entrance -> Pot House;4.05131
0;0x93;0x33;Market Entrance - Market;0xb1;Market Entrance -> Market;3.09976
0;0x55;0x33c;Kokiri Forest - Twin's House;0x0;Kokiri Forest -> Deku Tree;19.1812
0;0x55;0x33c;Kokiri Forest - Twin's House;0x1000;Kokiri Forest -> Storms Grotto;31.5167
0;0x55;0x33c;Kokiri Forest - Twin's House;0x11e;Kokiri Forest -> Lost Woods;22.56
0;0x55;0x33c;Kokiri Forest - Twin's House;0x272;Kokiri Forest -> Link's House;12.3057
0;0x55;0x33c;Kokiri Forest - Twin's House;0x433;Kokiri Forest -> Mido's House;8.29487
0;0x55;0x33c;Kokiri Forest - Twin's House;0x437;Kokiri Forest -> Saria's House;6.77196
0;0x55;0x33c;Kokiri Forest - Twin's House;0x5e0;Kokiri Forest Bridge -> Lost Woods;13.0422
0;0x55;0x33c;Kokiri Forest - Twin's House;0x9c;Kokiri Forest -> Twin's House;2.40329
0;0x55;0x33c;Kokiri Forest - Twin's House;0xc1;Kokiri Forest -> Kokiri Shop;5.98829
0;0x55;0x33c;Kokiri Forest - Twin's House;0xc9;Kokiri Forest -> Know-It-All Brothers;11.0578
0;0x5f;0x340;Hyrule Castle - Din's Fire Fountain;0x25a;Hyrule Castle -> Market;20.8299
0;0x5f;0x340;Hyrule Castle - Din's Fire Fountain;0x400;Hyrule Castle -> Castle Courtyard;47.2688
0;0x5f;0x340;Hyrule Castle - Din's Fire Fountain;0x47e0;Caught -> Hyrule Castle -> Caught;8.13657
0;0x5f;0x340;Hyrule Castle - Din's Fire Fountain;0x578;Hyrule Castle -> Din's Fire Fountain;6.22895
0;0x5f;0x340;Hyrule Castle - Din's Fire Fountain;0x5b8;Hyrule Castle -> Storms Grotto;45.2155
0;0x52;0x345;Kakariko - Impa's House;0x1002;Kakariko -> Open Grotto;17.7048
0;0x52;0x345;Kakariko - Impa's House;0x13d;Kakariko -> Death Mountain Trail;18.5733
0;0x52;0x345;Kakariko - Impa's House;0x17d;Kakariko -> Hyrule Field;13.3023
0;0x52;0x345;Kakariko - Impa's House;0x2fd;Kakariko -> Carpenter's Boss House;9.08313
0;0x52;0x345;Kakariko - Impa's House;0x384;Kakariko -> Potion Shop;14.931
0;0x52;0x345;Kakariko - Impa's House;0x39c;Kakariko -> Impa's House;3.28431
0;0x52;0x345;Kakariko - Impa's House;0x3b;Kakariko -> Shooting;10.8832
0;0x52;0x345;Kakariko - Impa's House;0x3ec;Kakariko Shop Back -> Potion Shop Back;23.8322
0;0x52;0x345;Kakariko - Impa's House;0x453;Kakariko -> Windmill;13.7767
0;0x52;0x345;Kakariko - Impa's House;0x550;Kakariko -> House of Skulltula;5.80999
0;0x52;0x345;Kakariko - Impa's House;0x5a0;Kakariko -> Redead Grotto;10.6345
0;0x52;0x345;Kakariko - Impa's House;0x5c8;Kakariko -> Impa's House Back;13.5315
0;0x52;0x345;Kakariko - Impa's House;0x72;Kakariko -> Granny Potion Shop;18.3317
0;0x52;0x345;Kakariko - Impa's House;0x98;Kakariko -> Bottom of the Well;14.4093
0;0x52;0x345;Kakariko - Impa's House;0xb7;Kakariko -> Bazaar;14.7922
0;0x52;0x345;Kakariko - Impa's House;0xe4;Kakariko -> Graveyard;12.8206
0;0x52;0x349;Kakariko - Carpenter's Boss House;0x1002;Kakariko -> Open Grotto;20.3351
0;0x52;0x349;Kakariko - Carpenter's Boss House;0x13d;Kakariko -> Death Mountain Trail;13.3006
0;0x52;0x349;Kakariko - Carpenter's Boss House;0x17d;Kakariko -> Hyrule Field;14.9273
0;0x52;0x349;Kakariko - Carpenter's Boss House;0x2fd;Kakariko -> Carpenter's Boss House;2.89861
0;0x52;0x349;Kakariko - Carpenter's Boss House;0x384;Kakariko -> Potion Shop;8.92623
0;0x52;0x349;Kakariko - Carpenter's Boss House;0x39c;Kakariko -> Impa's House;12.0811
0;0x52;0x349;Kakariko - Carpenter's Boss House;0x3b;Kakariko -> Shooting;8.47976
0;0x52;0x349;Kakariko - Carpenter's Boss House;0x3ec;Kakariko Shop Back -> Potion Shop Back;25.901
0;0x52;0x349;Kakariko - Carpenter's Boss House;0x453;Kakariko -> Windmill;12.4086
0;0x52;0x349;Kakariko - Carpenter's Boss House;0x550;Kakariko -> House of Skulltula;7.14515
0;0x52;0x349;Kakariko - Carpenter's Boss House;0x5a0;Kakariko -> Redead Grotto;6.39586
0;0x52;0x349;Kakariko - Carpenter's Boss House;0x5c8;Kakariko -> Impa's House Back;13.4922
0;0x52;0x349;Kakariko - Carpenter's Boss House;0x72;Kakariko -> Granny Potion Shop;17.7988
0;0x52;0x349;Kakariko - Carpenter's Boss House;0x98;Kakariko -> Bottom of the Well;8.07452
0;0x52;0x349;Kakariko - Carpenter's Boss House;0xb7;Kakariko -> Bazaar;8.9836
0;0x52;0x349;Kakariko - Carpenter's Boss House;0xe4;Kakariko -> Graveyard;13.0964
0;0x52;0x34d;Kakariko - Granny Potion Shop;0x1002;Kakariko -> Open Grotto;4.4964
0;0x52;0x34d;Kakariko - Granny Potion Shop;0x13d;Kakariko -> Death Mountain Trail;16.9087
0;0x52;0x34d;Kakariko - Granny Potion Shop;0x17d;Kakariko -> Hyrule Field;15.669
0;0x52;0x34d;Kakariko - Granny Potion Shop;0x2fd;Kakariko -> Carpenter's Boss House;7.3595
0;0x52;0x34d;Kakariko - Granny Potion Shop;0x384;Kakariko -> Potion Shop;12.9071
0;0x52;0x34d;Kakariko - Granny Potion Shop;0x39c;Kakariko -> Impa's House;14.5085
0;0x52;0x34d;Kakariko - Granny Potion Shop;0x3b;Kakariko -> Shooting;8.8916
0;0x52;0x34d;Kakariko - Granny Potion Shop;0x3ec;Kakariko Shop Back -> Potion Shop Back;11.2415
0;0x52;0x34d;Kakariko - Granny Potion Shop;0x453;Kakariko -> Windmill;9.8833
0;0x52;0x34d;Kakariko - Granny Potion Shop;0x550;Kakariko -> House of Skulltula;9.1244
0;0x52;0x34d;Kakariko - Granny Potion Shop;0x5a0;Kakariko -> Redead Grotto;10.2863
0;0x52;0x34d;Kakariko - Granny Potion Shop;0x5c8;Kakariko -> Impa's House Back;13.4665
0;0x52;0x34d;Kakariko - Granny Potion Shop;0x72;Kakariko -> Granny Potion Shop;2.69208
0;0x52;0x34d;Kakariko - Granny Potion Shop;0x98;Kakariko -> Bottom of the Well;7.0807
0;0x52;0x34d;Kakariko - Granny Potion Shop;0xb7;Kakariko -> Bazaar;12.6599
0;0x52;0x34d;Kakariko - Granny Potion Shop;0xe4;Kakariko -> Graveyard;11.3588
0;0x52;0x351;Kakariko - Windmill;0x1002;Kakariko -> Open Grotto;9.44097
0;0x52;0x351;Kakariko - Windmill;0x13d;Kakariko -> Death Mountain Trail;20.3467
0;0x52;0x351;Kakariko - Windmill;0x17d;Kakariko -> Hyrule Field;18.6455
0;0x52;0x351;Kakariko - Windmill;0x2fd;Kakariko -> Carpenter's Boss House;10.5791
0;0x52;0x351;Kakariko - Windmill;0x384;Kakariko -> Potion Shop;17.068
0;0x52;0x351;Kakariko - Windmill;0x39c;Kakariko -> Impa's House;15.1046
0;0x52;0x351;Kakariko - Windmill;0x3b;Kakariko -> Shooting;8.13424
0;0x52;0x351;Kakariko - Windmill;0x3ec;Kakariko Shop Back -> Potion Shop Back;14.4416
0;0x52;0x351;Kakariko - Windmill;0x453;Kakariko -> Windmill;2.9794
0;0x52;0x351;Kakariko - Windmill;0x550;Kakariko -> House of Skulltula;10.0302
0;0x52;0x351;Kakariko - Windmill;0x5a0;Kakariko -> Redead Grotto;12.8061
0;0x52;0x351;Kakariko - Windmill;0x5c8;Kakariko -> Impa's House Back;14.1198
0;0x52;0x351;Kakariko - Windmill;0x72;Kakariko -> Granny Potion Shop;6.37301
0;0x52;0x351;Kakariko - Windmill;0x98;Kakariko -> Bottom of the Well;10.2831
0;0x52;0x351;Kakariko - Windmill;0xb7;Kakariko -> Bazaar;16.4064
0;0x52;0x351;Kakariko - Windmill;0xe4;Kakariko -> Graveyard;9.34015
0;0x53;0x355;Graveyard - Dampe's House;0x195;Graveyard -> Kakariko;5.51744
0;0x53;0x355;Graveyard - Dampe's House;0x2d;Graveyard -> Royal Family Tomb;12.1972
0;0x53;0x355;Graveyard - Dampe's House;0x30d;Graveyard -> Dampe's House;3.10034
0;0x53;0x355;Graveyard - Dampe's House;0x31c;Graveyard -> Redead Tomb;15.2121
0;0x53;0x355;Graveyard - Dampe's House;0x37;Graveyard -> Shadow Temple;-1
0;0x53;0x355;Graveyard - Dampe's House;0x44f;Graveyard -> Dampe's Tomb;11.811
0;0x53;0x355;Graveyard - Dampe's House;0x4b;Graveyard -> Fairy Fountain Tomb;11.8463
0;0x53;0x359;Graveyard - Dampe's Tomb;0x195;Graveyard -> Kakariko;7.29615
0;0x53;0x359;Graveyard - Dampe's Tomb;0x195;Graveyard -> Kakariko;7.34577
0;0x53;0x359;Graveyard - Dampe's Tomb;0x2d;Graveyard -> Royal Family Tomb;9.06815
0;0x53;0x359;Graveyard - Dampe's Tomb;0x30d;Graveyard -> Dampe's House;6.49788
0;0x53;0x359;Graveyard - Dampe's Tomb;0x31c;Graveyard -> Redead Tomb;13.4546
0;0x53;0x359;Graveyard - Dampe's Tomb;0x37;Graveyard -> Shadow Temple;-1
0;0x53;0x359;Graveyard - Dampe's Tomb;0x44f;Graveyard -> Dampe's Tomb;9.27987
0;0x53;0x359;Graveyard - Dampe's Tomb;0x4b;Graveyard -> Fairy Fountain Tomb;10.0613
0;0x53;0x359;Graveyard - Dampe's Tomb;0xfff04;Nocturne of Shadow -> Nocturne of Shadow;26.443
0;0x53;0x35d;Graveyard - Fairy Fountain Tomb;0x195;Graveyard -> Kakariko;6.64626
0;0x53;0x35d;Graveyard - Fairy Fountain Tomb;0x2d;Graveyard -> Royal Family Tomb;10.7894
0;0x53;0x35d;Graveyard - Fairy Fountain Tomb;0x30d;Graveyard -> Dampe's House;5.71496
0;0x53;0x35d;Graveyard - Fairy Fountain Tomb;0x31c;Graveyard -> Redead Tomb;13.6992
0;0x53;0x35d;Graveyard - Fairy Fountain Tomb;0x37;Graveyard -> Shadow Temple;-1
0;0x53;0x35d;Graveyard - Fairy Fountain Tomb;0x44f;Graveyard -> Dampe's Tomb;11.6318
0;0x53;0x35d;Graveyard - Fairy Fountain Tomb;0x4b;Graveyard -> Fairy Fountain Tomb;8.72225
0;0x53;0x361;Graveyard - Redead Tomb;0x195;Graveyard -> Kakariko;10.2696
0;0x53;0x361;Graveyard - Redead Tomb;0x2d;Graveyard -> Royal Family Tomb;6.87394
0;0x53;0x361;Graveyard - Redead Tomb;0x30d;Graveyard -> Dampe's House;10.0263
0;0x53;0x361;Graveyard - Redead Tomb;0x31c;Graveyard -> Redead Tomb;10.4995
0;0x53;0x361;Graveyard - Redead Tomb;0x37;Graveyard -> Shadow Temple;-1
0;0x53;0x361;Graveyard - Redead Tomb;0x44f;Graveyard -> Dampe's Tomb;13.3597
0;0x53;0x361;Graveyard - Redead Tomb;0x4b;Graveyard -> Fairy Fountain Tomb;12.504
0;0x5e;0x365;Haunted Wasteland - Desert Colossus;0x123;Haunted Wasteland -> Desert Colossus;4.33406
0;0x5e;0x365;Haunted Wasteland - Desert Colossus;0x3ac;Haunted Wasteland -> Gerudo's Fortress;65.5655
0;0x7;0x37;Shadow Temple - Graveyard;0x205;Shadow Temple -> Graveyard;3.07632
0;0x7;0x37;Shadow Temple - Graveyard;0x413;Shadow Temple -> Bongo-Bongo's Lair - Shadow Temple;139.556
0;0x7;0x37;Shadow Temple - Graveyard;0xf12;Shadow Temple -> Wallmaster;41.0037
0;0x88;0x371;Farore's Wind Fountain - Zora Fountain;0x394;Farore's Wind Fountain -> Zora Foutain;2.77354
0;0x63;0x378;Lon Lon's Ranch - Lon Lon's Ranch House;0x1012;Lon Lon's Ranch -> Open Grotto;20.7417
0;0x63;0x378;Lon Lon's Ranch - Lon Lon's Ranch House;0x1f9;Lon Lon's Ranch -> Hyrule Field;5.38301
0;0x63;0x378;Lon Lon's Ranch - Lon Lon's Ranch House;0x28a;Jump Middle Fence -> Hyrule Field - Jump Middle Fence;22.6711
0;0x63;0x378;Lon Lon's Ranch - Lon Lon's Ranch House;0x28e;Jump Right Fence -> Hyrule Field - Jump Right Fence;19.1509
0;0x63;0x378;Lon Lon's Ranch - Lon Lon's Ranch House;0x292;Jump Left Fence -> Hyrule Field - Jump Left Fence;11.9197
0;0x63;0x378;Lon Lon's Ranch - Lon Lon's Ranch House;0x2f9;Lon Lon's Ranch -> Stables;4.21291
0;0x63;0x378;Lon Lon's Ranch - Lon Lon's Ranch House;0x4f;Lon Lon's Ranch -> Lon Lon's Ranch House;3.50364
0;0x63;0x378;Lon Lon's Ranch - Lon Lon's Ranch House;0x5d0;Lon Lon's Ranch -> Silo;27.4574
0;0x2e;0x37c;Goron Shop - Goron City;0x3fc;Goron Shop -> Goron City;2.58603
0;0x2f;0x380;Zora Shop - Zora Domain;0x3c4;Zora Shop -> Zora Domain;2.61001
0;0x30;0x384;Potion Shop - Kakariko;0x44b;Potion Shop -> Kakariko;1.87077
0;0x30;0x384;Potion Shop - Kakariko;0x4ff;Potion Shop Back -> Kakariko Shop Back;2.14754
0;0x31;0x388;Potion Shop - Market;0x2a2;Potion Shop -> Market;2.59453
0;0x95;0x38c;Back Alley - Dog Lady's House;0x262;Back Alley Shooting Side -> Market Shooting Side;10.9518
0;0x95;0x38c;Back Alley - Dog Lady's House;0x29e;Back Alley Treasure Game Side -> Market Treasure Game Side;3.2571
0;0x95;0x38c;Back Alley - Dog Lady's House;0x398;Back Alley -> Dog Lady's House;2.59487
0;0x95;0x38c;Back Alley - Dog Lady's House;0x43b;Back Alley -> Alley House;10.6533
0;0x95;0x38c;Back Alley - Dog Lady's House;0x528;Back Alley -> Bombchu Shop;3.38618
0;0x59;0x394;Zora Foutain - Farore's Wind Fountain;0x1a1;Zora Fountain -> Zora Domain;17.459
0;0x59;0x394;Zora Foutain - Farore's Wind Fountain;0x28;Zora Fountain -> Inside Jabu-Jabu;17.7725
0;0x59;0x394;Zora Foutain - Farore's Wind Fountain;0x371;Zora Fountain -> Farore's Wind Fountain;2.89223
0;0x59;0x394;Zora Foutain - Farore's Wind Fountain;0x88;Zora Fountain -> Ice Cavern;33.4449
0;0x35;0x398;Dog Lady's House - Back Alley;0x38c;Dog Lady's House -> Back Alley;2.76655
0;0x37;0x39c;Impa's House - Kakariko;0x345;Impa's House -> Kakariko;2.75386
0;0x37;0x39c;Impa's House - Kakariko;0x5dc;Impa's House Back -> Kakariko;-1
0;0x39;0x3a0;Carpenter's Tent - Gerudo Valley;0x3d0;Carpenter's Tent -> Gerudo Valley;3.03945
0;0x5d;0x3a4;Gerudo's Fortress Jail 4 - Thieves' Hideout Jail 4;0x100d;Gerudo's Fortress -> Fairy Fountain Grotto;15.5645
0;0x5d;0x3a4;Gerudo's Fortress Jail 4 - Thieves' Hideout Jail 4;0x130;Gerudo's Fortress -> Haunted Wasteland;18.0031
0;0x5d;0x3a4;Gerudo's Fortress Jail 4 - Thieves' Hideout Jail 4;0x22d;Gerudo's Fortress -> Gerudo Valley;16.5619
0;0x5d;0x3a4;Gerudo's Fortress Jail 4 - Thieves' Hideout Jail 4;0x486;Gerudo's Fortress Jail 1 Left -> Thieves' Hideout Jail 1 Left;9.9223
0;0x5d;0x3a4;Gerudo's Fortress Jail 4 - Thieves' Hideout Jail 4;0x48a;Gerudo's Fortress Jail 1 Right -> Thieves' Hideout Jail 1 Right;7.49373
0;0x5d;0x3a4;Gerudo's Fortress Jail 4 - Thieves' Hideout Jail 4;0x48e;Gerudo's Fortress Kitchen Bottom -> Thieves' Hideout Kitchen Bottom;7.16274
0;0x5d;0x3a4;Gerudo's Fortress Jail 4 - Thieves' Hideout Jail 4;0x492;Gerudo's Fortress Kitchen Bottom to Top -> Thieves' Hideout Kitchen Bottom to Top;7.00656
0;0x5d;0x3a4;Gerudo's Fortress Jail 4 - Thieves' Hideout Jail 4;0x496;Gerudo's Fortress Jail 3 Bottom -> Thieves' Hideout Jail 3 Bottom;9.17267
0;0x5d;0x3a4;Gerudo's Fortress Jail 4 - Thieves' Hideout Jail 4;0x49a;Gerudo's Fortress Jail 3 Top -> Thieves' Hideout Jail 3 Top;5.15607
0;0x5d;0x3a4;Gerudo's Fortress Jail 4 - Thieves' Hideout Jail 4;0x49e;Gerudo's Fortress Jail 2 Bottom -> Thieves' Hideout Jail 2 Bottom;9.96613
0;0x5d;0x3a4;Gerudo's Fortress Jail 4 - Thieves' Hideout Jail 4;0x4a2;Gerudo's Fortress Jail 2 Top -> Thieves' Hideout Jail 2 Top;11.5734
0;0x5d;0x3a4;Gerudo's Fortress Jail 4 - Thieves' Hideout Jail 4;0x4a6;Gerudo's Fortress Kitchen Top Right -> Thieves' Hideout Kitchen Top Right;10.6289
0;0x5d;0x3a4;Gerudo's Fortress Jail 4 - Thieves' Hideout Jail 4;0x4aa;Gerudo's Fortress Kitchen Top Left -> Thieves' Hideout Kitchen Top Left;25.4683
0;0x5d;0x3a4;Gerudo's Fortress Jail 4 - Thieves' Hideout Jail 4;0x4ae;Gerudo's Fortress Breakout Bottom -> Thieves' Hideout Breakout Bottom;21.0939
0;0x5d;0x3a4;Gerudo's Fortress Jail 4 - Thieves' Hideout Jail 4;0x4b2;Gerudo's Fortress Breakout Top -> Thieves' Hideout Breakout Top;-1
0;0x5d;0x3a4;Gerudo's Fortress Jail 4 - Thieves' Hideout Jail 4;0x570;Gerudo's Fortress Jail 4 -> Thieves' Hideout Jail 4;2.62447
0;0x5d;0x3a4;Gerudo's Fortress Jail 4 - Thieves' Hideout Jail 4;0x5f80;Caught -> Gerudo's Fortress -> Caught;10.6871
0;0x5d;0x3a4;Gerudo's Fortress Jail 4 - Thieves' Hideout Jail 4;0x8;Gerudo's Fortress -> Gerudo Training Ground;16.2437
0;0x5d;0x3a8;Gerudo's Fortress - Gerudo Training Ground;0x100d;Gerudo's Fortress -> Fairy Fountain Grotto;14.8014
0;0x5d;0x3a8;Gerudo's Fortress - Gerudo Training Ground;0x130;Gerudo's Fortress -> Haunted Wasteland;16.7358
0;0x5d;0x3a8;Gerudo's Fortress - Gerudo Training Ground;0x22d;Gerudo's Fortress -> Gerudo Valley;9.34761
0;0x5d;0x3a8;Gerudo's Fortress - Gerudo Training Ground;0x486;Gerudo's Fortress Jail 1 Left -> Thieves' Hideout Jail 1 Left;7.82319
0;0x5d;0x3a8;Gerudo's Fortress - Gerudo Training Ground;0x48a;Gerudo's Fortress Jail 1 Right -> Thieves' Hideout Jail 1 Right;6.03596
0;0x5d;0x3a8;Gerudo's Fortress - Gerudo Training Ground;0x48e;Gerudo's Fortress Kitchen Bottom -> Thieves' Hideout Kitchen Bottom;6.07674
0;0x5d;0x3a8;Gerudo's Fortress - Gerudo Training Ground;0x492;Gerudo's Fortress Kitchen Bottom to Top -> Thieves' Hideout Kitchen Bottom to Top;9.68154
0;0x5d;0x3a8;Gerudo's Fortress - Gerudo Training Ground;0x496;Gerudo's Fortress Jail 3 Bottom -> Thieves' Hideout Jail 3 Bottom;4.67824
0;0x5d;0x3a8;Gerudo's Fortress - Gerudo Training Ground;0x49a;Gerudo's Fortress Jail 3 Top -> Thieves' Hideout Jail 3 Top;11.5558
0;0x5d;0x3a8;Gerudo's Fortress - Gerudo Training Ground;0x49e;Gerudo's Fortress Jail 2 Bottom -> Thieves' Hideout Jail 2 Bottom;6.74445
0;0x5d;0x3a8;Gerudo's Fortress - Gerudo Training Ground;0x4a2;Gerudo's Fortress Jail 2 Top -> Thieves' Hideout Jail 2 Top;15.8572
0;0x5d;0x3a8;Gerudo's Fortress - Gerudo Training Ground;0x4a6;Gerudo's Fortress Kitchen Top Right -> Thieves' Hideout Kitchen Top Right;15.5378
0;0x5d;0x3a8;Gerudo's Fortress - Gerudo Training Ground;0x4aa;Gerudo's Fortress Kitchen Top Left -> Thieves' Hideout Kitchen Top Left;22.8256
0;0x5d;0x3a8;Gerudo's Fortress - Gerudo Training Ground;0x4ae;Gerudo's Fortress Breakout Bottom -> Thieves' Hideout Breakout Bottom;17.8437
0;0x5d;0x3a8;Gerudo's Fortress - Gerudo Training Ground;0x4b2;Gerudo's Fortress Breakout Top -> Thieves' Hideout Breakout Top;-1
0;0x5d;0x3a8;Gerudo's Fortress - Gerudo Training Ground;0x570;Gerudo's Fortress Jail 4 -> Thieves' Hideout Jail 4;19.4076
0;0x5d;0x3a8;Gerudo's Fortress - Gerudo Training Ground;0x5f80;Caught -> Gerudo's Fortress -> Caught;3.29548
0;0x5d;0x3a8;Gerudo's Fortress - Gerudo Training Ground;0x8;Gerudo's Fortress -> Gerudo Training Ground;9.10917
0;0x5d;0x3ac;Gerudo's Fortress - Haunted Wasteland;0x100d;Gerudo's Fortress -> Fairy Fountain Grotto;20.7691
0;0x5d;0x3ac;Gerudo's Fortress - Haunted Wasteland;0x130;Gerudo's Fortress -> Haunted Wasteland;4.66796
0;0x5d;0x3ac;Gerudo's Fortress - Haunted Wasteland;0x22d;Gerudo's Fortress -> Gerudo Valley;15.0511
0;0x5d;0x3ac;Gerudo's Fortress - Haunted Wasteland;0x486;Gerudo's Fortress Jail 1 Left -> Thieves' Hideout Jail 1 Left;9.73858
0;0x5d;0x3ac;Gerudo's Fortress - Haunted Wasteland;0x48a;Gerudo's Fortress Jail 1 Right -> Thieves' Hideout Jail 1 Right;15.1801
0;0x5d;0x3ac;Gerudo's Fortress - Haunted Wasteland;0x48e;Gerudo's Fortress Kitchen Bottom -> Thieves' Hideout Kitchen Bottom;13.2317
0;0x5d;0x3ac;Gerudo's Fortress - Haunted Wasteland;0x492;Gerudo's Fortress Kitchen Bottom to Top -> Thieves' Hideout Kitchen Bottom to Top;20.7333
0;0x5d;0x3ac;Gerudo's Fortress - Haunted Wasteland;0x496;Gerudo's Fortress Jail 3 Bottom -> Thieves' Hideout Jail 3 Bottom;13.3828
0;0x5d;0x3ac;Gerudo's Fortress - Haunted Wasteland;0x49a;Gerudo's Fortress Jail 3 Top -> Thieves' Hideout Jail 3 Top;22.888
0;0x5d;0x3ac;Gerudo's Fortress - Haunted Wasteland;0x49e;Gerudo's Fortress Jail 2 Bottom -> Thieves' Hideout Jail 2 Bottom;18.2961
0;0x5d;0x3ac;Gerudo's Fortress - Haunted Wasteland;0x4a2;Gerudo's Fortress Jail 2 Top -> Thieves' Hideout Jail 2 Top;30.0711
0;0x5d;0x3ac;Gerudo's Fortress - Haunted Wasteland;0x4a6;Gerudo's Fortress Kitchen Top Right -> Thieves' Hideout Kitchen Top Right;29.7939
0;0x5d;0x3ac;Gerudo's Fortress - Haunted Wasteland;0x4aa;Gerudo's Fortress Kitchen Top Left -> Thieves' Hideout Kitchen Top Left;24.7014
0;0x5d;0x3ac;Gerudo's Fortress - Haunted Wasteland;0x4ae;Gerudo's Fortress Breakout Bottom -> Thieves' Hideout Breakout Bottom;18.1011
0;0x5d;0x3ac;Gerudo's Fortress - Haunted Wasteland;0x4b2;Gerudo's Fortress Breakout Top -> Thieves' Hideout Breakout Top;-1
0;0x5d;0x3ac;Gerudo's Fortress - Haunted Wasteland;0x570;Gerudo's Fortress Jail 4 -> Thieves' Hideout Jail 4;23.6144
0;0x5d;0x3ac;Gerudo's Fortress - Haunted Wasteland;0x5f80;Caught -> Gerudo's Fortress -> Caught;5.38716
0;0x5d;0x3ac;Gerudo's Fortress - Haunted Wasteland;0x8;Gerudo's Fortress -> Gerudo Training Ground;20.0446
0;0x8f;0x3b;Shooting - Kakariko;0x463;Shooting -> Kakariko;2.4727
0;0x8f;0x3b;Shooting - Kakariko;0x463;Shooting -> Kakariko;14.985
0;0x98;0x3b8;Market - Bazaar;0x138;Market -> Hyrule Castle;6.82324
0;0x98;0x3b8;Market - Bazaar;0x1381;Market -> Ganon Castle Exterior;9.13734
0;0x98;0x3b8;Market - Bazaar;0x16d;Market -> Shooting;6.994
0;0x98;0x3b8;Market - Bazaar;0x171;Market -> Temple of Time Entryway;4.69962
0;0x98;0x3b8;Market - Bazaar;0x29a;Market Treasure Game Side -> Back Alley Treasure Game Side;6.13134
0;0x98;0x3b8;Market - Bazaar;0x33;Market -> Market Entrance;5.72762
0;0x98;0x3b8;Market - Bazaar;0x33;Market -> Market Entrance;5.49054
0;0x98;0x3b8;Market - Bazaar;0x388;Market -> Potion Shop;4.18329
0;0x98;0x3b8;Market - Bazaar;0x507;Market -> Bombchu Bowling;6.63205
0;0x98;0x3b8;Market - Bazaar;0x52c;Market -> Bazaar;3.02301
0;0x98;0x3b8;Market - Bazaar;0x530;Market -> Mask Shop;5.79346
0;0x98;0x3b8;Market - Bazaar;0x63;Market -> Treasure Game;16.757
0;0x98;0x3b8;Market - Bazaar;0xad;Market Shooting Side -> Back Alley Shooting Side;7.88755
0;0x98;0x3bc;Market - Bombchu Bowling;0x138;Market -> Hyrule Castle;5.80667
0;0x98;0x3bc;Market - Bombchu Bowling;0x1381;Market -> Ganon Castle Exterior;5.80667
0;0x98;0x3bc;Market - Bombchu Bowling;0x16d;Market -> Shooting;6.43355
0;0x98;0x3bc;Market - Bombchu Bowling;0x171;Market -> Temple of Time Entryway;6.1667
0;0x98;0x3bc;Market - Bombchu Bowling;0x29a;Market Treasure Game Side -> Back Alley Treasure Game Side;6.26213
0;0x98;0x3bc;Market - Bombchu Bowling;0x33;Market -> Market Entrance;7.4168
0;0x98;0x3bc;Market - Bombchu Bowling;0x388;Market -> Potion Shop;6.35962
0;0x98;0x3bc;Market - Bombchu Bowling;0x507;Market -> Bombchu Bowling;2.84002
0;0x98;0x3bc;Market - Bombchu Bowling;0x52c;Market -> Bazaar;6.71185
0;0x98;0x3bc;Market - Bombchu Bowling;0x530;Market -> Mask Shop;7.12597
0;0x98;0x3bc;Market - Bombchu Bowling;0x63;Market -> Treasure Game;16.2832
0;0x98;0x3bc;Market - Bombchu Bowling;0xad;Market Shooting Side -> Back Alley Shooting Side;4.71392
0;0x95;0x3c0;Back Alley - Bombchu Shop;0x262;Back Alley Shooting Side -> Market Shooting Side;10.7361
0;0x95;0x3c0;Back Alley - Bombchu Shop;0x29e;Back Alley Treasure Game Side -> Market Treasure Game Side;2.84389
0;0x95;0x3c0;Back Alley - Bombchu Shop;0x398;Back Alley -> Dog Lady's House;3.03888
0;0x95;0x3c0;Back Alley - Bombchu Shop;0x43b;Back Alley -> Alley House;12.2127
0;0x95;0x3c0;Back Alley - Bombchu Shop;0x528;Back Alley -> Bombchu Shop;3.55323
0;0x58;0x3c4;Zora Domain - Zora Shop;0x100c;Zora Domain -> Fairy Fountain Grotto;18.9396
0;0x58;0x3c4;Zora Domain - Zora Shop;0x19d;Zora Domain -> Zora River;9.60412
0;0x58;0x3c4;Zora Domain - Zora Shop;0x225;Zora Domain -> Zora Fountain;18.6736
0;0x58;0x3c4;Zora Domain - Zora Shop;0x380;Zora Domain -> Zora Shop;2.35425
0;0x58;0x3c4;Zora Domain - Zora Shop;0x560;Zora's Domain Shortcut -> Lake Hylia;10.8633
0;0x57;0x3cc;Lake Hylia - Laboratory;0x10;Lake Hylia -> Water Temple;17.3309
0;0x57;0x3cc;Lake Hylia - Laboratory;0x1015;Lake Hylia -> Under Tomb Grotto;26.2782
0;0x57;0x3cc;Lake Hylia - Laboratory;0x189;Lake Hylia -> Hyrule Field;15.0722
0;0x57;0x3cc;Lake Hylia - Laboratory;0x27e;Owl Drop -> Hyrule Field - Owl Drop;19.5806
0;0x57;0x3cc;Lake Hylia - Laboratory;0x328;Lake Hylia's Shortcut -> Zora Domain;10.507
0;0x57;0x3cc;Lake Hylia - Laboratory;0x43;Lake Hylia -> Laboratory;3.01137
0;0x57;0x3cc;Lake Hylia - Laboratory;0x45f;Lake Hylia -> Fishing Pond;27.2602
0;0x5a;0x3d0;Gerudo Valley - Carpenter's Tent;0x1010;Gerudo Valley -> Storms Grotto;17.5523
0;0x5a;0x3d0;Gerudo Valley - Carpenter's Tent;0x129;Gerudo Valley -> Gerudo's Fortress;11.4046
0;0x5a;0x3d0;Gerudo Valley - Carpenter's Tent;0x18d;Gerudo Valley -> Hyrule Field;17.194
0;0x5a;0x3d0;Gerudo Valley - Carpenter's Tent;0x1a50;Caught -> Gerudo's Valley -> Caught;8.42862
0;0x5a;0x3d0;Gerudo Valley - Carpenter's Tent;0x219;Waterfalls -> Lake Hylia - Waterfalls;17.5885
0;0x5a;0x3d0;Gerudo Valley - Carpenter's Tent;0x3a0;Gerudo Valley -> Carpenter's Tent;2.91497
0;0x5a;0x3d0;Gerudo Valley - Carpenter's Tent;0x5ac;Gerudo Valley -> Octorok Grotto;17.4355
0;0x59;0x3d4;Zora Fountain - Ice Cavern;0x1a1;Zora Fountain -> Zora Domain;18.0237
0;0x59;0x3d4;Zora Fountain - Ice Cavern;0x28;Zora Fountain -> Inside Jabu-Jabu;15.8965
0;0x59;0x3d4;Zora Fountain - Ice Cavern;0x371;Zora Fountain -> Farore's Wind Fountain;34.258
0;0x59;0x3d4;Zora Fountain - Ice Cavern;0x88;Zora Fountain -> Ice Cavern;2.6318
0;0x30;0x3ec;Potion Shop Back - Kakariko Shop Back;0x44b;Potion Shop -> Kakariko;2.37871
0;0x30;0x3ec;Potion Shop Back - Kakariko Shop Back;0x4ff;Potion Shop Back -> Kakariko Shop Back;3.00265
0;0x6;0x3f0;Spirit Temple - Silver Gauntlet;0x1e1;Spirit Temple -> Desert Colossus;14.674
0;0x6;0x3f0;Spirit Temple - Silver Gauntlet;0x1e5;Silver Gauntlet -> Desert Colossus;2.86555
0;0x6;0x3f0;Spirit Temple - Silver Gauntlet;0x1e9;Miror Shield -> Desert Colossus;3.21914
0;0x6;0x3f0;Spirit Temple - Silver Gauntlet;0x8d;Spirit Temple -> Twinrova's Lair - Spirit Temple;102.5
0;0x6;0x3f0;Spirit Temple - Silver Gauntlet;0xf13;Spirit Temple -> Wallmaster - Child Rupees;41.7931
0;0x6;0x3f0;Spirit Temple - Silver Gauntlet;0xf14;Spirit Temple -> Wallmaster - Adult Climb;49.8246
0;0x6;0x3f0;Spirit Temple - Silver Gauntlet;0xf15;Spirit Temple -> Wallmaster - Child Sun;37.8442
0;0x6;0x3f0;Spirit Temple - Silver Gauntlet;0xf16;Spirit Temple -> Wallmaster - Statue Room;45.7679
0;0x6;0x3f4;Spirit Temple - Miror Shield;0x1e1;Spirit Temple -> Desert Colossus;10.864
0;0x6;0x3f4;Spirit Temple - Miror Shield;0x1e5;Silver Gauntlet -> Desert Colossus;86.2719
0;0x6;0x3f4;Spirit Temple - Miror Shield;0x1e9;Miror Shield -> Desert Colossus;2.56224
0;0x6;0x3f4;Spirit Temple - Miror Shield;0x8d;Spirit Temple -> Twinrova's Lair - Spirit Temple;60.3427
0;0x6;0x3f4;Spirit Temple - Miror Shield;0xf13;Spirit Temple -> Wallmaster - Child Rupees;38.083
0;0x6;0x3f4;Spirit Temple - Miror Shield;0xf14;Spirit Temple -> Wallmaster - Adult Climb;44.8782
0;0x6;0x3f4;Spirit Temple - Miror Shield;0xf15;Spirit Temple -> Wallmaster - Child Sun;76.5188
0;0x6;0x3f4;Spirit Temple - Miror Shield;0xf16;Spirit Temple -> Wallmaster - Statue Room;45.7952
0;0x62;0x3fc;Goron City - Goron Shop;0x1013;Goron City -> Open Grotto;29.2357
0;0x62;0x3fc;Goron City - Goron Shop;0x1b9;Goron City -> Death Mountain Trail;18.9901
0;0x62;0x3fc;Goron City - Goron Shop;0x246;Goron City -> Death Mountain Crater;7.85801
0;0x62;0x3fc;Goron City - Goron Shop;0x37c;Goron City -> Goron Shop;3.09524
0;0x62;0x3fc;Goron City - Goron Shop;0x4d6;Goron City -> Lost Woods;12.8881
0;0x62;0x3fc;Goron City - Goron Shop;0xfff04;Nocturne of Shadow -> Nocturne of Shadow;19.3359
0;0x1;0x4;Dodongo Cavern - Death Mountain Trail;0x242;Dodongo Cavern -> Death Mountain Trail;2.70323
0;0x1;0x4;Dodongo Cavern - Death Mountain Trail;0x40b;Dodongo Cavern -> King Dodongo's Lair - Dodongo Cavern;72.6961
0;0x4a;0x400;Castle Courtyard - Hyrule Castle;0x296;Castle Courtyard -> Hyrule Castle;2.89754
0;0x12;0x40b;King Dodongo's Lair - Dodongo Cavern - Dodongo Cavern;0x24200;Warp Boss -> King Dodongo's Lair -> Warp Boss;7.50766
0;0x11;0x40f;Gohma's Lair - Deku Tree - Deku Tree;0x45700;Warp Boss -> Gohma's Lair -> Warp Boss;6.74825
0;0x18;0x413;Bongo-Bongo's Lair - Shadow Temple - Shadow Temple;0x29200;Warp Boss -> Bongo-Bongo's Lair -> Warp Boss;4.90609
0;0x16;0x417;Morpha's Lair - Water Temple - Water Temple;0x28200;Warp Boss -> Morpha's Lair -> Warp Boss;5.19729
0;0xa;0x41b;Ganon Tower - Inside Ganon Castle;0x41f;Ganon Tower -> Ganondorf's Lair - Ganon Tower;57.0085
0;0xa;0x41b;Ganon Tower - Inside Ganon Castle;0x534;Ganon Tower -> Inside Ganon Castle;2.67805
0;0x63;0x42f;Lon Lon's Ranch - Stables;0x1012;Lon Lon's Ranch -> Open Grotto;20.3244
0;0x63;0x42f;Lon Lon's Ranch - Stables;0x1f9;Lon Lon's Ranch -> Hyrule Field;6.11574
0;0x63;0x42f;Lon Lon's Ranch - Stables;0x28a;Jump Middle Fence -> Hyrule Field - Jump Middle Fence;22.7596
0;0x63;0x42f;Lon Lon's Ranch - Stables;0x28e;Jump Right Fence -> Hyrule Field - Jump Right Fence;19.0957
0;0x63;0x42f;Lon Lon's Ranch - Stables;0x292;Jump Left Fence -> Hyrule Field - Jump Left Fence;11.9402
0;0x63;0x42f;Lon Lon's Ranch - Stables;0x2f9;Lon Lon's Ranch -> Stables;2.66578
0;0x63;0x42f;Lon Lon's Ranch - Stables;0x4f;Lon Lon's Ranch -> Lon Lon's Ranch House;3.95621
0;0x63;0x42f;Lon Lon's Ranch - Stables;0x5d0;Lon Lon's Ranch -> Silo;25.3148
0;0x38;0x43;Laboratory - Lake Hylia;0x3cc;Laboratory -> Lake Hylia;2.40422
0;0x28;0x433;Mido's House - Kokiri Forest;0x443;Mido's House -> Kokiri Forest;2.05999
0;0x29;0x437;Saria's House - Kokiri Forest;0x447;Saria's House -> Kokiri Forest;2.46682
0;0x2b;0x43b;Alley House - Back Alley;0x67;Alley House -> Back Alley;2.9842
0;0x55;0x443;Kokiri Forest - Mido's House;0x0;Kokiri Forest -> Deku Tree;24.2323
0;0x55;0x443;Kokiri Forest - Mido's House;0x1000;Kokiri Forest -> Storms Grotto;25.1902
0;0x55;0x443;Kokiri Forest - Mido's House;0x11e;Kokiri Forest -> Lost Woods;16.8383
0;0x55;0x443;Kokiri Forest - Mido's House;0x272;Kokiri Forest -> Link's House;12.025
0;0x55;0x443;Kokiri Forest - Mido's House;0x433;Kokiri Forest -> Mido's House;2.6033
0;0x55;0x443;Kokiri Forest - Mido's House;0x437;Kokiri Forest -> Saria's House;7.42997
0;0x55;0x443;Kokiri Forest - Mido's House;0x5e0;Kokiri Forest Bridge -> Lost Woods;6.69511
0;0x55;0x443;Kokiri Forest - Mido's House;0x9c;Kokiri Forest -> Twin's House;8.74787
0;0x55;0x443;Kokiri Forest - Mido's House;0xc1;Kokiri Forest -> Kokiri Shop;8.94135
0;0x55;0x443;Kokiri Forest - Mido's House;0xc9;Kokiri Forest -> Know-It-All Brothers;5.80863
0;0x55;0x447;Kokiri Forest - Saria's House;0x0;Kokiri Forest -> Deku Tree;19.5503
0;0x55;0x447;Kokiri Forest - Saria's House;0x1000;Kokiri Forest -> Storms Grotto;30.7705
0;0x55;0x447;Kokiri Forest - Saria's House;0x11e;Kokiri Forest -> Lost Woods;21.2014
0;0x55;0x447;Kokiri Forest - Saria's House;0x272;Kokiri Forest -> Link's House;12.531
0;0x55;0x447;Kokiri Forest - Saria's House;0x433;Kokiri Forest -> Mido's House;7.38606
0;0x55;0x447;Kokiri Forest - Saria's House;0x437;Kokiri Forest -> Saria's House;2.70137
0;0x55;0x447;Kokiri Forest - Saria's House;0x5e0;Kokiri Forest Bridge -> Lost Woods;11.5869
0;0x55;0x447;Kokiri Forest - Saria's House;0x9c;Kokiri Forest -> Twin's House;4.90465
0;0x55;0x447;Kokiri Forest - Saria's House;0xc1;Kokiri Forest -> Kokiri Shop;5.62769
0;0x55;0x447;Kokiri Forest - Saria's House;0xc9;Kokiri Forest -> Know-It-All Brothers;9.3414
0;0x52;0x44b;Kakariko - Potion Shop;0x1002;Kakariko -> Open Grotto;20.8892
0;0x52;0x44b;Kakariko - Potion Shop;0x13d;Kakariko -> Death Mountain Trail;7.06125
0;0x52;0x44b;Kakariko - Potion Shop;0x17d;Kakariko -> Hyrule Field;11.381
0;0x52;0x44b;Kakariko - Potion Shop;0x2fd;Kakariko -> Carpenter's Boss House;4.3206
0;0x52;0x44b;Kakariko - Potion Shop;0x384;Kakariko -> Potion Shop;2.6609
0;0x52;0x44b;Kakariko - Potion Shop;0x39c;Kakariko -> Impa's House;12.5167
0;0x52;0x44b;Kakariko - Potion Shop;0x3b;Kakariko -> Shooting;7.2463
0;0x52;0x44b;Kakariko - Potion Shop;0x3ec;Kakariko Shop Back -> Potion Shop Back;22.413
0;0x52;0x44b;Kakariko - Potion Shop;0x453;Kakariko -> Windmill;12.5415
0;0x52;0x44b;Kakariko - Potion Shop;0x550;Kakariko -> House of Skulltula;8.0987
0;0x52;0x44b;Kakariko - Potion Shop;0x5a0;Kakariko -> Redead Grotto;7.2741
0;0x52;0x44b;Kakariko - Potion Shop;0x5c8;Kakariko -> Impa's House Back;13.2162
0;0x52;0x44b;Kakariko - Potion Shop;0x72;Kakariko -> Granny Potion Shop;24.1565
0;0x52;0x44b;Kakariko - Potion Shop;0x98;Kakariko -> Bottom of the Well;10.1502
0;0x52;0x44b;Kakariko - Potion Shop;0xb7;Kakariko -> Bazaar;3.45584
0;0x52;0x44b;Kakariko - Potion Shop;0xe4;Kakariko -> Graveyard;11.9912
0;0x48;0x44f;Dampe's Tomb - Graveyard;0x359;Dampe's Tomb -> Graveyard;2.69308
0;0x92;0x453;Windmill - Kakariko;0x351;Windmill -> Kakariko;2.67169
0;0x55;0x457;Kokiri Forest - Warp Gohma - Warp Gohma;0x0;Kokiri Forest -> Deku Tree;14.5978
0;0x55;0x457;Kokiri Forest - Warp Gohma - Warp Gohma;0x1000;Kokiri Forest -> Storms Grotto;34.7236
0;0x55;0x457;Kokiri Forest - Warp Gohma - Warp Gohma;0x11e;Kokiri Forest -> Lost Woods;25.5585
0;0x55;0x457;Kokiri Forest - Warp Gohma - Warp Gohma;0x272;Kokiri Forest -> Link's House;17.9401
0;0x55;0x457;Kokiri Forest - Warp Gohma - Warp Gohma;0x433;Kokiri Forest -> Mido's House;14.0468
0;0x55;0x457;Kokiri Forest - Warp Gohma - Warp Gohma;0x437;Kokiri Forest -> Saria's House;8.3748
0;0x55;0x457;Kokiri Forest - Warp Gohma - Warp Gohma;0x5e0;Kokiri Forest Bridge -> Lost Woods;16.3723
0;0x55;0x457;Kokiri Forest - Warp Gohma - Warp Gohma;0x9c;Kokiri Forest -> Twin's House;5.9934
0;0x55;0x457;Kokiri Forest - Warp Gohma - Warp Gohma;0xc1;Kokiri Forest -> Kokiri Shop;6.70096
0;0x55;0x457;Kokiri Forest - Warp Gohma - Warp Gohma;0xc9;Kokiri Forest -> Know-It-All Brothers;14.6455
0;0x60;0x45b;Death Mountain Trail - Magic Upgrade Fountain;0x1003;Death Mountain Trail -> Storms Grotto;30.2686
0;0x60;0x45b;Death Mountain Trail - Magic Upgrade Fountain;0x147;Death Mountain Trail -> Death Mountain Crater;4.841
0;0x60;0x45b;Death Mountain Trail - Magic Upgrade Fountain;0x14d;Death Mountain Trail -> Goron City;23.3697
0;0x60;0x45b;Death Mountain Trail - Magic Upgrade Fountain;0x191;Death Mountain Trail -> Kakariko;39.5297
0;0x60;0x45b;Death Mountain Trail - Magic Upgrade Fountain;0x315;Death Mountain Trail -> Magic Upgrade Fountain;2.92901
0;0x60;0x45b;Death Mountain Trail - Magic Upgrade Fountain;0x4;Death Mountain Trail -> Dodongo Cavern;36.6311
0;0x60;0x45b;Death Mountain Trail - Magic Upgrade Fountain;0x554;Owl Drop -> Kakariko - Owl Drop;7.333
0;0x60;0x45b;Death Mountain Trail - Magic Upgrade Fountain;0x5fc;Death Mountain Trail -> Cow Grotto;21.8752
0;0x49;0x45f;Fishing Pond - Lake Hylia;0x309;Fishing Pond -> Lake Hylia;2.60816
0;0x52;0x463;Kakariko - Shooting;0x1002;Kakariko -> Open Grotto;13.7403
0;0x52;0x463;Kakariko - Shooting;0x13d;Kakariko -> Death Mountain Trail;15.713
0;0x52;0x463;Kakariko - Shooting;0x17d;Kakariko -> Hyrule Field;13.9525
0;0x52;0x463;Kakariko - Shooting;0x2fd;Kakariko -> Carpenter's Boss House;7.47505
0;0x52;0x463;Kakariko - Shooting;0x384;Kakariko -> Potion Shop;11.6102
0;0x52;0x463;Kakariko - Shooting;0x39c;Kakariko -> Impa's House;13.0517
0;0x52;0x463;Kakariko - Shooting;0x3b;Kakariko -> Shooting;2.74911
0;0x52;0x463;Kakariko - Shooting;0x3ec;Kakariko Shop Back -> Potion Shop Back;21.3004
0;0x52;0x463;Kakariko - Shooting;0x453;Kakariko -> Windmill;9.83475
0;0x52;0x463;Kakariko - Shooting;0x550;Kakariko -> House of Skulltula;6.30899
0;0x52;0x463;Kakariko - Shooting;0x5a0;Kakariko -> Redead Grotto;8.6801
0;0x52;0x463;Kakariko - Shooting;0x5c8;Kakariko -> Impa's House Back;11.1831
0;0x52;0x463;Kakariko - Shooting;0x72;Kakariko -> Granny Potion Shop;12.3376
0;0x52;0x463;Kakariko - Shooting;0x98;Kakariko -> Bottom of the Well;8.33245
0;0x52;0x463;Kakariko - Shooting;0xb7;Kakariko -> Bazaar;11.9287
0;0x52;0x463;Kakariko - Shooting;0xe4;Kakariko -> Graveyard;9.32543
0;0xd;0x467;Inside Ganon Castle - Ganon Castle Exterior;0x23d;Ganon Castle -> Ganon Castle Exterior;1.76255
0;0xd;0x467;Inside Ganon Castle - Ganon Castle Exterior;0x41b;Inside Ganon Castle -> Ganon Tower;12.8933
0;0xd;0x467;Inside Ganon Castle - Ganon Castle Exterior;0xf1b;Ganon Castle -> Wallmaster - Spirit Trial;38.4902
0;0xd;0x467;Inside Ganon Castle - Ganon Castle Exterior;0xf1c;Ganon Castle -> Wallmaster - Light Trial;46.0328
0;0x94;0x472;Temple of Time Entryway - Temple of Time;0x25e;Temple of Time Entryway Entrance -> Market;6.98031
0;0x94;0x472;Temple of Time Entryway - Temple of Time;0x53;Temple of Time Entryway -> Temple of Time;3.12921
0;0x5f;0x47e;Hyrule Castle - Gate - Gate;0x25a;Hyrule Castle -> Market;9.51015
0;0x5f;0x47e;Hyrule Castle - Gate - Gate;0x400;Hyrule Castle -> Castle Courtyard;61.2092
0;0x5f;0x47e;Hyrule Castle - Gate - Gate;0x47e0;Caught -> Hyrule Castle -> Caught;22.2802
0;0x5f;0x47e;Hyrule Castle - Gate - Gate;0x578;Hyrule Castle -> Din's Fire Fountain;27.8505
0;0x5f;0x47e;Hyrule Castle - Gate - Gate;0x5b8;Hyrule Castle -> Storms Grotto;63.6623
0;0x61;0x482;Death Mountain Crater - Large Magic Upgrade Fountain;0x1004;Death Mountain Crater -> Boulder Grotto;18.4182
0;0x61;0x482;Death Mountain Crater - Large Magic Upgrade Fountain;0x1014;Death Mountain Crater -> Red Boulder Grotto;11.9949
0;0x61;0x482;Death Mountain Crater - Large Magic Upgrade Fountain;0x165;Death Mountain Crater -> Fire Temple;23.6885
0;0x61;0x482;Death Mountain Crater - Large Magic Upgrade Fountain;0x1bd;Death Mountain Crater -> Death Mountain Trail;19.5567
0;0x61;0x482;Death Mountain Crater - Large Magic Upgrade Fountain;0x1c1;Death Mountain Crater -> Goron City;6.31922
0;0x61;0x482;Death Mountain Crater - Large Magic Upgrade Fountain;0x4be;Death Mountain Crater -> Large Magic Upgrade Fountain;2.82433
0;0xc;0x486;Thieves' Hideout Jail 1 Left - Gerudo's Fortress Jail 1 Left;0x231;Thieves' Hideout Jail 1 Left -> Gerudo's Fortress Jail 1 Left;2.55057
0;0xc;0x486;Thieves' Hideout Jail 1 Left - Gerudo's Fortress Jail 1 Left;0x235;Thieves' Hideout Jail 1 Right -> Gerudo's Fortress Jail 1 Right;2.20287
0;0xc;0x486;Thieves' Hideout Jail 1 Left - Gerudo's Fortress Jail 1 Left;0x239;Thieves' Hideout Kitchen Bottom -> Gerudo's Fortress Kitchen Bottom;-1
0;0xc;0x486;Thieves' Hideout Jail 1 Left - Gerudo's Fortress Jail 1 Left;0x2aa;Thieves' Hideout Kitchen Bottom to Top -> Gerudo's Fortress Kitchen Bottom to Top;-1
0;0xc;0x486;Thieves' Hideout Jail 1 Left - Gerudo's Fortress Jail 1 Left;0x2ba;Thieves' Hideout Jail 3 Bottom -> Gerudo's Fortress Jail 3 Bottom;-1
0;0xc;0x486;Thieves' Hideout Jail 1 Left - Gerudo's Fortress Jail 1 Left;0x2be;Thieves' Hideout Jail 3 Top -> Gerudo's Fortress Jail 3 Top;-1
0;0xc;0x486;Thieves' Hideout Jail 1 Left - Gerudo's Fortress Jail 1 Left;0x2c2;Thieves' Hideout Jail 2 Bottom -> Gerudo's Fortress Jail 2 Bottom;-1
0;0xc;0x486;Thieves' Hideout Jail 1 Left - Gerudo's Fortress Jail 1 Left;0x2c6;Thieves' Hideout Jail 2 Top -> Gerudo's Fortress Jail 2 Top;-1
0;0xc;0x486;Thieves' Hideout Jail 1 Left - Gerudo's Fortress Jail 1 Left;0x2d2;Thieves' Hideout Kitchen Top Right -> Gerudo's Fortress Kitchen Top Right;-1
0;0xc;0x486;Thieves' Hideout Jail 1 Left - Gerudo's Fortress Jail 1 Left;0x2d6;Thieves' Hideout Kitchen Top Left -> Gerudo's Fortress Kitchen Top Left;-1
0;0xc;0x486;Thieves' Hideout Jail 1 Left - Gerudo's Fortress Jail 1 Left;0x2da;Thieves' Hideout Breakout Bottom -> Gerudo's Fortress Breakout Bottom;-1
0;0xc;0x486;Thieves' Hideout Jail 1 Left - Gerudo's Fortress Jail 1 Left;0x2de;Thieves' Hideout Breakout Top -> Gerudo's Fortress Breakout Top;-1
0;0xc;0x486;Thieves' Hideout Jail 1 Left - Gerudo's Fortress Jail 1 Left;0x3a4;Thieves' Hideout Jail 4 -> Gerudo's Fortress Jail 4;-1
0;0xc;0x48a;Thieves' Hideout Jail 1 Right - Gerudo's Fortress Jail 1 Right;0x231;Thieves' Hideout Jail 1 Left -> Gerudo's Fortress Jail 1 Left;6.65496
0;0xc;0x48a;Thieves' Hideout Jail 1 Right - Gerudo's Fortress Jail 1 Right;0x235;Thieves' Hideout Jail 1 Right -> Gerudo's Fortress Jail 1 Right;2.50719
0;0xc;0x48a;Thieves' Hideout Jail 1 Right - Gerudo's Fortress Jail 1 Right;0x239;Thieves' Hideout Kitchen Bottom -> Gerudo's Fortress Kitchen Bottom;-1
0;0xc;0x48a;Thieves' Hideout Jail 1 Right - Gerudo's Fortress Jail 1 Right;0x2aa;Thieves' Hideout Kitchen Bottom to Top -> Gerudo's Fortress Kitchen Bottom to Top;-1
0;0xc;0x48a;Thieves' Hideout Jail 1 Right - Gerudo's Fortress Jail 1 Right;0x2ba;Thieves' Hideout Jail 3 Bottom -> Gerudo's Fortress Jail 3 Bottom;-1
0;0xc;0x48a;Thieves' Hideout Jail 1 Right - Gerudo's Fortress Jail 1 Right;0x2be;Thieves' Hideout Jail 3 Top -> Gerudo's Fortress Jail 3 Top;-1
0;0xc;0x48a;Thieves' Hideout Jail 1 Right - Gerudo's Fortress Jail 1 Right;0x2c2;Thieves' Hideout Jail 2 Bottom -> Gerudo's Fortress Jail 2 Bottom;-1
0;0xc;0x48a;Thieves' Hideout Jail 1 Right - Gerudo's Fortress Jail 1 Right;0x2c6;Thieves' Hideout Jail 2 Top -> Gerudo's Fortress Jail 2 Top;-1
0;0xc;0x48a;Thieves' Hideout Jail 1 Right - Gerudo's Fortress Jail 1 Right;0x2d2;Thieves' Hideout Kitchen Top Right -> Gerudo's Fortress Kitchen Top Right;-1
0;0xc;0x48a;Thieves' Hideout Jail 1 Right - Gerudo's Fortress Jail 1 Right;0x2d6;Thieves' Hideout Kitchen Top Left -> Gerudo's Fortress Kitchen Top Left;-1
0;0xc;0x48a;Thieves' Hideout Jail 1 Right - Gerudo's Fortress Jail 1 Right;0x2da;Thieves' Hideout Breakout Bottom -> Gerudo's Fortress Breakout Bottom;-1
0;0xc;0x48a;Thieves' Hideout Jail 1 Right - Gerudo's Fortress Jail 1 Right;0x2de;Thieves' Hideout Breakout Top -> Gerudo's Fortress Breakout Top;-1
0;0xc;0x48a;Thieves' Hideout Jail 1 Right - Gerudo's Fortress Jail 1 Right;0x3a4;Thieves' Hideout Jail 4 -> Gerudo's Fortress Jail 4;-1
0;0xc;0x48e;Thieves' Hideout Kitchen Bottom - Gerudo's Fortress Kitchen Bottom;0x231;Thieves' Hideout Jail 1 Left -> Gerudo's Fortress Jail 1 Left;-1
0;0xc;0x48e;Thieves' Hideout Kitchen Bottom - Gerudo's Fortress Kitchen Bottom;0x235;Thieves' Hideout Jail 1 Right -> Gerudo's Fortress Jail 1 Right;-1
0;0xc;0x48e;Thieves' Hideout Kitchen Bottom - Gerudo's Fortress Kitchen Bottom;0x239;Thieves' Hideout Kitchen Bottom -> Gerudo's Fortress Kitchen Bottom;2.55823
0;0xc;0x48e;Thieves' Hideout Kitchen Bottom - Gerudo's Fortress Kitchen Bottom;0x2aa;Thieves' Hideout Kitchen Bottom to Top -> Gerudo's Fortress Kitchen Bottom to Top;6.56951
0;0xc;0x48e;Thieves' Hideout Kitchen Bottom - Gerudo's Fortress Kitchen Bottom;0x2ba;Thieves' Hideout Jail 3 Bottom -> Gerudo's Fortress Jail 3 Bottom;-1
0;0xc;0x48e;Thieves' Hideout Kitchen Bottom - Gerudo's Fortress Kitchen Bottom;0x2be;Thieves' Hideout Jail 3 Top -> Gerudo's Fortress Jail 3 Top;-1
0;0xc;0x48e;Thieves' Hideout Kitchen Bottom - Gerudo's Fortress Kitchen Bottom;0x2c2;Thieves' Hideout Jail 2 Bottom -> Gerudo's Fortress Jail 2 Bottom;-1
0;0xc;0x48e;Thieves' Hideout Kitchen Bottom - Gerudo's Fortress Kitchen Bottom;0x2c6;Thieves' Hideout Jail 2 Top -> Gerudo's Fortress Jail 2 Top;-1
0;0xc;0x48e;Thieves' Hideout Kitchen Bottom - Gerudo's Fortress Kitchen Bottom;0x2d2;Thieves' Hideout Kitchen Top Right -> Gerudo's Fortress Kitchen Top Right;12.5076
0;0xc;0x48e;Thieves' Hideout Kitchen Bottom - Gerudo's Fortress Kitchen Bottom;0x2d6;Thieves' Hideout Kitchen Top Left -> Gerudo's Fortress Kitchen Top Left;13.1618
0;0xc;0x48e;Thieves' Hideout Kitchen Bottom - Gerudo's Fortress Kitchen Bottom;0x2da;Thieves' Hideout Breakout Bottom -> Gerudo's Fortress Breakout Bottom;-1
0;0xc;0x48e;Thieves' Hideout Kitchen Bottom - Gerudo's Fortress Kitchen Bottom;0x2de;Thieves' Hideout Breakout Top -> Gerudo's Fortress Breakout Top;-1
0;0xc;0x48e;Thieves' Hideout Kitchen Bottom - Gerudo's Fortress Kitchen Bottom;0x3a4;Thieves' Hideout Jail 4 -> Gerudo's Fortress Jail 4;-1
0;0xc;0x492;Thieves' Hideout Kitchen Bottom to Top - Gerudo's Fortress Kitchen Bottom to Top;0x231;Thieves' Hideout Jail 1 Left -> Gerudo's Fortress Jail 1 Left;-1
0;0xc;0x492;Thieves' Hideout Kitchen Bottom to Top - Gerudo's Fortress Kitchen Bottom to Top;0x235;Thieves' Hideout Jail 1 Right -> Gerudo's Fortress Jail 1 Right;-1
0;0xc;0x492;Thieves' Hideout Kitchen Bottom to Top - Gerudo's Fortress Kitchen Bottom to Top;0x239;Thieves' Hideout Kitchen Bottom -> Gerudo's Fortress Kitchen Bottom;6.18701
0;0xc;0x492;Thieves' Hideout Kitchen Bottom to Top - Gerudo's Fortress Kitchen Bottom to Top;0x2aa;Thieves' Hideout Kitchen Bottom to Top -> Gerudo's Fortress Kitchen Bottom to Top;2.60556
0;0xc;0x492;Thieves' Hideout Kitchen Bottom to Top - Gerudo's Fortress Kitchen Bottom to Top;0x2ba;Thieves' Hideout Jail 3 Bottom -> Gerudo's Fortress Jail 3 Bottom;-1
0;0xc;0x492;Thieves' Hideout Kitchen Bottom to Top - Gerudo's Fortress Kitchen Bottom to Top;0x2be;Thieves' Hideout Jail 3 Top -> Gerudo's Fortress Jail 3 Top;-1
0;0xc;0x492;Thieves' Hideout Kitchen Bottom to Top - Gerudo's Fortress Kitchen Bottom to Top;0x2c2;Thieves' Hideout Jail 2 Bottom -> Gerudo's Fortress Jail 2 Bottom;-1
0;0xc;0x492;Thieves' Hideout Kitchen Bottom to Top - Gerudo's Fortress Kitchen Bottom to Top;0x2c6;Thieves' Hideout Jail 2 Top -> Gerudo's Fortress Jail 2 Top;-1
0;0xc;0x492;Thieves' Hideout Kitchen Bottom to Top - Gerudo's Fortress Kitchen Bottom to Top;0x2d2;Thieves' Hideout Kitchen Top Right -> Gerudo's Fortress Kitchen Top Right;8.33507
0;0xc;0x492;Thieves' Hideout Kitchen Bottom to Top - Gerudo's Fortress Kitchen Bottom to Top;0x2d6;Thieves' Hideout Kitchen Top Left -> Gerudo's Fortress Kitchen Top Left;10.9324
0;0xc;0x492;Thieves' Hideout Kitchen Bottom to Top - Gerudo's Fortress Kitchen Bottom to Top;0x2da;Thieves' Hideout Breakout Bottom -> Gerudo's Fortress Breakout Bottom;-1
0;0xc;0x492;Thieves' Hideout Kitchen Bottom to Top - Gerudo's Fortress Kitchen Bottom to Top;0x2de;Thieves' Hideout Breakout Top -> Gerudo's Fortress Breakout Top;-1
0;0xc;0x492;Thieves' Hideout Kitchen Bottom to Top - Gerudo's Fortress Kitchen Bottom to Top;0x3a4;Thieves' Hideout Jail 4 -> Gerudo's Fortress Jail 4;-1
0;0xc;0x496;Thieves' Hideout Jail 3 Bottom - Gerudo's Fortress Jail 3 Bottom;0x231;Thieves' Hideout Jail 1 Left -> Gerudo's Fortress Jail 1 Left;-1
0;0xc;0x496;Thieves' Hideout Jail 3 Bottom - Gerudo's Fortress Jail 3 Bottom;0x235;Thieves' Hideout Jail 1 Right -> Gerudo's Fortress Jail 1 Right;-1
0;0xc;0x496;Thieves' Hideout Jail 3 Bottom - Gerudo's Fortress Jail 3 Bottom;0x239;Thieves' Hideout Kitchen Bottom -> Gerudo's Fortress Kitchen Bottom;-1
0;0xc;0x496;Thieves' Hideout Jail 3 Bottom - Gerudo's Fortress Jail 3 Bottom;0x2aa;Thieves' Hideout Kitchen Bottom to Top -> Gerudo's Fortress Kitchen Bottom to Top;-1
0;0xc;0x496;Thieves' Hideout Jail 3 Bottom - Gerudo's Fortress Jail 3 Bottom;0x2ba;Thieves' Hideout Jail 3 Bottom -> Gerudo's Fortress Jail 3 Bottom;2.60705
0;0xc;0x496;Thieves' Hideout Jail 3 Bottom - Gerudo's Fortress Jail 3 Bottom;0x2be;Thieves' Hideout Jail 3 Top -> Gerudo's Fortress Jail 3 Top;9.84813
0;0xc;0x496;Thieves' Hideout Jail 3 Bottom - Gerudo's Fortress Jail 3 Bottom;0x2c2;Thieves' Hideout Jail 2 Bottom -> Gerudo's Fortress Jail 2 Bottom;-1
0;0xc;0x496;Thieves' Hideout Jail 3 Bottom - Gerudo's Fortress Jail 3 Bottom;0x2c6;Thieves' Hideout Jail 2 Top -> Gerudo's Fortress Jail 2 Top;-1
0;0xc;0x496;Thieves' Hideout Jail 3 Bottom - Gerudo's Fortress Jail 3 Bottom;0x2d2;Thieves' Hideout Kitchen Top Right -> Gerudo's Fortress Kitchen Top Right;-1
0;0xc;0x496;Thieves' Hideout Jail 3 Bottom - Gerudo's Fortress Jail 3 Bottom;0x2d6;Thieves' Hideout Kitchen Top Left -> Gerudo's Fortress Kitchen Top Left;-1
0;0xc;0x496;Thieves' Hideout Jail 3 Bottom - Gerudo's Fortress Jail 3 Bottom;0x2da;Thieves' Hideout Breakout Bottom -> Gerudo's Fortress Breakout Bottom;-1
0;0xc;0x496;Thieves' Hideout Jail 3 Bottom - Gerudo's Fortress Jail 3 Bottom;0x2de;Thieves' Hideout Breakout Top -> Gerudo's Fortress Breakout Top;-1
0;0xc;0x496;Thieves' Hideout Jail 3 Bottom - Gerudo's Fortress Jail 3 Bottom;0x3a4;Thieves' Hideout Jail 4 -> Gerudo's Fortress Jail 4;-1
0;0xc;0x49a;Thieves' Hideout Jail 3 Top - Gerudo's Fortress Jail 3 Top;0x231;Thieves' Hideout Jail 1 Left -> Gerudo's Fortress Jail 1 Left;-1
0;0xc;0x49a;Thieves' Hideout Jail 3 Top - Gerudo's Fortress Jail 3 Top;0x235;Thieves' Hideout Jail 1 Right -> Gerudo's Fortress Jail 1 Right;-1
0;0xc;0x49a;Thieves' Hideout Jail 3 Top - Gerudo's Fortress Jail 3 Top;0x239;Thieves' Hideout Kitchen Bottom -> Gerudo's Fortress Kitchen Bottom;-1
0;0xc;0x49a;Thieves' Hideout Jail 3 Top - Gerudo's Fortress Jail 3 Top;0x2aa;Thieves' Hideout Kitchen Bottom to Top -> Gerudo's Fortress Kitchen Bottom to Top;-1
0;0xc;0x49a;Thieves' Hideout Jail 3 Top - Gerudo's Fortress Jail 3 Top;0x2ba;Thieves' Hideout Jail 3 Bottom -> Gerudo's Fortress Jail 3 Bottom;3.57131
0;0xc;0x49a;Thieves' Hideout Jail 3 Top - Gerudo's Fortress Jail 3 Top;0x2be;Thieves' Hideout Jail 3 Top -> Gerudo's Fortress Jail 3 Top;2.58037
0;0xc;0x49a;Thieves' Hideout Jail 3 Top - Gerudo's Fortress Jail 3 Top;0x2c2;Thieves' Hideout Jail 2 Bottom -> Gerudo's Fortress Jail 2 Bottom;-1
0;0xc;0x49a;Thieves' Hideout Jail 3 Top - Gerudo's Fortress Jail 3 Top;0x2c6;Thieves' Hideout Jail 2 Top -> Gerudo's Fortress Jail 2 Top;-1
0;0xc;0x49a;Thieves' Hideout Jail 3 Top - Gerudo's Fortress Jail 3 Top;0x2d2;Thieves' Hideout Kitchen Top Right -> Gerudo's Fortress Kitchen Top Right;-1
0;0xc;0x49a;Thieves' Hideout Jail 3 Top - Gerudo's Fortress Jail 3 Top;0x2d6;Thieves' Hideout Kitchen Top Left -> Gerudo's Fortress Kitchen Top Left;-1
0;0xc;0x49a;Thieves' Hideout Jail 3 Top - Gerudo's Fortress Jail 3 Top;0x2da;Thieves' Hideout Breakout Bottom -> Gerudo's Fortress Breakout Bottom;-1
0;0xc;0x49a;Thieves' Hideout Jail 3 Top - Gerudo's Fortress Jail 3 Top;0x2de;Thieves' Hideout Breakout Top -> Gerudo's Fortress Breakout Top;-1
0;0xc;0x49a;Thieves' Hideout Jail 3 Top - Gerudo's Fortress Jail 3 Top;0x3a4;Thieves' Hideout Jail 4 -> Gerudo's Fortress Jail 4;-1
0;0xc;0x49e;Thieves' Hideout Jail 2 Bottom - Gerudo's Fortress Jail 2 Bottom;0x231;Thieves' Hideout Jail 1 Left -> Gerudo's Fortress Jail 1 Left;-1
0;0xc;0x49e;Thieves' Hideout Jail 2 Bottom - Gerudo's Fortress Jail 2 Bottom;0x235;Thieves' Hideout Jail 1 Right -> Gerudo's Fortress Jail 1 Right;-1
0;0xc;0x49e;Thieves' Hideout Jail 2 Bottom - Gerudo's Fortress Jail 2 Bottom;0x239;Thieves' Hideout Kitchen Bottom -> Gerudo's Fortress Kitchen Bottom;-1
0;0xc;0x49e;Thieves' Hideout Jail 2 Bottom - Gerudo's Fortress Jail 2 Bottom;0x2aa;Thieves' Hideout Kitchen Bottom to Top -> Gerudo's Fortress Kitchen Bottom to Top;-1
0;0xc;0x49e;Thieves' Hideout Jail 2 Bottom - Gerudo's Fortress Jail 2 Bottom;0x2ba;Thieves' Hideout Jail 3 Bottom -> Gerudo's Fortress Jail 3 Bottom;-1
0;0xc;0x49e;Thieves' Hideout Jail 2 Bottom - Gerudo's Fortress Jail 2 Bottom;0x2be;Thieves' Hideout Jail 3 Top -> Gerudo's Fortress Jail 3 Top;-1
0;0xc;0x49e;Thieves' Hideout Jail 2 Bottom - Gerudo's Fortress Jail 2 Bottom;0x2c2;Thieves' Hideout Jail 2 Bottom -> Gerudo's Fortress Jail 2 Bottom;2.50676
0;0xc;0x49e;Thieves' Hideout Jail 2 Bottom - Gerudo's Fortress Jail 2 Bottom;0x2c6;Thieves' Hideout Jail 2 Top -> Gerudo's Fortress Jail 2 Top;8.99695
0;0xc;0x49e;Thieves' Hideout Jail 2 Bottom - Gerudo's Fortress Jail 2 Bottom;0x2d2;Thieves' Hideout Kitchen Top Right -> Gerudo's Fortress Kitchen Top Right;-1
0;0xc;0x49e;Thieves' Hideout Jail 2 Bottom - Gerudo's Fortress Jail 2 Bottom;0x2d6;Thieves' Hideout Kitchen Top Left -> Gerudo's Fortress Kitchen Top Left;-1
0;0xc;0x49e;Thieves' Hideout Jail 2 Bottom - Gerudo's Fortress Jail 2 Bottom;0x2da;Thieves' Hideout Breakout Bottom -> Gerudo's Fortress Breakout Bottom;-1
0;0xc;0x49e;Thieves' Hideout Jail 2 Bottom - Gerudo's Fortress Jail 2 Bottom;0x2de;Thieves' Hideout Breakout Top -> Gerudo's Fortress Breakout Top;-1
0;0xc;0x49e;Thieves' Hideout Jail 2 Bottom - Gerudo's Fortress Jail 2 Bottom;0x3a4;Thieves' Hideout Jail 4 -> Gerudo's Fortress Jail 4;-1
0;0xc;0x4a2;Thieves' Hideout Jail 2 Top - Gerudo's Fortress Jail 2 Top;0x231;Thieves' Hideout Jail 1 Left -> Gerudo's Fortress Jail 1 Left;-1
0;0xc;0x4a2;Thieves' Hideout Jail 2 Top - Gerudo's Fortress Jail 2 Top;0x235;Thieves' Hideout Jail 1 Right -> Gerudo's Fortress Jail 1 Right;-1
0;0xc;0x4a2;Thieves' Hideout Jail 2 Top - Gerudo's Fortress Jail 2 Top;0x239;Thieves' Hideout Kitchen Bottom -> Gerudo's Fortress Kitchen Bottom;-1
0;0xc;0x4a2;Thieves' Hideout Jail 2 Top - Gerudo's Fortress Jail 2 Top;0x2aa;Thieves' Hideout Kitchen Bottom to Top -> Gerudo's Fortress Kitchen Bottom to Top;-1
0;0xc;0x4a2;Thieves' Hideout Jail 2 Top - Gerudo's Fortress Jail 2 Top;0x2ba;Thieves' Hideout Jail 3 Bottom -> Gerudo's Fortress Jail 3 Bottom;-1
0;0xc;0x4a2;Thieves' Hideout Jail 2 Top - Gerudo's Fortress Jail 2 Top;0x2be;Thieves' Hideout Jail 3 Top -> Gerudo's Fortress Jail 3 Top;-1
0;0xc;0x4a2;Thieves' Hideout Jail 2 Top - Gerudo's Fortress Jail 2 Top;0x2c2;Thieves' Hideout Jail 2 Bottom -> Gerudo's Fortress Jail 2 Bottom;8.37352
0;0xc;0x4a2;Thieves' Hideout Jail 2 Top - Gerudo's Fortress Jail 2 Top;0x2c6;Thieves' Hideout Jail 2 Top -> Gerudo's Fortress Jail 2 Top;2.56492
0;0xc;0x4a2;Thieves' Hideout Jail 2 Top - Gerudo's Fortress Jail 2 Top;0x2d2;Thieves' Hideout Kitchen Top Right -> Gerudo's Fortress Kitchen Top Right;-1
0;0xc;0x4a2;Thieves' Hideout Jail 2 Top - Gerudo's Fortress Jail 2 Top;0x2d6;Thieves' Hideout Kitchen Top Left -> Gerudo's Fortress Kitchen Top Left;-1
0;0xc;0x4a2;Thieves' Hideout Jail 2 Top - Gerudo's Fortress Jail 2 Top;0x2da;Thieves' Hideout Breakout Bottom -> Gerudo's Fortress Breakout Bottom;-1
0;0xc;0x4a2;Thieves' Hideout Jail 2 Top - Gerudo's Fortress Jail 2 Top;0x2de;Thieves' Hideout Breakout Top -> Gerudo's Fortress Breakout Top;-1
0;0xc;0x4a2;Thieves' Hideout Jail 2 Top - Gerudo's Fortress Jail 2 Top;0x3a4;Thieves' Hideout Jail 4 -> Gerudo's Fortress Jail 4;-1
0;0xc;0x4a6;Thieves' Hideout Kitchen Top Right - Gerudo's Fortress Kitchen Top Right;0x231;Thieves' Hideout Jail 1 Left -> Gerudo's Fortress Jail 1 Left;-1
0;0xc;0x4a6;Thieves' Hideout Kitchen Top Right - Gerudo's Fortress Kitchen Top Right;0x235;Thieves' Hideout Jail 1 Right -> Gerudo's Fortress Jail 1 Right;-1
0;0xc;0x4a6;Thieves' Hideout Kitchen Top Right - Gerudo's Fortress Kitchen Top Right;0x239;Thieves' Hideout Kitchen Bottom -> Gerudo's Fortress Kitchen Bottom;12.6579
0;0xc;0x4a6;Thieves' Hideout Kitchen Top Right - Gerudo's Fortress Kitchen Top Right;0x2aa;Thieves' Hideout Kitchen Bottom to Top -> Gerudo's Fortress Kitchen Bottom to Top;10.0572
0;0xc;0x4a6;Thieves' Hideout Kitchen Top Right - Gerudo's Fortress Kitchen Top Right;0x2ba;Thieves' Hideout Jail 3 Bottom -> Gerudo's Fortress Jail 3 Bottom;-1
0;0xc;0x4a6;Thieves' Hideout Kitchen Top Right - Gerudo's Fortress Kitchen Top Right;0x2be;Thieves' Hideout Jail 3 Top -> Gerudo's Fortress Jail 3 Top;-1
0;0xc;0x4a6;Thieves' Hideout Kitchen Top Right - Gerudo's Fortress Kitchen Top Right;0x2c2;Thieves' Hideout Jail 2 Bottom -> Gerudo's Fortress Jail 2 Bottom;-1
0;0xc;0x4a6;Thieves' Hideout Kitchen Top Right - Gerudo's Fortress Kitchen Top Right;0x2c6;Thieves' Hideout Jail 2 Top -> Gerudo's Fortress Jail 2 Top;-1
0;0xc;0x4a6;Thieves' Hideout Kitchen Top Right - Gerudo's Fortress Kitchen Top Right;0x2d2;Thieves' Hideout Kitchen Top Right -> Gerudo's Fortress Kitchen Top Right;2.57716
0;0xc;0x4a6;Thieves' Hideout Kitchen Top Right - Gerudo's Fortress Kitchen Top Right;0x2d6;Thieves' Hideout Kitchen Top Left -> Gerudo's Fortress Kitchen Top Left;7.32434
0;0xc;0x4a6;Thieves' Hideout Kitchen Top Right - Gerudo's Fortress Kitchen Top Right;0x2da;Thieves' Hideout Breakout Bottom -> Gerudo's Fortress Breakout Bottom;-1
0;0xc;0x4a6;Thieves' Hideout Kitchen Top Right - Gerudo's Fortress Kitchen Top Right;0x2de;Thieves' Hideout Breakout Top -> Gerudo's Fortress Breakout Top;-1
0;0xc;0x4a6;Thieves' Hideout Kitchen Top Right - Gerudo's Fortress Kitchen Top Right;0x3a4;Thieves' Hideout Jail 4 -> Gerudo's Fortress Jail 4;-1
0;0xc;0x4aa;Thieves' Hideout Kitchen Top Left - Gerudo's Fortress Kitchen Top Left;0x231;Thieves' Hideout Jail 1 Left -> Gerudo's Fortress Jail 1 Left;-1
0;0xc;0x4aa;Thieves' Hideout Kitchen Top Left - Gerudo's Fortress Kitchen Top Left;0x235;Thieves' Hideout Jail 1 Right -> Gerudo's Fortress Jail 1 Right;-1
0;0xc;0x4aa;Thieves' Hideout Kitchen Top Left - Gerudo's Fortress Kitchen Top Left;0x239;Thieves' Hideout Kitchen Bottom -> Gerudo's Fortress Kitchen Bottom;14.3672
0;0xc;0x4aa;Thieves' Hideout Kitchen Top Left - Gerudo's Fortress Kitchen Top Left;0x2aa;Thieves' Hideout Kitchen Bottom to Top -> Gerudo's Fortress Kitchen Bottom to Top;11.6479
0;0xc;0x4aa;Thieves' Hideout Kitchen Top Left - Gerudo's Fortress Kitchen Top Left;0x2ba;Thieves' Hideout Jail 3 Bottom -> Gerudo's Fortress Jail 3 Bottom;-1
0;0xc;0x4aa;Thieves' Hideout Kitchen Top Left - Gerudo's Fortress Kitchen Top Left;0x2be;Thieves' Hideout Jail 3 Top -> Gerudo's Fortress Jail 3 Top;-1
0;0xc;0x4aa;Thieves' Hideout Kitchen Top Left - Gerudo's Fortress Kitchen Top Left;0x2c2;Thieves' Hideout Jail 2 Bottom -> Gerudo's Fortress Jail 2 Bottom;-1
0;0xc;0x4aa;Thieves' Hideout Kitchen Top Left - Gerudo's Fortress Kitchen Top Left;0x2c6;Thieves' Hideout Jail 2 Top -> Gerudo's Fortress Jail 2 Top;-1
0;0xc;0x4aa;Thieves' Hideout Kitchen Top Left - Gerudo's Fortress Kitchen Top Left;0x2d2;Thieves' Hideout Kitchen Top Right -> Gerudo's Fortress Kitchen Top Right;7.74555
0;0xc;0x4aa;Thieves' Hideout Kitchen Top Left - Gerudo's Fortress Kitchen Top Left;0x2d6;Thieves' Hideout Kitchen Top Left -> Gerudo's Fortress Kitchen Top Left;2.53544
0;0xc;0x4aa;Thieves' Hideout Kitchen Top Left - Gerudo's Fortress Kitchen Top Left;0x2da;Thieves' Hideout Breakout Bottom -> Gerudo's Fortress Breakout Bottom;-1
0;0xc;0x4aa;Thieves' Hideout Kitchen Top Left - Gerudo's Fortress Kitchen Top Left;0x2de;Thieves' Hideout Breakout Top -> Gerudo's Fortress Breakout Top;-1
0;0xc;0x4aa;Thieves' Hideout Kitchen Top Left - Gerudo's Fortress Kitchen Top Left;0x3a4;Thieves' Hideout Jail 4 -> Gerudo's Fortress Jail 4;-1
0;0xc;0x4ae;Thieves' Hideout Breakout Bottom - Gerudo's Fortress Breakout Bottom;0x231;Thieves' Hideout Jail 1 Left -> Gerudo's Fortress Jail 1 Left;-1
0;0xc;0x4ae;Thieves' Hideout Breakout Bottom - Gerudo's Fortress Breakout Bottom;0x235;Thieves' Hideout Jail 1 Right -> Gerudo's Fortress Jail 1 Right;-1
0;0xc;0x4ae;Thieves' Hideout Breakout Bottom - Gerudo's Fortress Breakout Bottom;0x239;Thieves' Hideout Kitchen Bottom -> Gerudo's Fortress Kitchen Bottom;-1
0;0xc;0x4ae;Thieves' Hideout Breakout Bottom - Gerudo's Fortress Breakout Bottom;0x2aa;Thieves' Hideout Kitchen Bottom to Top -> Gerudo's Fortress Kitchen Bottom to Top;-1
0;0xc;0x4ae;Thieves' Hideout Breakout Bottom - Gerudo's Fortress Breakout Bottom;0x2ba;Thieves' Hideout Jail 3 Bottom -> Gerudo's Fortress Jail 3 Bottom;-1
0;0xc;0x4ae;Thieves' Hideout Breakout Bottom - Gerudo's Fortress Breakout Bottom;0x2be;Thieves' Hideout Jail 3 Top -> Gerudo's Fortress Jail 3 Top;-1
0;0xc;0x4ae;Thieves' Hideout Breakout Bottom - Gerudo's Fortress Breakout Bottom;0x2c2;Thieves' Hideout Jail 2 Bottom -> Gerudo's Fortress Jail 2 Bottom;-1
0;0xc;0x4ae;Thieves' Hideout Breakout Bottom - Gerudo's Fortress Breakout Bottom;0x2c6;Thieves' Hideout Jail 2 Top -> Gerudo's Fortress Jail 2 Top;-1
0;0xc;0x4ae;Thieves' Hideout Breakout Bottom - Gerudo's Fortress Breakout Bottom;0x2d2;Thieves' Hideout Kitchen Top Right -> Gerudo's Fortress Kitchen Top Right;-1
0;0xc;0x4ae;Thieves' Hideout Breakout Bottom - Gerudo's Fortress Breakout Bottom;0x2d6;Thieves' Hideout Kitchen Top Left -> Gerudo's Fortress Kitchen Top Left;-1
0;0xc;0x4ae;Thieves' Hideout Breakout Bottom - Gerudo's Fortress Breakout Bottom;0x2da;Thieves' Hideout Breakout Bottom -> Gerudo's Fortress Breakout Bottom;2.53161
0;0xc;0x4ae;Thieves' Hideout Breakout Bottom - Gerudo's Fortress Breakout Bottom;0x2de;Thieves' Hideout Breakout Top -> Gerudo's Fortress Breakout Top;16.846
0;0xc;0x4ae;Thieves' Hideout Breakout Bottom - Gerudo's Fortress Breakout Bottom;0x3a4;Thieves' Hideout Jail 4 -> Gerudo's Fortress Jail 4;-1
0;0x40;0x4b;Fairy Fountain Tomb - Graveyard;0x35d;Fairy Fountain Tomb -> Graveyard;2.35909
0;0xc;0x4b2;Thieves' Hideout Breakout Top - Gerudo's Fortress Breakout Top;0x231;Thieves' Hideout Jail 1 Left -> Gerudo's Fortress Jail 1 Left;-1
0;0xc;0x4b2;Thieves' Hideout Breakout Top - Gerudo's Fortress Breakout Top;0x235;Thieves' Hideout Jail 1 Right -> Gerudo's Fortress Jail 1 Right;-1
0;0xc;0x4b2;Thieves' Hideout Breakout Top - Gerudo's Fortress Breakout Top;0x239;Thieves' Hideout Kitchen Bottom -> Gerudo's Fortress Kitchen Bottom;-1
0;0xc;0x4b2;Thieves' Hideout Breakout Top - Gerudo's Fortress Breakout Top;0x2aa;Thieves' Hideout Kitchen Bottom to Top -> Gerudo's Fortress Kitchen Bottom to Top;-1
0;0xc;0x4b2;Thieves' Hideout Breakout Top - Gerudo's Fortress Breakout Top;0x2ba;Thieves' Hideout Jail 3 Bottom -> Gerudo's Fortress Jail 3 Bottom;-1
0;0xc;0x4b2;Thieves' Hideout Breakout Top - Gerudo's Fortress Breakout Top;0x2be;Thieves' Hideout Jail 3 Top -> Gerudo's Fortress Jail 3 Top;-1
0;0xc;0x4b2;Thieves' Hideout Breakout Top - Gerudo's Fortress Breakout Top;0x2c2;Thieves' Hideout Jail 2 Bottom -> Gerudo's Fortress Jail 2 Bottom;-1
0;0xc;0x4b2;Thieves' Hideout Breakout Top - Gerudo's Fortress Breakout Top;0x2c6;Thieves' Hideout Jail 2 Top -> Gerudo's Fortress Jail 2 Top;-1
0;0xc;0x4b2;Thieves' Hideout Breakout Top - Gerudo's Fortress Breakout Top;0x2d2;Thieves' Hideout Kitchen Top Right -> Gerudo's Fortress Kitchen Top Right;-1
0;0xc;0x4b2;Thieves' Hideout Breakout Top - Gerudo's Fortress Breakout Top;0x2d6;Thieves' Hideout Kitchen Top Left -> Gerudo's Fortress Kitchen Top Left;-1
0;0xc;0x4b2;Thieves' Hideout Breakout Top - Gerudo's Fortress Breakout Top;0x2da;Thieves' Hideout Breakout Bottom -> Gerudo's Fortress Breakout Bottom;17.8301
0;0xc;0x4b2;Thieves' Hideout Breakout Top - Gerudo's Fortress Breakout Top;0x2de;Thieves' Hideout Breakout Top -> Gerudo's Fortress Breakout Top;2.61267
0;0xc;0x4b2;Thieves' Hideout Breakout Top - Gerudo's Fortress Breakout Top;0x3a4;Thieves' Hideout Jail 4 -> Gerudo's Fortress Jail 4;-1
0;0x8b;0x4be;Large Magic Upgrade Fountain - Death Mountain Crater;0x482;Large Magic Upgrade Fountain -> Death Mountain Crater;2.69179
0;0x87;0x4c2;Defense Upgrade Fountain - Ganon Castle Exterior;0xf00;Defense Upgrade Fountain -> Ganon Castle Exterior;3.01047
0;0x5b;0x4d6;Lost Woods - Goron City;0x1001;Lost Woods -> Boulder Grotto Near Goron City;3.1264
0;0x5b;0x4d6;Lost Woods - Goron City;0x185;Lost Woods Bridge -> Hyrule Field;20.026
0;0x5b;0x4d6;Lost Woods - Goron City;0x1dd;Lost Woods -> Zora River;11.0382
0;0x5b;0x4d6;Lost Woods - Goron City;0x20d;Lost Woods Bridge -> Kokiri Forest ;20.4688
0;0x5b;0x4d6;Lost Woods - Goron City;0x286;Lost Woods -> Kokiri Forest;3.78927
0;0x5b;0x4d6;Lost Woods - Goron City;0x4e2;Lost Woods -> Goron City;3.3309
0;0x5b;0x4d6;Lost Woods - Goron City;0x5b0;Lost Woods -> Scrub Upgrade Grotto;16.5935
0;0x5b;0x4d6;Lost Woods - Goron City;0x5c4;Lost Woods -> Deku's Theater;14.0121
0;0x5b;0x4d6;Lost Woods - Goron City;0xfc;Lost Woods -> Sacred Forest Meadow;14.6236
0;0x5b;0x4da;Lost Woods - Zora River;0x1001;Lost Woods -> Boulder Grotto Near Goron City;9.41801
0;0x5b;0x4da;Lost Woods - Zora River;0x185;Lost Woods Bridge -> Hyrule Field;25.8204
0;0x5b;0x4da;Lost Woods - Zora River;0x1dd;Lost Woods -> Zora River;3.49685
0;0x5b;0x4da;Lost Woods - Zora River;0x20d;Lost Woods Bridge -> Kokiri Forest ;24.9707
0;0x5b;0x4da;Lost Woods - Zora River;0x286;Lost Woods -> Kokiri Forest;6.20993
0;0x5b;0x4da;Lost Woods - Zora River;0x4e2;Lost Woods -> Goron City;10.0251
0;0x5b;0x4da;Lost Woods - Zora River;0x5b0;Lost Woods -> Scrub Upgrade Grotto;14.6716
0;0x5b;0x4da;Lost Woods - Zora River;0x5c4;Lost Woods -> Deku's Theater;13.3778
0;0x5b;0x4da;Lost Woods - Zora River;0xfc;Lost Woods -> Sacred Forest Meadow;14.8944
0;0x5b;0x4de;Lost Woods Bridge - Hyrule Field;0x1001;Lost Woods -> Boulder Grotto Near Goron City;19.8595
0;0x5b;0x4de;Lost Woods Bridge - Hyrule Field;0x185;Lost Woods Bridge -> Hyrule Field;2.9302
0;0x5b;0x4de;Lost Woods Bridge - Hyrule Field;0x1dd;Lost Woods -> Zora River;26.9916
0;0x5b;0x4de;Lost Woods Bridge - Hyrule Field;0x20d;Lost Woods Bridge -> Kokiri Forest ;4.18105
0;0x5b;0x4de;Lost Woods Bridge - Hyrule Field;0x286;Lost Woods -> Kokiri Forest;15.8684
0;0x5b;0x4de;Lost Woods Bridge - Hyrule Field;0x4e2;Lost Woods -> Goron City;20.9717
0;0x5b;0x4de;Lost Woods Bridge - Hyrule Field;0x5b0;Lost Woods -> Scrub Upgrade Grotto;30.3761
0;0x5b;0x4de;Lost Woods Bridge - Hyrule Field;0x5c4;Lost Woods -> Deku's Theater;30.1714
0;0x5b;0x4de;Lost Woods Bridge - Hyrule Field;0xfc;Lost Woods -> Sacred Forest Meadow;31.2641
0;0x62;0x4e2;Goron City - Lost Woods;0x1013;Goron City -> Open Grotto;30.944
0;0x62;0x4e2;Goron City - Lost Woods;0x1b9;Goron City -> Death Mountain Trail;18.9116
0;0x62;0x4e2;Goron City - Lost Woods;0x246;Goron City -> Death Mountain Crater;13.2434
0;0x62;0x4e2;Goron City - Lost Woods;0x37c;Goron City -> Goron Shop;8.4286
0;0x62;0x4e2;Goron City - Lost Woods;0x4d6;Goron City -> Lost Woods;3.08032
0;0x52;0x4ee;Kakariko - House of Skulltula;0x1002;Kakariko -> Open Grotto;17.4152
0;0x52;0x4ee;Kakariko - House of Skulltula;0x13d;Kakariko -> Death Mountain Trail;16.8051
0;0x52;0x4ee;Kakariko - House of Skulltula;0x17d;Kakariko -> Hyrule Field;12.5989
0;0x52;0x4ee;Kakariko - House of Skulltula;0x2fd;Kakariko -> Carpenter's Boss House;6.68197
0;0x52;0x4ee;Kakariko - House of Skulltula;0x384;Kakariko -> Potion Shop;12.6054
0;0x52;0x4ee;Kakariko - House of Skulltula;0x39c;Kakariko -> Impa's House;8.51564
0;0x52;0x4ee;Kakariko - House of Skulltula;0x3b;Kakariko -> Shooting;8.68168
0;0x52;0x4ee;Kakariko - House of Skulltula;0x3ec;Kakariko Shop Back -> Potion Shop Back;22.1298
0;0x52;0x4ee;Kakariko - House of Skulltula;0x453;Kakariko -> Windmill;10.2641
0;0x52;0x4ee;Kakariko - House of Skulltula;0x550;Kakariko -> House of Skulltula;2.84284
0;0x52;0x4ee;Kakariko - House of Skulltula;0x5a0;Kakariko -> Redead Grotto;7.81291
0;0x52;0x4ee;Kakariko - House of Skulltula;0x5c8;Kakariko -> Impa's House Back;12.7439
0;0x52;0x4ee;Kakariko - House of Skulltula;0x72;Kakariko -> Granny Potion Shop;15.1493
0;0x52;0x4ee;Kakariko - House of Skulltula;0x98;Kakariko -> Bottom of the Well;11.528
0;0x52;0x4ee;Kakariko - House of Skulltula;0xb7;Kakariko -> Bazaar;11.8793
0;0x52;0x4ee;Kakariko - House of Skulltula;0xe4;Kakariko -> Graveyard;10.6942
0;0x4c;0x4f;Lon Lon's Ranch House - Lon Lon's Ranch;0x378;Lon Lon's Ranch House -> Lon Lon's Ranch;3.5698
0;0x61;0x4f6;Death Mountain Crater - Warp Song - Bolero of Fire;0x1004;Death Mountain Crater -> Boulder Grotto;29.955
0;0x61;0x4f6;Death Mountain Crater - Warp Song - Bolero of Fire;0x1014;Death Mountain Crater -> Red Boulder Grotto;15.2774
0;0x61;0x4f6;Death Mountain Crater - Warp Song - Bolero of Fire;0x165;Death Mountain Crater -> Fire Temple;13.5002
0;0x61;0x4f6;Death Mountain Crater - Warp Song - Bolero of Fire;0x1bd;Death Mountain Crater -> Death Mountain Trail;27.337
0;0x61;0x4f6;Death Mountain Crater - Warp Song - Bolero of Fire;0x1c1;Death Mountain Crater -> Goron City;11.0564
0;0x61;0x4f6;Death Mountain Crater - Warp Song - Bolero of Fire;0x4be;Death Mountain Crater -> Large Magic Upgrade Fountain;14.5144
0;0x52;0x4ff;Kakariko Shop Back - Potion Shop Back;0x1002;Kakariko -> Open Grotto;4.91126
0;0x52;0x4ff;Kakariko Shop Back - Potion Shop Back;0x1002;Kakariko -> Open Grotto;4.97682
0;0x52;0x4ff;Kakariko Shop Back - Potion Shop Back;0x13d;Kakariko -> Death Mountain Trail;23.9087
0;0x52;0x4ff;Kakariko Shop Back - Potion Shop Back;0x17d;Kakariko -> Hyrule Field;22.669
0;0x52;0x4ff;Kakariko Shop Back - Potion Shop Back;0x2fd;Kakariko -> Carpenter's Boss House;14.3595
0;0x52;0x4ff;Kakariko Shop Back - Potion Shop Back;0x384;Kakariko -> Potion Shop;19.9071
0;0x52;0x4ff;Kakariko Shop Back - Potion Shop Back;0x39c;Kakariko -> Impa's House;21.5085
0;0x52;0x4ff;Kakariko Shop Back - Potion Shop Back;0x3b;Kakariko -> Shooting;15.8916
0;0x52;0x4ff;Kakariko Shop Back - Potion Shop Back;0x3ec;Kakariko Shop Back -> Potion Shop Back;2.94144
0;0x52;0x4ff;Kakariko Shop Back - Potion Shop Back;0x453;Kakariko -> Windmill;16.8833
0;0x52;0x4ff;Kakariko Shop Back - Potion Shop Back;0x550;Kakariko -> House of Skulltula;16.1244
0;0x52;0x4ff;Kakariko Shop Back - Potion Shop Back;0x5a0;Kakariko -> Redead Grotto;17.2863
0;0x52;0x4ff;Kakariko Shop Back - Potion Shop Back;0x5c8;Kakariko -> Impa's House Back;20.4665
0;0x52;0x4ff;Kakariko Shop Back - Potion Shop Back;0x72;Kakariko -> Granny Potion Shop;6.61129
0;0x52;0x4ff;Kakariko Shop Back - Potion Shop Back;0x98;Kakariko -> Bottom of the Well;14.0807
0;0x52;0x4ff;Kakariko Shop Back - Potion Shop Back;0xb7;Kakariko -> Bazaar;19.6599
0;0x52;0x4ff;Kakariko Shop Back - Potion Shop Back;0xe4;Kakariko -> Graveyard;18.3588
0;0x4b;0x507;Bombchu Bowling - Market;0x3bc;Bombchu Bowling -> Market;2.67876
0;0x53;0x50b;Graveyard - Royal Family Tomb;0x195;Graveyard -> Kakariko;10.9448
0;0x53;0x50b;Graveyard - Royal Family Tomb;0x2d;Graveyard -> Royal Family Tomb;4.17776
0;0x53;0x50b;Graveyard - Royal Family Tomb;0x30d;Graveyard -> Dampe's House;10.1622
0;0x53;0x50b;Graveyard - Royal Family Tomb;0x31c;Graveyard -> Redead Tomb;10.0438
0;0x53;0x50b;Graveyard - Royal Family Tomb;0x37;Graveyard -> Shadow Temple;-1
0;0x53;0x50b;Graveyard - Royal Family Tomb;0x44f;Graveyard -> Dampe's Tomb;12.7928
0;0x53;0x50b;Graveyard - Royal Family Tomb;0x4b;Graveyard -> Fairy Fountain Tomb;14.3655
0;0x32;0x528;Bombchu Shop - Back Alley;0x3c0;Bombchu Shop -> Back Alley;2.54923
0;0x8e;0x52c;Bazaar - Market;0x3b8;Bazaar -> Market;2.77482
0;0x43;0x53;Temple of Time - Temple of Time Entryway;0x2ca;Master Sword -> Temple of Time;7.50367
0;0x43;0x53;Temple of Time - Temple of Time Entryway;0x472;Temple of Time -> Temple of Time Entryway;3.51055
0;0xd;0x534;Inside Ganon Castle - Ganon Tower;0x23d;Ganon Castle -> Ganon Castle Exterior;12.0633
0;0xd;0x534;Inside Ganon Castle - Ganon Tower;0x41b;Inside Ganon Castle -> Ganon Tower;2.82808
0;0xd;0x534;Inside Ganon Castle - Ganon Tower;0xf1b;Ganon Castle -> Wallmaster - Spirit Trial;27.0218
0;0xd;0x534;Inside Ganon Castle - Ganon Tower;0xf1c;Ganon Castle -> Wallmaster - Light Trial;36.5324
0;0x50;0x550;House of Skulltula - Kakariko;0x4ee;House of Skulltula -> Kakariko;3.0973
0;0x52;0x554;Kakariko - Owl Drop - Owl Drop;0x1002;Kakariko -> Open Grotto;17.5932
0;0x52;0x554;Kakariko - Owl Drop - Owl Drop;0x13d;Kakariko -> Death Mountain Trail;19.3843
0;0x52;0x554;Kakariko - Owl Drop - Owl Drop;0x17d;Kakariko -> Hyrule Field;15.5769
0;0x52;0x554;Kakariko - Owl Drop - Owl Drop;0x2fd;Kakariko -> Carpenter's Boss House;8.80448
0;0x52;0x554;Kakariko - Owl Drop - Owl Drop;0x384;Kakariko -> Potion Shop;15.3292
0;0x52;0x554;Kakariko - Owl Drop - Owl Drop;0x39c;Kakariko -> Impa's House;9.48141
0;0x52;0x554;Kakariko - Owl Drop - Owl Drop;0x3b;Kakariko -> Shooting;14.6771
0;0x52;0x554;Kakariko - Owl Drop - Owl Drop;0x3ec;Kakariko Shop Back -> Potion Shop Back;28.3637
0;0x52;0x554;Kakariko - Owl Drop - Owl Drop;0x453;Kakariko -> Windmill;11.9811
0;0x52;0x554;Kakariko - Owl Drop - Owl Drop;0x550;Kakariko -> House of Skulltula;5.78123
0;0x52;0x554;Kakariko - Owl Drop - Owl Drop;0x5a0;Kakariko -> Redead Grotto;11.3934
0;0x52;0x554;Kakariko - Owl Drop - Owl Drop;0x5c8;Kakariko -> Impa's House Back;6.99043
0;0x52;0x554;Kakariko - Owl Drop - Owl Drop;0x72;Kakariko -> Granny Potion Shop;18.6269
0;0x52;0x554;Kakariko - Owl Drop - Owl Drop;0x98;Kakariko -> Bottom of the Well;11.7935
0;0x52;0x554;Kakariko - Owl Drop - Owl Drop;0xb7;Kakariko -> Bazaar;18.476
0;0x52;0x554;Kakariko - Owl Drop - Owl Drop;0xe4;Kakariko -> Graveyard;11.9557
0;0x57;0x560;Lake Hylia - Zora's Domain Shortcut;0x10;Lake Hylia -> Water Temple;18.6963
0;0x57;0x560;Lake Hylia - Zora's Domain Shortcut;0x1015;Lake Hylia -> Under Tomb Grotto;34.2323
0;0x57;0x560;Lake Hylia - Zora's Domain Shortcut;0x189;Lake Hylia -> Hyrule Field;19.2175
0;0x57;0x560;Lake Hylia - Zora's Domain Shortcut;0x27e;Owl Drop -> Hyrule Field - Owl Drop;28.7235
0;0x57;0x560;Lake Hylia - Zora's Domain Shortcut;0x328;Lake Hylia's Shortcut -> Zora Domain;3.82089
0;0x57;0x560;Lake Hylia - Zora's Domain Shortcut;0x43;Lake Hylia -> Laboratory;13.6038
0;0x57;0x560;Lake Hylia - Zora's Domain Shortcut;0x45f;Lake Hylia -> Fishing Pond;21.9692
0;0x53;0x568;Graveyard - Warp Song - Nocturne of Shadow;0x195;Graveyard -> Kakariko;14.8667
0;0x53;0x568;Graveyard - Warp Song - Nocturne of Shadow;0x195;Graveyard -> Kakariko;33.0482
0;0x53;0x568;Graveyard - Warp Song - Nocturne of Shadow;0x2d;Graveyard -> Royal Family Tomb;6.00117
0;0x53;0x568;Graveyard - Warp Song - Nocturne of Shadow;0x30d;Graveyard -> Dampe's House;16.0939
0;0x53;0x568;Graveyard - Warp Song - Nocturne of Shadow;0x31c;Graveyard -> Redead Tomb;15.125
0;0x53;0x568;Graveyard - Warp Song - Nocturne of Shadow;0x37;Graveyard -> Shadow Temple;7.6981
0;0x53;0x568;Graveyard - Warp Song - Nocturne of Shadow;0x44f;Graveyard -> Dampe's Tomb;18.4035
0;0x53;0x568;Graveyard - Warp Song - Nocturne of Shadow;0x4b;Graveyard -> Fairy Fountain Tomb;19.1294
0;0x53;0x568;Graveyard - Warp Song - Nocturne of Shadow;0xfff00;Minuet of Forest -> Minuet of Forest;296.241
0;0xc;0x570;Thieves' Hideout Jail 4 - Gerudo's Fortress Jail 4;0x231;Thieves' Hideout Jail 1 Left -> Gerudo's Fortress Jail 1 Left;-1
0;0xc;0x570;Thieves' Hideout Jail 4 - Gerudo's Fortress Jail 4;0x235;Thieves' Hideout Jail 1 Right -> Gerudo's Fortress Jail 1 Right;-1
0;0xc;0x570;Thieves' Hideout Jail 4 - Gerudo's Fortress Jail 4;0x239;Thieves' Hideout Kitchen Bottom -> Gerudo's Fortress Kitchen Bottom;-1
0;0xc;0x570;Thieves' Hideout Jail 4 - Gerudo's Fortress Jail 4;0x2aa;Thieves' Hideout Kitchen Bottom to Top -> Gerudo's Fortress Kitchen Bottom to Top;-1
0;0xc;0x570;Thieves' Hideout Jail 4 - Gerudo's Fortress Jail 4;0x2ba;Thieves' Hideout Jail 3 Bottom -> Gerudo's Fortress Jail 3 Bottom;-1
0;0xc;0x570;Thieves' Hideout Jail 4 - Gerudo's Fortress Jail 4;0x2be;Thieves' Hideout Jail 3 Top -> Gerudo's Fortress Jail 3 Top;-1
0;0xc;0x570;Thieves' Hideout Jail 4 - Gerudo's Fortress Jail 4;0x2c2;Thieves' Hideout Jail 2 Bottom -> Gerudo's Fortress Jail 2 Bottom;-1
0;0xc;0x570;Thieves' Hideout Jail 4 - Gerudo's Fortress Jail 4;0x2c6;Thieves' Hideout Jail 2 Top -> Gerudo's Fortress Jail 2 Top;-1
0;0xc;0x570;Thieves' Hideout Jail 4 - Gerudo's Fortress Jail 4;0x2d2;Thieves' Hideout Kitchen Top Right -> Gerudo's Fortress Kitchen Top Right;-1
0;0xc;0x570;Thieves' Hideout Jail 4 - Gerudo's Fortress Jail 4;0x2d6;Thieves' Hideout Kitchen Top Left -> Gerudo's Fortress Kitchen Top Left;-1
0;0xc;0x570;Thieves' Hideout Jail 4 - Gerudo's Fortress Jail 4;0x2da;Thieves' Hideout Breakout Bottom -> Gerudo's Fortress Breakout Bottom;-1
0;0xc;0x570;Thieves' Hideout Jail 4 - Gerudo's Fortress Jail 4;0x2de;Thieves' Hideout Breakout Top -> Gerudo's Fortress Breakout Top;-1
0;0xc;0x570;Thieves' Hideout Jail 4 - Gerudo's Fortress Jail 4;0x3a4;Thieves' Hideout Jail 4 -> Gerudo's Fortress Jail 4;2.5477
0;0x86;0x578;Din's Fire Fountain - Hyrule Castle;0x340;Din's Fire Fountain -> Hyrule Castle;3.13183
0;0x5c;0x57c;Desert Colossus - Nayru's Love Fountain;0x1011;Desert Colossus -> Silver Boulder Grotto;14.5497
0;0x5c;0x57c;Desert Colossus - Nayru's Love Fountain;0x365;Desert Colossus -> Haunted Wasteland;9.8159
0;0x5c;0x57c;Desert Colossus - Nayru's Love Fountain;0x3f0;Silver Gauntlet -> Spirit Temple;-1
0;0x5c;0x57c;Desert Colossus - Nayru's Love Fountain;0x3f4;Miror Shield -> Spirit Temple;-1
0;0x5c;0x57c;Desert Colossus - Nayru's Love Fountain;0x588;Desert Colossus -> Nayru's Love Fountain;3.10396
0;0x5c;0x57c;Desert Colossus - Nayru's Love Fountain;0x82;Desert Colossus -> Spirit Temple;17.8638
0;0x5c;0x57c;Desert Colossus - Nayru's Love Fountain;0x82;Desert Colossus -> Spirit Temple;87.0336
0;0x89;0x588;Nayru's Love Fountain - Desert Colossus;0x57c;Nayru's Love Fountain -> Desert Colossus;2.72911
0;0x7b;0x598;Tree Grotto Near Kakariko - Hyrule Field;0x111c;Tree Grotto Near Kakariko -> Hyrule Field;2.3346
0;0x76;0x59c;Scrub Grotto - Hyrule Field;0x1117;Scrub Grotto -> Hyrule Field;2.37683
0;0x6b;0x5a0;Redead Grotto - Kakariko;0x111f;Redead Grotto -> Kakariko;2.39309
0;0x7c;0x5a8;Grotto Near Gerudo Valley - Hyrule Field;0x111b;Grotto Near Gerudo Valley -> Hyrule Field;2.33061
0;0x7f;0x5ac;Octorok Grotto - Gerudo Valley;0x1120;Octorok Grotto -> Gerudo Valley;2.32317
0;0x66;0x5b0;Scrub Upgrade Grotto - Lost Woods;0x1116;Scrub Upgrade Grotto -> Lost Woods;2.25564
0;0x69;0x5b4;Wolfos Grotto - Sacred Forest Meadow;0x1119;Wolfos Grotto -> Sacred Forest Meadow;2.46094
0;0x7d;0x5b8;Storms Grotto - Hyrule Castle;0x111e;Storms Grotto -> Hyrule Castle;2.44394
0;0x7a;0x5c0;Tektite Grotto - Hyrule Field;0x111a;Tektite Grotto -> Hyrule Field;2.31796
0;0x68;0x5c4;Deku's Theater - Lost Woods;0x1118;Deku's Theater -> Lost Woods;3.03373
0;0x37;0x5c8;Impa's House Back - Kakariko;0x345;Impa's House -> Kakariko;-1
0;0x37;0x5c8;Impa's House Back - Kakariko;0x5dc;Impa's House Back -> Kakariko;2.76296
0;0x91;0x5d0;Silo - Lon Lon's Ranch;0x5d4;Silo -> Lon Lon's Ranch;2.45245
0;0x63;0x5d4;Lon Lon's Ranch - Silo;0x1012;Lon Lon's Ranch -> Open Grotto;15.0223
0;0x63;0x5d4;Lon Lon's Ranch - Silo;0x1f9;Lon Lon's Ranch -> Hyrule Field;28.14
0;0x63;0x5d4;Lon Lon's Ranch - Silo;0x28a;Jump Middle Fence -> Hyrule Field - Jump Middle Fence;6.37151
0;0x63;0x5d4;Lon Lon's Ranch - Silo;0x28e;Jump Right Fence -> Hyrule Field - Jump Right Fence;6.93088
0;0x63;0x5d4;Lon Lon's Ranch - Silo;0x292;Jump Left Fence -> Hyrule Field - Jump Left Fence;16.1401
0;0x63;0x5d4;Lon Lon's Ranch - Silo;0x2f9;Lon Lon's Ranch -> Stables;25.1861
0;0x63;0x5d4;Lon Lon's Ranch - Silo;0x4f;Lon Lon's Ranch -> Lon Lon's Ranch House;25.3633
0;0x63;0x5d4;Lon Lon's Ranch - Silo;0x5d0;Lon Lon's Ranch -> Silo;3.31328
0;0x52;0x5dc;Kakariko - Impa's House Back;0x1002;Kakariko -> Open Grotto;14.0915
0;0x52;0x5dc;Kakariko - Impa's House Back;0x13d;Kakariko -> Death Mountain Trail;19.6175
0;0x52;0x5dc;Kakariko - Impa's House Back;0x17d;Kakariko -> Hyrule Field;16.683
0;0x52;0x5dc;Kakariko - Impa's House Back;0x2fd;Kakariko -> Carpenter's Boss House;10.5885
0;0x52;0x5dc;Kakariko - Impa's House Back;0x384;Kakariko -> Potion Shop;15.0691
0;0x52;0x5dc;Kakariko - Impa's House Back;0x39c;Kakariko -> Impa's House;12.0043
0;0x52;0x5dc;Kakariko - Impa's House Back;0x3b;Kakariko -> Shooting;9.43767
0;0x52;0x5dc;Kakariko - Impa's House Back;0x3ec;Kakariko Shop Back -> Potion Shop Back;20.292
0;0x52;0x5dc;Kakariko - Impa's House Back;0x453;Kakariko -> Windmill;8.97139
0;0x52;0x5dc;Kakariko - Impa's House Back;0x550;Kakariko -> House of Skulltula;7.25667
0;0x52;0x5dc;Kakariko - Impa's House Back;0x5a0;Kakariko -> Redead Grotto;10.0424
0;0x52;0x5dc;Kakariko - Impa's House Back;0x5c8;Kakariko -> Impa's House Back;2.66417
0;0x52;0x5dc;Kakariko - Impa's House Back;0x72;Kakariko -> Granny Potion Shop;13.5934
0;0x52;0x5dc;Kakariko - Impa's House Back;0x98;Kakariko -> Bottom of the Well;10.7526
0;0x52;0x5dc;Kakariko - Impa's House Back;0xb7;Kakariko -> Bazaar;16.225
0;0x52;0x5dc;Kakariko - Impa's House Back;0xe4;Kakariko -> Graveyard;9.23392
0;0x5b;0x5e0;Lost Woods - Kokiri Forest Bridge;0x1001;Lost Woods -> Boulder Grotto Near Goron City;21.0875
0;0x5b;0x5e0;Lost Woods - Kokiri Forest Bridge;0x185;Lost Woods Bridge -> Hyrule Field;4.07381
0;0x5b;0x5e0;Lost Woods - Kokiri Forest Bridge;0x1dd;Lost Woods -> Zora River;27.4867
0;0x5b;0x5e0;Lost Woods - Kokiri Forest Bridge;0x20d;Lost Woods Bridge -> Kokiri Forest ;2.90542
0;0x5b;0x5e0;Lost Woods - Kokiri Forest Bridge;0x286;Lost Woods -> Kokiri Forest;14.8177
0;0x5b;0x5e0;Lost Woods - Kokiri Forest Bridge;0x4e2;Lost Woods -> Goron City;20.8393
0;0x5b;0x5e0;Lost Woods - Kokiri Forest Bridge;0x5b0;Lost Woods -> Scrub Upgrade Grotto;30.7054
0;0x5b;0x5e0;Lost Woods - Kokiri Forest Bridge;0x5c4;Lost Woods -> Deku's Theater;29.5939
0;0x5b;0x5e0;Lost Woods - Kokiri Forest Bridge;0xfc;Lost Woods -> Sacred Forest Meadow;31.4568
0;0x43;0x5f4;Temple of Time - Warp Song - Prelude of Light;0x2ca;Master Sword -> Temple of Time;10.6236
0;0x43;0x5f4;Temple of Time - Warp Song - Prelude of Light;0x472;Temple of Time -> Temple of Time Entryway;4.66149
0;0x5d;0x5f8;Gerudo's Fortress - Jail - Jail;0x100d;Gerudo's Fortress -> Fairy Fountain Grotto;23.2118
0;0x5d;0x5f8;Gerudo's Fortress - Jail - Jail;0x130;Haunted Wasteland -> Gerudo's Fortress;-1
0;0x5d;0x5f8;Gerudo's Fortress - Jail - Jail;0x130;Gerudo's Fortress -> Haunted Wasteland;-1
0;0x5d;0x5f8;Gerudo's Fortress - Jail - Jail;0x22d;Gerudo's Fortress -> Gerudo Valley;19.2829
0;0x5d;0x5f8;Gerudo's Fortress - Jail - Jail;0x486;Gerudo's Fortress Jail 1 Left -> Thieves' Hideout Jail 1 Left;11.9804
0;0x5d;0x5f8;Gerudo's Fortress - Jail - Jail;0x48a;Gerudo's Fortress Jail 1 Right -> Thieves' Hideout Jail 1 Right;15.2814
0;0x5d;0x5f8;Gerudo's Fortress - Jail - Jail;0x48e;Gerudo's Fortress Kitchen Bottom -> Thieves' Hideout Kitchen Bottom;14.7013
0;0x5d;0x5f8;Gerudo's Fortress - Jail - Jail;0x492;Gerudo's Fortress Kitchen Bottom to Top -> Thieves' Hideout Kitchen Bottom to Top;16.4859
0;0x5d;0x5f8;Gerudo's Fortress - Jail - Jail;0x496;Gerudo's Fortress Jail 3 Bottom -> Thieves' Hideout Jail 3 Bottom;12.8427
0;0x5d;0x5f8;Gerudo's Fortress - Jail - Jail;0x49a;Gerudo's Fortress Jail 3 Top -> Thieves' Hideout Jail 3 Top;19.3125
0;0x5d;0x5f8;Gerudo's Fortress - Jail - Jail;0x49e;Gerudo's Fortress Jail 2 Bottom -> Thieves' Hideout Jail 2 Bottom;19.2278
0;0x5d;0x5f8;Gerudo's Fortress - Jail - Jail;0x4a2;Gerudo's Fortress Jail 2 Top -> Thieves' Hideout Jail 2 Top;21.5542
0;0x5d;0x5f8;Gerudo's Fortress - Jail - Jail;0x4a6;Gerudo's Fortress Kitchen Top Right -> Thieves' Hideout Kitchen Top Right;20.0627
0;0x5d;0x5f8;Gerudo's Fortress - Jail - Jail;0x4aa;Gerudo's Fortress Kitchen Top Left -> Thieves' Hideout Kitchen Top Left;17.6051
0;0x5d;0x5f8;Gerudo's Fortress - Jail - Jail;0x4ae;Gerudo's Fortress Breakout Bottom -> Thieves' Hideout Breakout Bottom;12.4136
0;0x5d;0x5f8;Gerudo's Fortress - Jail - Jail;0x4b2;Gerudo's Fortress Breakout Top -> Thieves' Hideout Breakout Top;-1
0;0x5d;0x5f8;Gerudo's Fortress - Jail - Jail;0x570;Gerudo's Fortress Jail 4 -> Thieves' Hideout Jail 4;17.5351
0;0x5d;0x5f8;Gerudo's Fortress - Jail - Jail;0x5f80;Caught -> Gerudo's Fortress -> Caught;5.70929
0;0x5d;0x5f8;Gerudo's Fortress - Jail - Jail;0x8;Gerudo's Fortress -> Gerudo Training Ground;-1
0;0x6e;0x5fc;Cow Grotto - Death Mountain Trail;0x111d;Cow Grotto -> Death Mountain Trail;2.33686
0;0x56;0x600;Sacred Forest Meadow - Warp Song - Minuet of Forest;0x1009;Sacred Forest Meadow -> Fairy Fountain Grotto;15.0852
0;0x56;0x600;Sacred Forest Meadow - Warp Song - Minuet of Forest;0x100e;Sacred Forest Meadow -> Storms Grotto;12.6639
0;0x56;0x600;Sacred Forest Meadow - Warp Song - Minuet of Forest;0x169;Sacred Forest Meadow -> Forest Temple;9.81944
0;0x56;0x600;Sacred Forest Meadow - Warp Song - Minuet of Forest;0x1a9;Sacred Forest Meadow -> Lost Woods;26.1941
0;0x56;0x600;Sacred Forest Meadow - Warp Song - Minuet of Forest;0x5b4;Sacred Forest Meadow -> Wolfos Grotto;25.6376
0;0x57;0x604;Lake Hylia - Warp Song - Serenade of Water;0x10;Lake Hylia -> Water Temple;23.9827
0;0x57;0x604;Lake Hylia - Warp Song - Serenade of Water;0x1015;Lake Hylia -> Under Tomb Grotto;24.3584
0;0x57;0x604;Lake Hylia - Warp Song - Serenade of Water;0x189;Lake Hylia -> Hyrule Field;33.1549
0;0x57;0x604;Lake Hylia - Warp Song - Serenade of Water;0x27e;Owl Drop -> Hyrule Field - Owl Drop;16.9681
0;0x57;0x604;Lake Hylia - Warp Song - Serenade of Water;0x328;Lake Hylia's Shortcut -> Zora Domain;36.1584
0;0x57;0x604;Lake Hylia - Warp Song - Serenade of Water;0x43;Lake Hylia -> Laboratory;25.4718
0;0x57;0x604;Lake Hylia - Warp Song - Serenade of Water;0x45f;Lake Hylia -> Fishing Pond;36.6832
0;0x57;0x604;Lake Hylia - Warp Song - Serenade of Water;0xfff02;Serenade of Water -> Serenade of Water;25.9153
0;0x10;0x63;Treasure Game - Market;0x1d5;Treasure Game -> Market;2.50517
0;0x95;0x67;Back Alley - Alley House;0x262;Back Alley Shooting Side -> Market Shooting Side;3.85892
0;0x95;0x67;Back Alley - Alley House;0x29e;Back Alley Treasure Game Side -> Market Treasure Game Side;9.95864
0;0x95;0x67;Back Alley - Alley House;0x398;Back Alley -> Dog Lady's House;9.74644
0;0x95;0x67;Back Alley - Alley House;0x43b;Back Alley -> Alley House;4.42091
0;0x95;0x67;Back Alley - Alley House;0x528;Back Alley -> Bombchu Shop;10.7645
0;0x4e;0x72;Granny Potion Shop - Kakariko;0x34d;Granny Potion Shop -> Kakariko;2.34406
0;0x4d;0x7e;Pot House - Market Entrance;0x26e;Pot House -> Market Entrance;2.39621
0;0xb;0x8;Gerudo Training Ground - Gerudo's Fortress;0x3a8;Gerudo Training Ground -> Gerudo's Fortress;1.55665
0;0xb;0x8;Gerudo Training Ground - Gerudo's Fortress;0xf1a;Gerudo Training Ground -> Wallmaster;24.5893
0;0x6;0x82;Spirit Temple - Desert Colossus;0x1e1;Spirit Temple -> Desert Colossus;2.47276
0;0x6;0x82;Spirit Temple - Desert Colossus;0x1e5;Silver Gauntlet -> Desert Colossus;99.0997
0;0x6;0x82;Spirit Temple - Desert Colossus;0x1e9;Miror Shield -> Desert Colossus;100.877
0;0x6;0x82;Spirit Temple - Desert Colossus;0x8d;Spirit Temple -> Twinrova's Lair - Spirit Temple;79.64
0;0x6;0x82;Spirit Temple - Desert Colossus;0xf13;Spirit Temple -> Wallmaster - Child Rupees;28.7473
0;0x6;0x82;Spirit Temple - Desert Colossus;0xf14;Spirit Temple -> Wallmaster - Adult Climb;38.2603
0;0x6;0x82;Spirit Temple - Desert Colossus;0xf15;Spirit Temple -> Wallmaster - Child Sun;67.526
0;0x6;0x82;Spirit Temple - Desert Colossus;0xf16;Spirit Temple -> Wallmaster - Statue Room;32.4006
0;0x9;0x88;Ice Cavern - Zora Fountain;0x3d4;Ice Cavern -> Zora Fountain;2.4515
0;0x17;0x8d;Twinrova's Lair - Spirit Temple - Spirit Temple;0x2a200;Warp Boss -> Twinrova's Lair -> Warp Boss;20.531
0;0x8;0x98;Bottom of the Well - Kakariko;0x2a6;Bottom of the Well -> Kakariko;3.44852
0;0x8;0x98;Bottom of the Well - Kakariko;0xf17;Bottom of the Well -> Wallmaster - Main;30.925
0;0x8;0x98;Bottom of the Well - Kakariko;0xf18;Bottom of the Well -> Wallmaster - Basement;37.4822
0;0x8;0x98;Bottom of the Well - Kakariko;0xf19;Bottom of the Well -> Wallmaster - Pit;50.906
0;0x27;0x9c;Twin's House - Kokiri Forest;0x33c;Twin's House -> Kokiri Forest;2.21075
0;0x95;0xad;Back Alley Shooting Side - Market Shooting Side;0x262;Back Alley Shooting Side -> Market Shooting Side;3.13924
0;0x95;0xad;Back Alley Shooting Side - Market Shooting Side;0x29e;Back Alley Treasure Game Side -> Market Treasure Game Side;10.8622
0;0x95;0xad;Back Alley Shooting Side - Market Shooting Side;0x398;Back Alley -> Dog Lady's House;10.913
0;0x95;0xad;Back Alley Shooting Side - Market Shooting Side;0x43b;Back Alley -> Alley House;3.6455
0;0x95;0xad;Back Alley Shooting Side - Market Shooting Side;0x528;Back Alley -> Bombchu Shop;10.6919
0;0x98;0xb1;Market - Market Entrance;0x138;Market -> Hyrule Castle;8.53033
0;0x98;0xb1;Market - Market Entrance;0x1381;Market -> Ganon Castle Exterior;7.09584
0;0x98;0xb1;Market - Market Entrance;0x16d;Market -> Shooting;7.52798
0;0x98;0xb1;Market - Market Entrance;0x171;Market -> Temple of Time Entryway;6.69047
0;0x98;0xb1;Market - Market Entrance;0x29a;Market Treasure Game Side -> Back Alley Treasure Game Side;4.97371
0;0x98;0xb1;Market - Market Entrance;0x33;Market -> Market Entrance;2.95524
0;0x98;0xb1;Market - Market Entrance;0x388;Market -> Potion Shop;6.89868
0;0x98;0xb1;Market - Market Entrance;0x507;Market -> Bombchu Bowling;7.51044
0;0x98;0xb1;Market - Market Entrance;0x52c;Market -> Bazaar;6.5288
0;0x98;0xb1;Market - Market Entrance;0x530;Market -> Mask Shop;7.76311
0;0x98;0xb1;Market - Market Entrance;0x63;Market -> Treasure Game;4.87788
0;0x98;0xb1;Market - Market Entrance;0x63;Market -> Treasure Game;4.50084
0;0x98;0xb1;Market - Market Entrance;0xad;Market Shooting Side -> Back Alley Shooting Side;6.88436
0;0x8d;0xb7;Bazaar - Kakariko;0x201;Bazaar -> Kakariko;2.69951
0;0x14;0xc;Phantom Ganon's Lair - Forest Temple - Forest Temple;0x26200;Warp Boss -> Phantom Ganon's Lair -> Warp Boss;6.67526
0;0x2d;0xc1;Kokiri Shop - Kokiri Forest;0x266;Kokiri Shop -> Kokiri Forest;2.05125
0;0x26;0xc9;Know-It-All Brothers - Kokiri Forest;0x26a;Know-It-All Brothers -> Kokiri Forest;2.192
0;0x52;0xdb;Kakariko - Hyrule Field;0x1002;Kakariko -> Open Grotto;26.0742
0;0x52;0xdb;Kakariko - Hyrule Field;0x13d;Kakariko -> Death Mountain Trail;20.3223
0;0x52;0xdb;Kakariko - Hyrule Field;0x17d;Kakariko -> Hyrule Field;3.43293
0;0x52;0xdb;Kakariko - Hyrule Field;0x2fd;Kakariko -> Carpenter's Boss House;11.6329
0;0x52;0xdb;Kakariko - Hyrule Field;0x384;Kakariko -> Potion Shop;16.4554
0;0x52;0xdb;Kakariko - Hyrule Field;0x39c;Kakariko -> Impa's House;13.704
0;0x52;0xdb;Kakariko - Hyrule Field;0x3b;Kakariko -> Shooting;14.6942
0;0x52;0xdb;Kakariko - Hyrule Field;0x3ec;Kakariko Shop Back -> Potion Shop Back;32.6338
0;0x52;0xdb;Kakariko - Hyrule Field;0x453;Kakariko -> Windmill;19.4597
0;0x52;0xdb;Kakariko - Hyrule Field;0x550;Kakariko -> House of Skulltula;13.8472
0;0x52;0xdb;Kakariko - Hyrule Field;0x5a0;Kakariko -> Redead Grotto;14.6011
0;0x52;0xdb;Kakariko - Hyrule Field;0x5c8;Kakariko -> Impa's House Back;23.7821
0;0x52;0xdb;Kakariko - Hyrule Field;0x72;Kakariko -> Granny Potion Shop;23.9682
0;0x52;0xdb;Kakariko - Hyrule Field;0x98;Kakariko -> Bottom of the Well;16.5583
0;0x52;0xdb;Kakariko - Hyrule Field;0xb7;Kakariko -> Bazaar;16.3366
0;0x52;0xdb;Kakariko - Hyrule Field;0xe4;Kakariko -> Graveyard;19.8662
0;0x53;0xe4;Graveyard - Kakariko;0x195;Graveyard -> Kakariko;2.90089
0;0x53;0xe4;Graveyard - Kakariko;0x2d;Graveyard -> Royal Family Tomb;11.7907
0;0x53;0xe4;Graveyard - Kakariko;0x30d;Graveyard -> Dampe's House;5.42049
0;0x53;0xe4;Graveyard - Kakariko;0x31c;Graveyard -> Redead Tomb;15.8219
0;0x53;0xe4;Graveyard - Kakariko;0x37;Graveyard -> Shadow Temple;-1
0;0x53;0xe4;Graveyard - Kakariko;0x44f;Graveyard -> Dampe's Tomb;12.3945
0;0x53;0xe4;Graveyard - Kakariko;0x4b;Graveyard -> Fairy Fountain Tomb;11.0252
0;0x54;0xea;Zora River - Hyrule Field;0x1005;Zora River -> Open Grotto;40.5885
0;0x54;0xea;Zora River - Hyrule Field;0x100b;Zora River -> Fairy Fountain Grotto;45.572
0;0x54;0xea;Zora River - Hyrule Field;0x100f;Zora River -> Storms Grotto;17.065
0;0x54;0xea;Zora River - Hyrule Field;0x108;Zora River -> Zora Domain;65.9764
0;0x54;0xea;Zora River - Hyrule Field;0x181;Zora River -> Hyrule Field;3.38689
0;0x54;0xea;Zora River - Hyrule Field;0x311;Zora River Water -> Hyrule Field;2.95034
0;0x54;0xea;Zora River - Hyrule Field;0x4da;Zora River -> Lost Woods;51.236
0;0x64;0xf00;Ganon Castle Exterior - Defense Upgrade Fountain;0x25a1;Ganon Castle Exterior -> Market;18.4454
0;0x64;0xf00;Ganon Castle Exterior - Defense Upgrade Fountain;0x467;Ganon Castle Exterior -> Inside Ganon Castle;15.6525
0;0x64;0xf00;Ganon Castle Exterior - Defense Upgrade Fountain;0x4c2;Ganon Castle Exterior -> Defense Upgrade Fountain;2.70098
0;0x56;0xfc;Sacred Forest Meadow - Lost Woods;0x1009;Sacred Forest Meadow -> Fairy Fountain Grotto;12.3069
0;0x56;0xfc;Sacred Forest Meadow - Lost Woods;0x100e;Sacred Forest Meadow -> Storms Grotto;31.6286
0;0x56;0xfc;Sacred Forest Meadow - Lost Woods;0x169;Sacred Forest Meadow -> Forest Temple;31.4313
0;0x56;0xfc;Sacred Forest Meadow - Lost Woods;0x1a9;Sacred Forest Meadow -> Lost Woods;5.40241
0;0x56;0xfc;Sacred Forest Meadow - Lost Woods;0x5b4;Sacred Forest Meadow -> Wolfos Grotto;4.12103
